Customer_ID,Last_Order,Frequency,Monetary,Recency,R_Score,F_Score,M_Score,RFM_Score,Segment,Customer_Name,Gender,Age,Region,Customer_Type
CUST00001,2024-12-12,15,598100.0,19,4,5,4,13,Champions,Vihaan Sharma,Male,57,North,Returning
CUST00002,2024-11-24,8,177648.0,37,4,2,2,8,At Risk,Pooja Joshi,Female,24,North,New
CUST00003,2023-11-13,4,228946.0,414,1,1,2,4,Hibernating,Ishita Kumar,Female,49,North,Returning
CUST00004,2024-12-12,15,623418.0,19,4,5,4,13,Champions,Anika Shah,Female,36,West,Returning
CUST00005,2024-10-23,7,24023.0,69,3,1,1,5,Hibernating,Aditya Agarwal,Male,23,South,Returning
CUST00006,2024-11-18,11,454395.0,43,3,3,4,10,Loyal Customers,Ramesh Verma,Male,37,East,Returning
CUST00007,2024-11-03,13,232830.5,58,3,4,2,9,At Risk,Aarav Patel,Male,44,North,New
CUST00008,2024-11-26,14,190201.0,35,4,5,2,11,Loyal Customers,Mahi Joshi,Female,60,West,Returning
CUST00009,2024-10-02,9,199145.0,90,2,2,2,6,Hibernating,Sonal Jain,Female,54,Central,Returning
CUST00010,2024-08-30,8,161538.0,123,2,2,1,5,Hibernating,Aadhya Shah,Female,24,West,New
CUST00011,2024-12-23,11,996441.0,8,5,3,5,13,Champions,Reyansh Shah,Male,22,South,Returning
CUST00012,2024-05-24,14,213409.0,221,1,5,2,8,At Risk,Kavya Joshi,Female,28,South,Returning
CUST00013,2024-11-03,10,105977.0,58,3,3,1,7,At Risk,Lakshmi Agarwal,Female,32,East,Returning
CUST00014,2024-08-01,10,433129.0,152,1,3,4,8,At Risk,Krishna Sharma,Male,20,South,Returning
CUST00015,2024-12-19,9,307115.0,12,5,2,3,10,Loyal Customers,Sai Mishra,Male,22,North,New
CUST00016,2024-06-25,11,243037.0,189,1,3,2,6,Hibernating,Rohit Nair,Male,40,North,Returning
CUST00017,2024-12-30,14,1294850.0,1,5,5,5,15,Champions,Arjun Mehta,Male,54,West,New
CUST00018,2024-12-29,12,348943.0,2,5,4,3,12,Loyal Customers,Rohit Singh,Male,26,East,New
CUST00019,2024-11-20,10,430314.5,41,3,3,3,9,At Risk,Aditya Yadav,Male,32,Central,Returning
CUST00020,2023-11-27,7,495858.0,400,1,1,4,6,Hibernating,Vihaan Pillai,Male,20,East,Returning
CUST00021,2024-11-21,11,315415.0,40,3,3,3,9,At Risk,Sneha Jain,Female,46,North,Returning
CUST00022,2024-12-18,8,280271.5,13,5,2,2,9,At Risk,Krishna Verma,Male,23,Central,New
CUST00023,2024-12-28,14,111683.0,3,5,5,1,11,Loyal Customers,Kiran Shah,Male,34,North,Returning
CUST00024,2024-11-27,11,438102.0,34,4,3,4,11,Loyal Customers,Vihaan Yadav,Male,43,South,Returning
CUST00025,2024-12-08,9,364853.0,23,4,2,3,9,At Risk,Aditya Shah,Male,38,West,Returning
CUST00026,2024-10-12,9,435264.0,80,2,2,4,8,At Risk,Riya Jain,Female,25,North,Returning
CUST00027,2024-12-21,13,891348.5,10,5,4,5,14,Champions,Amit Agarwal,Male,38,South,Returning
CUST00028,2024-12-02,18,1840982.0,29,4,5,5,14,Champions,Reyansh Patel,Male,28,East,Returning
CUST00029,2024-12-19,9,256013.5,12,5,2,2,9,At Risk,Ananya Joshi,Female,55,North,New
CUST00030,2024-12-18,14,743870.0,13,5,5,5,15,Champions,Ishaan Patel,Male,25,South,New
CUST00031,2024-12-12,5,83700.0,19,4,1,1,6,Hibernating,Ishita Singh,Female,59,West,Returning
CUST00032,2024-12-24,11,85905.0,7,5,3,1,9,At Risk,Suresh Nair,Male,41,South,Returning
CUST00033,2024-12-24,8,234026.0,7,5,2,2,9,At Risk,Kiran Pillai,Male,52,West,New
CUST00034,2024-05-20,7,357741.0,225,1,1,3,5,Hibernating,Diya Pillai,Female,31,South,Returning
CUST00035,2024-11-10,11,914147.0,51,3,3,5,11,Loyal Customers,Sneha Mehta,Female,31,Central,Returning
CUST00036,2024-12-29,9,271974.0,2,5,2,2,9,At Risk,Pooja Patel,Female,27,South,Returning
CUST00037,2024-11-27,7,425899.0,34,4,1,3,8,At Risk,Manish Gupta,Male,29,Central,New
CUST00038,2024-10-27,9,119506.0,65,3,2,1,6,Hibernating,Prateek Joshi,Male,55,East,Returning
CUST00039,2024-12-18,7,63165.5,13,5,1,1,7,At Risk,Diya Chatterjee,Female,61,South,Returning
CUST00040,2024-09-26,5,83340.0,96,2,1,1,4,Hibernating,Suresh Nair,Male,63,North,New
CUST00041,2024-03-26,8,786015.0,280,1,2,5,8,At Risk,Prateek Joshi,Male,51,North,New
CUST00042,2024-10-30,8,193404.5,62,3,2,2,7,At Risk,Rohit Verma,Male,58,West,Returning
CUST00043,2023-12-14,5,186060.0,383,1,1,2,4,Hibernating,Ayaan Verma,Male,27,East,Returning
CUST00044,2024-11-26,7,49730.0,35,4,1,1,6,Hibernating,Priya Yadav,Female,34,East,Returning
CUST00045,2024-01-31,9,118360.0,335,1,2,1,4,Hibernating,Krishna Patel,Male,34,West,Returning
CUST00046,2024-12-15,9,285224.0,16,5,2,2,9,At Risk,Mahi Agarwal,Female,20,South,New
CUST00047,2024-12-13,13,461465.0,18,4,4,4,12,Loyal Customers,Rohit Mehta,Male,48,South,Returning
CUST00048,2024-12-26,12,313609.0,5,5,4,3,12,Loyal Customers,Nikhil Yadav,Male,18,Central,New
CUST00049,2024-12-11,9,307732.0,20,4,2,3,9,At Risk,Kiran Kumar,Male,29,South,New
CUST00050,2024-10-04,6,287812.0,88,2,1,2,5,Hibernating,Krishna Kumar,Male,56,South,New
CUST00051,2024-10-05,11,239944.0,87,2,3,2,7,At Risk,Ishita Shah,Female,21,East,New
CUST00052,2024-12-07,11,306206.0,24,4,3,3,10,Loyal Customers,Meera Nair,Female,59,North,Returning
CUST00053,2024-12-05,12,493058.0,26,4,4,4,12,Loyal Customers,Divya Mishra,Female,30,East,Returning
CUST00054,2024-10-25,11,271550.0,67,3,3,2,8,At Risk,Divya Yadav,Female,51,East,Returning
CUST00055,2024-10-25,12,741905.0,67,3,4,5,12,Loyal Customers,Sneha Joshi,Female,59,South,Returning
CUST00056,2024-11-21,8,280907.0,40,3,2,2,7,At Risk,Navya Das,Female,38,East,Returning
CUST00057,2024-12-16,7,121412.0,15,5,1,1,7,At Risk,Nikhil Patel,Male,39,East,Returning
CUST00058,2024-10-26,7,124935.0,66,3,1,1,5,Hibernating,Vivaan Singh,Male,21,North,Returning
CUST00059,2024-12-10,13,417555.5,21,4,4,3,11,Loyal Customers,Arjun Gupta,Male,35,East,Returning
CUST00060,2024-10-05,10,380280.0,87,2,3,3,8,At Risk,Ramesh Jain,Male,22,East,New
CUST00061,2024-11-08,9,445642.5,53,3,2,4,9,At Risk,Aditya Yadav,Male,36,North,New
CUST00062,2024-10-28,11,323127.0,64,3,3,3,9,At Risk,Suresh Jain,Male,19,East,New
CUST00063,2024-12-03,9,439478.0,28,4,2,4,10,Loyal Customers,Lakshmi Das,Female,29,Central,Returning
CUST00064,2024-09-29,10,345209.0,93,2,3,3,8,At Risk,Krishna Shah,Male,34,East,Returning
CUST00065,2024-11-18,7,54693.0,43,3,1,1,5,Hibernating,Aarav Singh,Male,27,West,New
CUST00066,2023-12-01,11,644549.0,396,1,3,5,9,At Risk,Prateek Nair,Male,51,West,New
CUST00067,2024-10-17,9,174998.5,75,2,2,2,6,Hibernating,Rohit Singh,Male,23,South,New
CUST00068,2024-12-11,9,747639.0,20,4,2,5,11,Loyal Customers,Riya Mishra,Female,25,South,Returning
CUST00069,2024-09-03,9,725763.0,119,2,2,5,9,At Risk,Sai Chatterjee,Male,28,Central,New
CUST00070,2024-12-28,13,175691.0,3,5,4,2,11,Loyal Customers,Aadhya Nair,Female,29,Central,New
CUST00071,2024-10-04,12,200970.5,88,2,4,2,8,At Risk,Sonal Gupta,Female,26,East,New
CUST00072,2024-01-01,9,299160.0,365,1,2,3,6,Hibernating,Rahul Singh,Male,19,Central,Returning
CUST00073,2024-12-07,14,605679.0,24,4,5,4,13,Champions,Ishaan Das,Male,25,Central,Returning
CUST00074,2024-10-03,10,1057399.5,89,2,3,5,10,Loyal Customers,Simran Mehta,Female,28,North,Returning
CUST00075,2024-07-05,4,26740.0,179,1,1,1,3,Lost,Navya Pillai,Female,53,Central,New
CUST00076,2024-12-04,7,272438.5,27,4,1,2,7,At Risk,Diya Shah,Female,27,North,Returning
CUST00077,2024-05-13,11,413935.0,232,1,3,3,7,At Risk,Sonal Sharma,Female,38,East,New
CUST00078,2024-10-20,5,263521.5,72,2,1,2,5,Hibernating,Manish Reddy,Male,37,South,New
CUST00079,2024-06-25,6,19536.0,189,1,1,1,3,Lost,Nikhil Sharma,Male,25,West,Returning
CUST00080,2024-12-24,9,224054.0,7,5,2,2,9,At Risk,Vihaan Pillai,Male,53,South,New
CUST00081,2024-09-24,9,158584.5,98,2,2,1,5,Hibernating,Riya Joshi,Female,46,South,Returning
CUST00082,2024-11-04,13,252738.0,57,3,4,2,9,At Risk,Ananya Joshi,Female,59,East,New
CUST00083,2024-10-21,15,885685.0,71,2,5,5,12,Loyal Customers,Deepak Patel,Male,29,West,New
CUST00084,2024-11-30,11,541584.0,31,4,3,4,11,Loyal Customers,Aditya Bose,Male,31,West,Returning
CUST00085,2024-11-09,11,296258.0,52,3,3,3,9,At Risk,Aditya Shah,Male,38,East,Returning
CUST00086,2024-12-04,10,587829.0,27,4,3,4,11,Loyal Customers,Arjun Kumar,Male,39,West,Returning
CUST00087,2024-08-25,7,340168.0,128,2,1,3,6,Hibernating,Nisha Shah,Female,38,West,Returning
CUST00088,2024-12-04,12,67773.0,27,4,4,1,9,At Risk,Diya Nair,Female,61,North,Returning
CUST00089,2024-12-04,10,488458.0,27,4,3,4,11,Loyal Customers,Sonal Jain,Female,47,East,Returning
CUST00090,2024-11-01,10,266440.0,60,3,3,2,8,At Risk,Ramesh Mehta,Male,56,East,Returning
CUST00091,2024-11-14,7,306681.5,47,3,1,3,7,At Risk,Prateek Mehta,Male,37,West,New
CUST00092,2024-10-31,16,449721.0,61,3,5,4,12,Loyal Customers,Riya Yadav,Female,41,North,New
CUST00093,2024-11-19,8,40760.0,42,3,2,1,6,Hibernating,Sneha Chatterjee,Female,40,West,Returning
CUST00094,2024-12-02,9,295782.0,29,4,2,3,9,At Risk,Sonal Chatterjee,Female,24,North,New
CUST00095,2024-12-30,5,217688.0,1,5,1,2,8,At Risk,Anika Joshi,Female,26,South,New
CUST00096,2024-11-05,7,450968.0,56,3,1,4,8,At Risk,Ayaan Patel,Male,18,East,New
CUST00097,2024-11-29,9,538000.0,32,4,2,4,10,Loyal Customers,Rohit Sharma,Male,43,East,New
CUST00098,2024-11-30,9,230283.0,31,4,2,2,8,At Risk,Deepak Shah,Male,55,South,New
CUST00099,2024-11-30,13,544486.0,31,4,4,4,12,Loyal Customers,Ayaan Agarwal,Male,55,West,New
CUST00100,2024-10-10,11,672287.0,82,2,3,5,10,Loyal Customers,Ayaan Sharma,Male,61,South,New
CUST00101,2024-06-18,13,228928.0,196,1,4,2,7,At Risk,Aditya Verma,Male,39,South,New
CUST00102,2024-09-02,11,781364.5,120,2,3,5,10,Loyal Customers,Ishita Patel,Female,61,Central,Returning
CUST00103,2024-11-15,9,173028.0,46,3,2,2,7,At Risk,Vivaan Reddy,Male,27,West,New
CUST00104,2024-06-27,9,90295.0,187,1,2,1,4,Hibernating,Aditya Das,Male,23,North,Returning
CUST00105,2024-08-20,9,668212.0,133,2,2,5,9,At Risk,Ishita Nair,Female,34,Central,Returning
CUST00106,2024-12-28,9,123238.0,3,5,2,1,8,At Risk,Nikhil Mehta,Male,55,West,Returning
CUST00107,2024-06-21,13,521752.0,193,1,4,4,9,At Risk,Prateek Kumar,Male,41,North,Returning
CUST00108,2024-12-14,9,326782.0,17,5,2,3,10,Loyal Customers,Divya Agarwal,Female,27,East,New
CUST00109,2024-12-01,9,282492.0,30,4,2,2,8,At Risk,Nikhil Joshi,Male,25,West,New
CUST00110,2024-11-13,12,949274.0,48,3,4,5,12,Loyal Customers,Nikhil Mishra,Male,38,South,Returning
CUST00111,2024-12-02,10,480076.0,29,4,3,4,11,Loyal Customers,Reyansh Singh,Male,23,South,New
CUST00112,2024-12-24,15,1127053.0,7,5,5,5,15,Champions,Vihaan Mishra,Male,38,South,Returning
CUST00113,2024-12-01,10,257512.5,30,4,3,2,9,At Risk,Sneha Mishra,Female,56,Central,Returning
CUST00114,2024-11-14,9,392023.0,47,3,2,3,8,At Risk,Kavya Chatterjee,Female,41,East,New
CUST00115,2024-12-05,5,317534.0,26,4,1,3,8,At Risk,Ananya Singh,Female,50,North,Returning
CUST00116,2024-02-11,5,293538.5,324,1,1,3,5,Hibernating,Ananya Yadav,Female,35,South,Returning
CUST00117,2024-11-15,10,77198.5,46,3,3,1,7,At Risk,Priya Singh,Female,45,South,New
CUST00118,2024-12-09,13,479230.0,22,4,4,4,12,Loyal Customers,Ayaan Mehta,Male,49,North,New
CUST00119,2023-09-16,11,550366.5,472,1,3,4,8,At Risk,Mahi Shah,Female,29,North,Returning
CUST00120,2024-12-04,8,414615.0,27,4,2,3,9,At Risk,Kiran Kumar,Male,59,South,Returning
CUST00121,2024-10-06,17,510826.0,86,2,5,4,11,Loyal Customers,Kavya Gupta,Female,44,North,New
CUST00122,2024-12-30,14,366976.5,1,5,5,3,13,Champions,Pooja Chatterjee,Female,27,South,New
CUST00123,2024-12-01,9,460388.0,30,4,2,4,10,Loyal Customers,Ayaan Patel,Male,63,East,Returning
CUST00124,2024-11-12,11,878602.0,49,3,3,5,11,Loyal Customers,Kiran Shah,Male,59,Central,Returning
CUST00125,2024-07-24,8,563479.0,160,1,2,4,7,At Risk,Vihaan Verma,Male,49,South,Returning
CUST00126,2024-12-13,10,184924.0,18,4,3,2,9,At Risk,Prateek Sharma,Male,59,North,Returning
CUST00127,2024-10-12,10,327235.0,80,2,3,3,8,At Risk,Pari Joshi,Female,43,West,New
CUST00128,2023-09-04,7,243626.0,484,1,1,2,4,Hibernating,Diya Mishra,Female,42,South,Returning
CUST00129,2024-10-14,6,224564.0,78,2,1,2,5,Hibernating,Nikhil Bose,Male,28,East,Returning
CUST00130,2023-12-02,8,614816.0,395,1,2,4,7,At Risk,Reyansh Yadav,Male,40,South,Returning
CUST00131,2024-11-16,10,385784.0,45,3,3,3,9,At Risk,Vivaan Gupta,Male,51,West,New
CUST00132,2024-08-30,15,676105.0,123,2,5,5,12,Loyal Customers,Suresh Sharma,Male,57,North,New
CUST00133,2024-11-22,8,667552.0,39,3,2,5,10,Loyal Customers,Suresh Nair,Male,40,West,Returning
CUST00134,2024-11-03,14,578704.0,58,3,5,4,12,Loyal Customers,Kiran Iyer,Male,46,North,New
CUST00135,2024-12-28,10,517019.0,3,5,3,4,12,Loyal Customers,Kavya Shah,Female,48,North,Returning
CUST00136,2024-12-14,12,565034.0,17,5,4,4,13,Champions,Nikhil Kumar,Male,24,Central,New
CUST00137,2024-07-23,9,69043.5,161,1,2,1,4,Hibernating,Reyansh Iyer,Male,57,West,New
CUST00138,2024-12-28,11,902827.5,3,5,3,5,13,Champions,Mahi Verma,Female,50,North,New
CUST00139,2024-12-08,13,939268.0,23,4,4,5,13,Champions,Deepak Shah,Male,38,North,Returning
CUST00140,2024-08-28,10,532693.0,125,2,3,4,9,At Risk,Ananya Reddy,Female,19,North,Returning
CUST00141,2024-11-18,9,455876.5,43,3,2,4,9,At Risk,Ananya Verma,Female,35,South,Returning
CUST00142,2024-11-05,9,489653.0,56,3,2,4,9,At Risk,Deepak Bose,Male,64,North,Returning
CUST00143,2024-12-20,11,219058.0,11,5,3,2,10,Loyal Customers,Rahul Das,Male,50,South,New
CUST00144,2024-11-10,9,247245.0,51,3,2,2,7,At Risk,Sai Verma,Male,54,West,New
CUST00145,2024-10-08,9,414449.0,84,2,2,3,7,At Risk,Rahul Patel,Male,51,East,Returning
CUST00146,2024-11-13,9,647926.0,48,3,2,5,10,Loyal Customers,Sai Patel,Male,37,West,Returning
CUST00147,2024-12-25,8,515498.0,6,5,2,4,11,Loyal Customers,Simran Patel,Female,52,East,Returning
CUST00148,2024-02-22,6,395244.0,313,1,1,3,5,Hibernating,Ayaan Yadav,Male,35,South,Returning
CUST00149,2024-11-22,10,478879.0,39,3,3,4,10,Loyal Customers,Vihaan Agarwal,Male,63,West,New
CUST00150,2024-12-31,5,60720.0,0,5,1,1,7,At Risk,Ayaan Agarwal,Male,41,North,New
CUST00151,2024-11-20,11,58681.0,41,3,3,1,7,At Risk,Simran Verma,Female,25,East,Returning
CUST00152,2024-07-26,11,218900.0,158,1,3,2,6,Hibernating,Manish Patel,Male,47,West,New
CUST00153,2024-01-24,7,204912.0,342,1,1,2,4,Hibernating,Ramesh Agarwal,Male,61,West,New
CUST00154,2024-12-23,14,210971.5,8,5,5,2,12,Loyal Customers,Deepak Das,Male,27,Central,Returning
CUST00155,2024-10-11,10,531738.0,81,2,3,4,9,At Risk,Priya Nair,Female,40,East,New
CUST00156,2024-12-21,13,508093.0,10,5,4,4,13,Champions,Reyansh Reddy,Male,28,West,Returning
CUST00157,2024-05-07,7,185194.5,238,1,1,2,4,Hibernating,Ishita Nair,Female,19,West,New
CUST00158,2024-12-06,8,516561.0,25,4,2,4,10,Loyal Customers,Anjali Kumar,Female,43,East,Returning
CUST00159,2024-12-30,11,365643.0,1,5,3,3,11,Loyal Customers,Ishaan Chatterjee,Male,53,South,Returning
CUST00160,2024-05-26,7,41636.5,219,1,1,1,3,Lost,Priya Patel,Female,50,Central,Returning
CUST00161,2024-11-21,14,317342.0,40,3,5,3,11,Loyal Customers,Aarav Chatterjee,Male,64,North,Returning
CUST00162,2024-12-20,11,523166.0,11,5,3,4,12,Loyal Customers,Simran Agarwal,Female,30,South,New
CUST00163,2024-11-12,9,476100.5,49,3,2,4,9,At Risk,Anika Patel,Female,57,North,Returning
CUST00164,2024-12-30,8,395759.5,1,5,2,3,10,Loyal Customers,Prateek Mehta,Male,42,North,Returning
CUST00165,2024-08-30,15,655226.0,123,2,5,5,12,Loyal Customers,Rahul Nair,Male,21,South,Returning
CUST00166,2024-12-13,11,228244.0,18,4,3,2,9,At Risk,Navya Pillai,Female,59,East,New
CUST00167,2024-12-27,13,385237.5,4,5,4,3,12,Loyal Customers,Aditya Joshi,Male,36,Central,New
CUST00168,2024-08-10,14,706020.0,143,2,5,5,12,Loyal Customers,Amit Iyer,Male,35,West,New
CUST00169,2024-10-18,15,762525.0,74,2,5,5,12,Loyal Customers,Sai Chatterjee,Male,54,East,Returning
CUST00170,2024-12-12,8,37038.5,19,4,2,1,7,At Risk,Meera Iyer,Female,47,North,New
CUST00171,2024-12-24,13,216210.0,7,5,4,2,11,Loyal Customers,Simran Das,Female,36,West,Returning
CUST00172,2024-10-21,10,153877.5,71,2,3,1,6,Hibernating,Aarav Shah,Male,40,East,Returning
CUST00173,2024-12-31,6,440384.0,0,5,1,4,10,Loyal Customers,Ishaan Singh,Male,33,North,Returning
CUST00174,2024-12-22,10,106060.5,9,5,3,1,9,At Risk,Arjun Nair,Male,18,South,Returning
CUST00175,2023-10-17,7,52694.0,441,1,1,1,3,Lost,Anika Singh,Female,29,West,New
CUST00176,2024-11-17,11,588231.0,44,3,3,4,10,Loyal Customers,Prateek Kumar,Male,41,South,Returning
CUST00177,2024-10-18,5,194388.0,74,2,1,2,5,Hibernating,Pooja Iyer,Female,51,West,Returning
CUST00178,2024-12-12,11,406985.0,19,4,3,3,10,Loyal Customers,Manish Mehta,Male,25,West,Returning
CUST00179,2024-11-29,14,241558.0,32,4,5,2,11,Loyal Customers,Priya Mehta,Female,35,North,Returning
CUST00180,2024-11-01,11,699292.0,60,3,3,5,11,Loyal Customers,Krishna Das,Male,22,North,New
CUST00181,2024-11-16,10,92876.0,45,3,3,1,7,At Risk,Nikhil Nair,Male,43,North,New
CUST00182,2024-04-23,8,436335.0,252,1,2,4,7,At Risk,Vivaan Patel,Male,47,Central,Returning
CUST00183,2024-12-31,13,360160.0,0,5,4,3,12,Loyal Customers,Kavya Nair,Female,30,South,Returning
CUST00184,2024-10-06,8,260451.5,86,2,2,2,6,Hibernating,Ananya Sharma,Female,36,East,New
CUST00185,2024-05-11,11,524528.0,234,1,3,4,8,At Risk,Rohit Kumar,Male,46,South,New
CUST00186,2024-08-04,13,278322.0,149,1,4,2,7,At Risk,Pooja Gupta,Female,20,South,New
CUST00187,2024-12-30,7,51266.0,1,5,1,1,7,At Risk,Lakshmi Shah,Female,43,North,Returning
CUST00188,2024-02-25,10,724462.0,310,1,3,5,9,At Risk,Kavya Shah,Female,57,West,Returning
CUST00189,2024-11-24,10,444530.0,37,4,3,4,11,Loyal Customers,Aarav Singh,Male,29,West,Returning
CUST00190,2024-03-12,6,632434.0,294,1,1,5,7,At Risk,Aditya Kumar,Male,19,South,Returning
CUST00191,2024-12-24,10,621634.0,7,5,3,4,12,Loyal Customers,Prateek Verma,Male,28,Central,New
CUST00192,2024-12-11,5,211161.0,20,4,1,2,7,At Risk,Sneha Agarwal,Female,61,North,New
CUST00193,2023-10-12,3,42982.5,446,1,1,1,3,Lost,Meera Kumar,Female,45,East,Returning
CUST00194,2024-12-23,13,396414.5,8,5,4,3,12,Loyal Customers,Kavya Kumar,Female,35,West,Returning
CUST00195,2024-10-12,10,638297.0,80,2,3,5,10,Loyal Customers,Vivaan Iyer,Male,30,North,New
CUST00196,2024-06-03,12,625874.0,211,1,4,4,9,At Risk,Amit Verma,Male,54,East,Returning
CUST00197,2024-11-24,8,534162.0,37,4,2,4,10,Loyal Customers,Sneha Mehta,Female,39,South,Returning
CUST00198,2024-12-14,13,599924.0,17,5,4,4,13,Champions,Ishita Singh,Female,29,South,Returning
CUST00199,2024-11-16,12,100115.5,45,3,4,1,8,At Risk,Sneha Shah,Female,19,North,New
CUST00200,2024-08-10,11,86614.5,143,2,3,1,6,Hibernating,Kavya Jain,Female,54,Central,New
CUST00201,2024-07-11,9,377751.0,173,1,2,3,6,Hibernating,Navya Joshi,Female,24,South,New
CUST00202,2023-11-12,9,408958.0,415,1,2,3,6,Hibernating,Sai Gupta,Male,43,East,Returning
CUST00203,2024-11-24,11,439870.5,37,4,3,4,11,Loyal Customers,Ramesh Sharma,Male,43,East,Returning
CUST00204,2024-11-27,14,378504.0,34,4,5,3,12,Loyal Customers,Diya Reddy,Female,41,North,New
CUST00205,2024-12-28,12,255146.0,3,5,4,2,11,Loyal Customers,Kavya Joshi,Female,29,West,New
CUST00206,2024-11-28,11,220099.0,33,4,3,2,9,At Risk,Krishna Gupta,Male,33,West,Returning
CUST00207,2024-11-09,11,352750.0,52,3,3,3,9,At Risk,Vihaan Yadav,Male,40,North,Returning
CUST00208,2024-12-21,18,701654.0,10,5,5,5,15,Champions,Ananya Bose,Female,57,South,Returning
CUST00209,2024-12-14,11,292465.0,17,5,3,3,11,Loyal Customers,Ayaan Mehta,Male,26,North,New
CUST00210,2024-12-22,11,1097629.0,9,5,3,5,13,Champions,Kiran Pillai,Male,49,Central,Returning
CUST00211,2024-11-19,12,526781.5,42,3,4,4,11,Loyal Customers,Ishaan Joshi,Male,32,West,New
CUST00212,2024-12-12,16,240049.5,19,4,5,2,11,Loyal Customers,Ishita Sharma,Female,54,North,New
CUST00213,2024-12-16,7,133440.0,15,5,1,1,7,At Risk,Mahi Yadav,Female,30,North,Returning
CUST00214,2024-02-23,9,110308.0,312,1,2,1,4,Hibernating,Rohit Nair,Male,22,Central,New
CUST00215,2024-12-01,8,85992.0,30,4,2,1,7,At Risk,Pari Nair,Female,28,South,New
CUST00216,2024-12-01,12,684418.0,30,4,4,5,13,Champions,Amit Das,Male,27,South,Returning
CUST00217,2024-12-29,14,551972.0,2,5,5,4,14,Champions,Suresh Shah,Male,30,North,New
CUST00218,2024-11-01,6,828644.0,60,3,1,5,9,At Risk,Priya Sharma,Female,58,North,Returning
CUST00219,2024-10-31,9,453822.0,61,3,2,4,9,At Risk,Anika Nair,Female,63,North,New
CUST00220,2024-10-12,9,102265.5,80,2,2,1,5,Hibernating,Diya Agarwal,Female,32,East,Returning
CUST00221,2024-10-18,16,751303.0,74,2,5,5,12,Loyal Customers,Pooja Verma,Female,59,West,New
CUST00222,2024-11-21,11,643345.0,40,3,3,5,11,Loyal Customers,Anika Jain,Female,24,East,Returning
CUST00223,2024-11-01,12,962540.5,60,3,4,5,12,Loyal Customers,Ramesh Pillai,Male,57,East,New
CUST00224,2024-09-10,8,889214.0,112,2,2,5,9,At Risk,Rohit Mishra,Male,45,West,Returning
CUST00225,2024-12-23,15,454715.5,8,5,5,4,14,Champions,Manish Das,Male,49,South,Returning
CUST00226,2024-11-24,9,475788.0,37,4,2,4,10,Loyal Customers,Vihaan Yadav,Male,52,South,New
CUST00227,2024-11-23,13,470057.0,38,4,4,4,12,Loyal Customers,Divya Mehta,Female,32,East,New
CUST00228,2024-12-22,18,1057875.0,9,5,5,5,15,Champions,Krishna Verma,Male,53,East,Returning
CUST00229,2024-10-17,8,125918.0,75,2,2,1,5,Hibernating,Kavya Sharma,Female,38,South,Returning
CUST00230,2024-11-13,16,524103.0,48,3,5,4,12,Loyal Customers,Sonal Shah,Female,23,South,New
CUST00231,2024-10-22,15,508009.5,70,3,5,4,12,Loyal Customers,Mahi Pillai,Female,18,East,New
CUST00232,2024-07-11,11,804489.0,173,1,3,5,9,At Risk,Ramesh Patel,Male,21,West,New
CUST00233,2024-08-27,8,1348354.5,126,2,2,5,9,At Risk,Priya Jain,Female,28,East,New
CUST00234,2024-11-11,15,657172.0,50,3,5,5,13,Champions,Rohit Singh,Male,61,East,Returning
CUST00235,2024-08-13,8,524202.0,140,2,2,4,8,At Risk,Ishaan Das,Male,43,South,Returning
CUST00236,2024-08-29,9,188922.0,124,2,2,2,6,Hibernating,Riya Mishra,Female,54,South,Returning
CUST00237,2024-12-22,12,180220.0,9,5,4,2,11,Loyal Customers,Rohit Yadav,Male,40,East,Returning
CUST00238,2024-10-06,13,493637.0,86,2,4,4,10,Loyal Customers,Ishaan Shah,Male,46,East,Returning
CUST00239,2024-12-27,13,267224.0,4,5,4,2,11,Loyal Customers,Navya Mehta,Female,38,South,Returning
CUST00240,2024-11-07,15,770587.5,54,3,5,5,13,Champions,Ramesh Yadav,Male,62,North,New
CUST00241,2024-06-30,12,384128.0,184,1,4,3,8,At Risk,Diya Jain,Female,62,West,New
CUST00242,2024-12-12,11,759775.0,19,4,3,5,12,Loyal Customers,Divya Iyer,Female,44,South,Returning
CUST00243,2024-11-20,11,505212.0,41,3,3,4,10,Loyal Customers,Anjali Shah,Female,56,West,New
CUST00244,2024-11-14,11,312914.5,47,3,3,3,9,At Risk,Aarav Iyer,Male,57,West,New
CUST00245,2024-07-08,9,497297.0,176,1,2,4,7,At Risk,Ishaan Mehta,Male,30,South,New
CUST00246,2024-11-25,11,575998.0,36,4,3,4,11,Loyal Customers,Kavya Agarwal,Female,40,West,New
CUST00247,2024-12-15,18,423311.0,16,5,5,3,13,Champions,Manish Reddy,Male,33,Central,Returning
CUST00248,2024-12-10,13,712770.0,21,4,4,5,13,Champions,Lakshmi Chatterjee,Female,47,Central,Returning
CUST00249,2024-09-10,7,190052.0,112,2,1,2,5,Hibernating,Lakshmi Mehta,Female,21,West,New
CUST00250,2024-07-06,8,841139.0,178,1,2,5,8,At Risk,Sonal Bose,Female,57,South,New
CUST00251,2024-12-31,10,167421.5,0,5,3,1,9,At Risk,Sai Patel,Male,33,South,Returning
CUST00252,2024-10-09,7,694039.0,83,2,1,5,8,At Risk,Ishaan Das,Male,48,North,New
CUST00253,2024-10-23,8,902400.0,69,3,2,5,10,Loyal Customers,Simran Reddy,Female,59,West,Returning
CUST00254,2023-03-07,4,362358.0,665,1,1,3,5,Hibernating,Aditya Joshi,Male,42,South,Returning
CUST00255,2024-11-19,8,508007.0,42,3,2,4,9,At Risk,Ishaan Joshi,Male,61,North,New
CUST00256,2024-06-15,11,670199.0,199,1,3,5,9,At Risk,Mahi Kumar,Female,29,North,Returning
CUST00257,2024-11-20,14,200477.0,41,3,5,2,10,Loyal Customers,Aadhya Verma,Female,43,North,Returning
CUST00258,2024-11-19,13,380132.0,42,3,4,3,10,Loyal Customers,Ishita Bose,Female,54,South,New
CUST00259,2024-12-26,15,164859.0,5,5,5,1,11,Loyal Customers,Simran Patel,Female,50,South,New
CUST00260,2024-11-18,16,379534.0,43,3,5,3,11,Loyal Customers,Kiran Mishra,Male,45,East,Returning
CUST00261,2024-12-30,12,746584.0,1,5,4,5,14,Champions,Divya Mehta,Female,26,South,New
CUST00262,2024-11-23,10,337569.0,38,4,3,3,10,Loyal Customers,Anjali Bose,Female,29,West,Returning
CUST00263,2024-12-06,11,267314.0,25,4,3,2,9,At Risk,Suresh Joshi,Male,22,North,Returning
CUST00264,2024-12-03,13,337781.0,28,4,4,3,11,Loyal Customers,Arjun Sharma,Male,45,North,New
CUST00265,2024-11-03,8,367704.5,58,3,2,3,8,At Risk,Anika Mishra,Female,52,East,New
CUST00266,2024-11-24,14,371080.0,37,4,5,3,12,Loyal Customers,Ishita Gupta,Female,22,North,Returning
CUST00267,2024-12-30,11,523927.0,1,5,3,4,12,Loyal Customers,Sonal Chatterjee,Female,51,East,Returning
CUST00268,2024-12-02,10,349846.0,29,4,3,3,10,Loyal Customers,Ananya Shah,Female,63,West,Returning
CUST00269,2024-12-17,10,519653.0,14,5,3,4,12,Loyal Customers,Ayaan Singh,Male,51,North,Returning
CUST00270,2024-12-01,14,495724.5,30,4,5,4,13,Champions,Kiran Kumar,Male,30,South,Returning
CUST00271,2024-10-30,11,464877.0,62,3,3,4,10,Loyal Customers,Lakshmi Das,Female,56,West,New
CUST00272,2024-11-23,7,104038.0,38,4,1,1,6,Hibernating,Meera Jain,Female,59,East,Returning
CUST00273,2024-11-25,11,1093397.0,36,4,3,5,12,Loyal Customers,Priya Chatterjee,Female,62,South,Returning
CUST00274,2024-11-05,4,228380.0,56,3,1,2,6,Hibernating,Simran Das,Female,31,North,Returning
CUST00275,2024-11-20,5,339609.0,41,3,1,3,7,At Risk,Ramesh Shah,Male,28,South,Returning
CUST00276,2024-10-10,13,678735.0,82,2,4,5,11,Loyal Customers,Kiran Gupta,Male,59,West,Returning
CUST00277,2024-11-21,9,691042.0,40,3,2,5,10,Loyal Customers,Nisha Chatterjee,Female,55,Central,Returning
CUST00278,2024-12-25,10,653357.0,6,5,3,5,13,Champions,Pooja Joshi,Female,21,East,New
CUST00279,2024-10-05,8,521384.0,87,2,2,4,8,At Risk,Pooja Das,Female,50,West,Returning
CUST00280,2024-12-03,12,519603.0,28,4,4,4,12,Loyal Customers,Nisha Joshi,Female,24,North,New
CUST00281,2024-07-26,5,208009.0,158,1,1,2,4,Hibernating,Pooja Chatterjee,Female,58,South,New
CUST00282,2024-07-25,8,455966.0,159,1,2,4,7,At Risk,Aditya Iyer,Male,25,North,Returning
CUST00283,2024-11-24,9,137711.0,37,4,2,1,7,At Risk,Ayaan Nair,Male,54,East,New
CUST00284,2024-06-07,11,269114.0,207,1,3,2,6,Hibernating,Rohit Reddy,Male,27,East,Returning
CUST00285,2024-11-13,12,120997.5,48,3,4,1,8,At Risk,Meera Patel,Female,60,West,Returning
CUST00286,2024-12-01,9,210325.0,30,4,2,2,8,At Risk,Arjun Kumar,Male,32,West,New
CUST00287,2024-11-22,6,469616.0,39,3,1,4,8,At Risk,Ayaan Yadav,Male,55,North,Returning
CUST00288,2024-11-04,11,567680.5,57,3,3,4,10,Loyal Customers,Arjun Mehta,Male,32,South,Returning
CUST00289,2024-12-12,9,369772.5,19,4,2,3,9,At Risk,Aditya Mishra,Male,22,South,Returning
CUST00290,2024-12-26,13,973903.0,5,5,4,5,14,Champions,Kavya Reddy,Female,46,North,Returning
CUST00291,2024-10-12,19,971867.5,80,2,5,5,12,Loyal Customers,Prateek Chatterjee,Male,36,East,Returning
CUST00292,2024-12-24,11,362670.0,7,5,3,3,11,Loyal Customers,Ramesh Verma,Male,27,East,New
CUST00293,2024-04-09,10,344398.5,266,1,3,3,7,At Risk,Mahi Mishra,Female,29,North,New
CUST00294,2024-04-09,9,355398.5,266,1,2,3,6,Hibernating,Suresh Agarwal,Male,21,West,Returning
CUST00295,2022-08-18,2,82344.0,866,1,1,1,3,Lost,Aarav Agarwal,Male,48,North,Returning
CUST00296,2024-12-07,11,464093.5,24,4,3,4,11,Loyal Customers,Suresh Bose,Male,35,North,New
CUST00297,2024-11-05,8,339937.0,56,3,2,3,8,At Risk,Aadhya Pillai,Female,33,North,Returning
CUST00298,2024-12-02,8,376539.0,29,4,2,3,9,At Risk,Ishaan Yadav,Male,57,Central,Returning
CUST00299,2024-12-23,10,150642.5,8,5,3,1,9,At Risk,Kavya Shah,Female,53,South,Returning
CUST00300,2024-12-31,15,581237.0,0,5,5,4,14,Champions,Prateek Jain,Male,42,South,Returning
CUST00301,2024-08-18,7,44540.0,135,2,1,1,4,Hibernating,Ayaan Bose,Male,40,South,Returning
CUST00302,2024-10-11,12,695211.5,81,2,4,5,11,Loyal Customers,Ayaan Nair,Male,29,North,Returning
CUST00303,2024-12-28,11,198275.0,3,5,3,2,10,Loyal Customers,Ramesh Bose,Male,51,North,Returning
CUST00304,2024-06-22,15,1031141.0,192,1,5,5,11,Loyal Customers,Aadhya Yadav,Female,53,South,Returning
CUST00305,2024-11-26,8,259458.0,35,4,2,2,8,At Risk,Priya Yadav,Female,54,East,Returning
CUST00306,2024-12-12,10,603540.0,19,4,3,4,11,Loyal Customers,Diya Chatterjee,Female,20,West,Returning
CUST00307,2024-06-17,9,325538.0,197,1,2,3,6,Hibernating,Arjun Jain,Male,26,North,Returning
CUST00308,2024-12-28,12,385237.0,3,5,4,3,12,Loyal Customers,Prateek Sharma,Male,35,North,New
CUST00309,2024-11-09,13,440597.5,52,3,4,4,11,Loyal Customers,Anjali Agarwal,Female,60,East,New
CUST00310,2024-10-16,9,62618.0,76,2,2,1,5,Hibernating,Deepak Sharma,Male,52,Central,Returning
CUST00311,2024-10-21,6,76472.0,71,2,1,1,4,Hibernating,Aditya Mishra,Male,51,West,New
CUST00312,2024-12-07,7,309875.0,24,4,1,3,8,At Risk,Arjun Chatterjee,Male,58,Central,New
CUST00313,2024-04-16,6,180951.5,259,1,1,2,4,Hibernating,Sai Verma,Male,31,West,New
CUST00314,2024-02-26,11,290216.0,309,1,3,3,7,At Risk,Pooja Yadav,Female,21,South,New
CUST00315,2024-12-14,6,67571.0,17,5,1,1,7,At Risk,Priya Mehta,Female,46,South,New
CUST00316,2023-12-27,8,101331.0,370,1,2,1,4,Hibernating,Lakshmi Reddy,Female,58,South,New
CUST00317,2024-12-29,11,69782.0,2,5,3,1,9,At Risk,Rohit Yadav,Male,62,Central,Returning
CUST00318,2024-08-22,11,367357.0,131,2,3,3,8,At Risk,Krishna Mishra,Male,32,West,Returning
CUST00319,2024-12-30,10,479360.0,1,5,3,4,12,Loyal Customers,Krishna Patel,Male,45,East,Returning
CUST00320,2024-07-24,8,237111.5,160,1,2,2,5,Hibernating,Nikhil Sharma,Male,59,South,New
CUST00321,2024-11-30,5,230919.0,31,4,1,2,7,At Risk,Prateek Verma,Male,33,Central,Returning
CUST00322,2024-12-09,13,566072.0,22,4,4,4,12,Loyal Customers,Sneha Joshi,Female,29,Central,Returning
CUST00323,2024-12-29,8,136538.0,2,5,2,1,8,At Risk,Pari Verma,Female,22,South,Returning
CUST00324,2024-10-05,7,436043.0,87,2,1,4,7,At Risk,Aarav Joshi,Male,51,West,New
CUST00325,2024-09-06,8,118515.0,116,2,2,1,5,Hibernating,Mahi Sharma,Female,59,South,Returning
CUST00326,2024-09-16,5,416776.0,106,2,1,3,6,Hibernating,Simran Kumar,Female,18,East,Returning
CUST00327,2024-10-31,10,581523.0,61,3,3,4,10,Loyal Customers,Ishita Kumar,Female,56,West,Returning
CUST00328,2024-12-27,12,416304.0,4,5,4,3,12,Loyal Customers,Nisha Singh,Female,49,West,Returning
CUST00329,2024-12-24,12,305262.5,7,5,4,3,12,Loyal Customers,Deepak Mehta,Male,43,West,Returning
CUST00330,2024-12-29,16,1466755.0,2,5,5,5,15,Champions,Kiran Nair,Male,34,North,Returning
CUST00331,2024-12-25,9,1145363.0,6,5,2,5,12,Loyal Customers,Amit Gupta,Male,44,North,Returning
CUST00332,2024-04-09,14,326021.5,266,1,5,3,9,At Risk,Simran Jain,Female,41,Central,New
CUST00333,2024-12-12,10,638976.5,19,4,3,5,12,Loyal Customers,Vihaan Gupta,Male,52,West,Returning
CUST00334,2024-10-12,8,540015.0,80,2,2,4,8,At Risk,Ishaan Singh,Male,63,East,Returning
CUST00335,2024-08-10,12,635661.0,143,2,4,5,11,Loyal Customers,Deepak Sharma,Male,59,South,Returning
CUST00336,2024-12-30,13,110180.5,1,5,4,1,10,Loyal Customers,Ishaan Agarwal,Male,56,North,New
CUST00337,2024-08-26,7,134152.0,127,2,1,1,4,Hibernating,Anjali Yadav,Female,43,South,New
CUST00338,2024-11-09,7,796747.0,52,3,1,5,9,At Risk,Mahi Patel,Female,55,Central,Returning
CUST00339,2024-12-13,10,444882.0,18,4,3,4,11,Loyal Customers,Deepak Joshi,Male,40,East,Returning
CUST00340,2024-11-19,10,487236.0,42,3,3,4,10,Loyal Customers,Vihaan Iyer,Male,39,East,Returning
CUST00341,2024-08-04,14,680907.0,149,1,5,5,11,Loyal Customers,Manish Singh,Male,21,West,Returning
CUST00342,2024-12-15,10,284889.0,16,5,3,2,10,Loyal Customers,Deepak Verma,Male,26,North,New
CUST00343,2024-12-09,12,686313.0,22,4,4,5,13,Champions,Amit Shah,Male,21,South,Returning
CUST00344,2024-10-29,8,251759.0,63,3,2,2,7,At Risk,Ramesh Pillai,Male,24,Central,Returning
CUST00345,2024-05-31,12,316107.0,214,1,4,3,8,At Risk,Aditya Das,Male,40,North,Returning
CUST00346,2024-12-07,9,319583.0,24,4,2,3,9,At Risk,Priya Sharma,Female,19,West,New
CUST00347,2024-12-03,10,693797.0,28,4,3,5,12,Loyal Customers,Kavya Bose,Female,41,East,Returning
CUST00348,2023-11-14,5,202538.0,413,1,1,2,4,Hibernating,Vihaan Mishra,Male,57,West,Returning
CUST00349,2024-10-23,10,385754.0,69,3,3,3,9,At Risk,Amit Chatterjee,Male,48,North,Returning
CUST00350,2024-06-21,10,416166.0,193,1,3,3,7,At Risk,Navya Mishra,Female,64,Central,Returning
CUST00351,2024-12-11,12,204361.0,20,4,4,2,10,Loyal Customers,Sai Das,Male,48,Central,New
CUST00352,2023-10-29,6,135728.0,429,1,1,1,3,Lost,Pooja Jain,Female,64,North,New
CUST00353,2024-10-04,12,435839.0,88,2,4,4,10,Loyal Customers,Meera Bose,Female,57,South,Returning
CUST00354,2024-11-26,13,532501.0,35,4,4,4,12,Loyal Customers,Kiran Mishra,Male,60,West,Returning
CUST00355,2024-12-31,9,210990.0,0,5,2,2,9,At Risk,Deepak Nair,Male,51,West,New
CUST00356,2024-12-03,12,963827.5,28,4,4,5,13,Champions,Priya Joshi,Female,41,East,Returning
CUST00357,2024-10-21,10,533108.0,71,2,3,4,9,At Risk,Aditya Nair,Male,43,South,Returning
CUST00358,2024-10-21,12,332433.0,71,2,4,3,9,At Risk,Lakshmi Joshi,Female,33,West,Returning
CUST00359,2024-04-18,7,232015.0,257,1,1,2,4,Hibernating,Lakshmi Agarwal,Female,64,North,New
CUST00360,2024-10-31,13,746386.0,61,3,4,5,12,Loyal Customers,Simran Yadav,Female,30,North,Returning
CUST00361,2024-10-13,14,244306.0,79,2,5,2,9,At Risk,Rohit Sharma,Male,32,South,New
CUST00362,2024-11-01,15,1022791.0,60,3,5,5,13,Champions,Nisha Reddy,Female,44,East,New
CUST00363,2024-07-29,9,365713.0,155,1,2,3,6,Hibernating,Sai Bose,Male,21,North,New
CUST00364,2024-11-24,14,705667.0,37,4,5,5,14,Champions,Reyansh Pillai,Male,33,South,Returning
CUST00365,2024-10-22,12,235335.0,70,3,4,2,9,At Risk,Pooja Reddy,Female,47,North,New
CUST00366,2024-08-12,8,244838.0,141,2,2,2,6,Hibernating,Krishna Jain,Male,61,West,Returning
CUST00367,2024-10-23,5,208105.0,69,3,1,2,6,Hibernating,Pooja Shah,Female,47,South,Returning
CUST00368,2024-12-23,9,236306.0,8,5,2,2,9,At Risk,Aadhya Das,Female,53,East,Returning
CUST00369,2024-11-04,17,270959.5,57,3,5,2,10,Loyal Customers,Reyansh Patel,Male,20,South,Returning
CUST00370,2024-12-12,10,336033.0,19,4,3,3,10,Loyal Customers,Ayaan Mishra,Male,39,East,Returning
CUST00371,2024-10-02,9,440774.0,90,2,2,4,8,At Risk,Nikhil Shah,Male,39,Central,Returning
CUST00372,2024-10-07,3,43536.0,85,2,1,1,4,Hibernating,Ayaan Bose,Male,29,Central,Returning
CUST00373,2023-02-27,4,32146.0,673,1,1,1,3,Lost,Nikhil Chatterjee,Male,38,South,Returning
CUST00374,2024-11-05,9,499917.5,56,3,2,4,9,At Risk,Aadhya Patel,Female,21,North,New
CUST00375,2024-03-15,5,239848.0,291,1,1,2,4,Hibernating,Ishaan Joshi,Male,48,North,New
CUST00376,2024-10-22,13,664119.5,70,3,4,5,12,Loyal Customers,Suresh Joshi,Male,61,South,Returning
CUST00377,2024-12-25,15,530736.5,6,5,5,4,14,Champions,Riya Agarwal,Female,48,South,Returning
CUST00378,2024-09-30,8,392018.0,92,2,2,3,7,At Risk,Amit Bose,Male,40,Central,Returning
CUST00379,2024-04-27,7,241875.5,248,1,1,2,4,Hibernating,Meera Das,Female,37,East,Returning
CUST00380,2024-09-08,10,655764.0,114,2,3,5,10,Loyal Customers,Amit Mishra,Male,32,North,New
CUST00381,2024-11-03,10,524124.0,58,3,3,4,10,Loyal Customers,Prateek Reddy,Male,40,Central,Returning
CUST00382,2024-12-29,7,324179.0,2,5,1,3,9,At Risk,Sneha Chatterjee,Female,45,North,New
CUST00383,2024-05-15,10,762794.0,230,1,3,5,9,At Risk,Pooja Iyer,Female,33,East,Returning
CUST00384,2024-11-05,13,64298.0,56,3,4,1,8,At Risk,Pooja Joshi,Female,54,North,Returning
CUST00385,2024-12-11,8,617786.0,20,4,2,4,10,Loyal Customers,Anika Mehta,Female,38,North,Returning
CUST00386,2024-12-24,12,436765.0,7,5,4,4,13,Champions,Priya Singh,Female,32,Central,New
CUST00387,2024-12-29,12,235301.0,2,5,4,2,11,Loyal Customers,Prateek Gupta,Male,34,South,Returning
CUST00388,2024-05-03,12,497213.0,242,1,4,4,9,At Risk,Reyansh Mehta,Male,54,West,Returning
CUST00389,2024-10-28,7,60871.0,64,3,1,1,5,Hibernating,Nisha Nair,Female,30,South,Returning
CUST00390,2024-11-24,17,710189.5,37,4,5,5,14,Champions,Divya Das,Female,36,South,Returning
CUST00391,2024-12-30,8,63865.5,1,5,2,1,8,At Risk,Simran Iyer,Female,47,West,Returning
CUST00392,2024-12-14,11,303210.0,17,5,3,3,11,Loyal Customers,Vihaan Mehta,Male,62,Central,Returning
CUST00393,2024-10-30,13,174354.0,62,3,4,2,9,At Risk,Ishaan Joshi,Male,35,South,Returning
CUST00394,2024-12-24,14,58642.0,7,5,5,1,11,Loyal Customers,Sneha Gupta,Female,31,South,New
CUST00395,2024-12-18,9,107044.0,13,5,2,1,8,At Risk,Ishaan Sharma,Male,53,East,Returning
CUST00396,2024-11-21,8,133335.0,40,3,2,1,6,Hibernating,Meera Kumar,Female,53,North,Returning
CUST00397,2024-11-18,10,522854.0,43,3,3,4,10,Loyal Customers,Pooja Verma,Female,37,North,Returning
CUST00398,2024-01-07,7,211290.0,359,1,1,2,4,Hibernating,Vivaan Shah,Male,36,Central,Returning
CUST00399,2024-08-25,8,646276.0,128,2,2,5,9,At Risk,Riya Kumar,Female,62,North,Returning
CUST00400,2024-09-28,9,549101.0,94,2,2,4,8,At Risk,Nisha Singh,Female,61,West,Returning
CUST00401,2024-10-17,8,569815.0,75,2,2,4,8,At Risk,Aarav Agarwal,Male,24,West,Returning
CUST00402,2024-11-16,15,909891.0,45,3,5,5,13,Champions,Riya Bose,Female,61,Central,Returning
CUST00403,2024-09-30,14,182145.0,92,2,5,2,9,At Risk,Nikhil Chatterjee,Male,21,East,Returning
CUST00404,2024-11-11,11,898954.0,50,3,3,5,11,Loyal Customers,Priya Gupta,Female,51,South,Returning
CUST00405,2024-12-08,11,347492.0,23,4,3,3,10,Loyal Customers,Vivaan Nair,Male,19,South,Returning
CUST00406,2024-12-08,9,602127.0,23,4,2,4,10,Loyal Customers,Nisha Singh,Female,22,North,Returning
CUST00407,2024-12-10,9,317198.0,21,4,2,3,9,At Risk,Aditya Yadav,Male,27,North,Returning
CUST00408,2024-11-25,13,253953.0,36,4,4,2,10,Loyal Customers,Nikhil Patel,Male,49,West,Returning
CUST00409,2024-11-01,11,703579.0,60,3,3,5,11,Loyal Customers,Divya Verma,Female,59,North,New
CUST00410,2024-09-22,9,130186.0,100,2,2,1,5,Hibernating,Arjun Kumar,Male,58,West,New
CUST00411,2024-11-05,7,119220.0,56,3,1,1,5,Hibernating,Deepak Iyer,Male,30,West,New
CUST00412,2024-12-14,15,738381.0,17,5,5,5,15,Champions,Pari Joshi,Female,56,West,Returning
CUST00413,2024-10-07,12,912874.0,85,2,4,5,11,Loyal Customers,Anika Shah,Female,22,West,New
CUST00414,2024-12-04,8,525993.0,27,4,2,4,10,Loyal Customers,Kavya Jain,Female,27,South,New
CUST00415,2024-12-30,9,654217.0,1,5,2,5,12,Loyal Customers,Simran Jain,Female,27,East,New
CUST00416,2024-11-09,9,318509.0,52,3,2,3,8,At Risk,Ayaan Das,Male,55,South,Returning
CUST00417,2024-11-29,12,508162.0,32,4,4,4,12,Loyal Customers,Suresh Chatterjee,Male,44,North,New
CUST00418,2024-12-01,8,91580.0,30,4,2,1,7,At Risk,Kiran Iyer,Male,38,North,Returning
CUST00419,2024-12-17,9,594948.0,14,5,2,4,11,Loyal Customers,Divya Mishra,Female,25,East,New
CUST00420,2023-08-21,6,159669.0,498,1,1,1,3,Lost,Riya Agarwal,Female,18,West,Returning
CUST00421,2024-09-12,14,720855.0,110,2,5,5,12,Loyal Customers,Simran Verma,Female,45,West,Returning
CUST00422,2024-12-28,13,219290.0,3,5,4,2,11,Loyal Customers,Simran Singh,Female,56,East,Returning
CUST00423,2024-12-29,11,741337.0,2,5,3,5,13,Champions,Reyansh Mehta,Male,31,East,Returning
CUST00424,2024-03-30,5,106516.0,276,1,1,1,3,Lost,Krishna Patel,Male,38,West,Returning
CUST00425,2024-11-22,12,260818.0,39,3,4,2,9,At Risk,Sai Joshi,Male,47,Central,Returning
CUST00426,2024-06-17,8,281849.0,197,1,2,2,5,Hibernating,Sai Shah,Male,38,South,New
CUST00427,2024-12-20,8,268236.0,11,5,2,2,9,At Risk,Aditya Gupta,Male,26,East,Returning
CUST00428,2024-12-30,7,75818.0,1,5,1,1,7,At Risk,Aadhya Mishra,Female,34,North,New
CUST00429,2024-02-10,5,40759.0,325,1,1,1,3,Lost,Kiran Jain,Male,22,West,Returning
CUST00430,2024-11-28,10,164576.5,33,4,3,1,8,At Risk,Nikhil Iyer,Male,48,North,New
CUST00431,2024-06-19,6,441320.0,195,1,1,4,6,Hibernating,Vivaan Joshi,Male,57,North,Returning
CUST00432,2024-11-19,10,319217.5,42,3,3,3,9,At Risk,Riya Iyer,Female,55,North,Returning
CUST00433,2024-12-20,18,724539.0,11,5,5,5,15,Champions,Lakshmi Patel,Female,60,West,Returning
CUST00434,2024-10-23,7,357067.0,69,3,1,3,7,At Risk,Ayaan Nair,Male,36,East,Returning
CUST00435,2024-12-13,11,351285.0,18,4,3,3,10,Loyal Customers,Deepak Mehta,Male,53,South,Returning
CUST00436,2024-11-14,13,477356.5,47,3,4,4,11,Loyal Customers,Kavya Singh,Female,50,West,Returning
CUST00437,2024-10-21,14,244857.0,71,2,5,2,9,At Risk,Prateek Joshi,Male,30,East,Returning
CUST00438,2024-12-13,12,303227.0,18,4,4,3,11,Loyal Customers,Navya Nair,Female,31,West,New
CUST00439,2024-10-31,8,428520.0,61,3,2,3,8,At Risk,Navya Patel,Female,50,North,Returning
CUST00440,2024-10-31,8,101094.0,61,3,2,1,6,Hibernating,Vivaan Gupta,Male,46,West,Returning
CUST00441,2024-12-14,15,334280.0,17,5,5,3,13,Champions,Ishaan Jain,Male,60,West,Returning
CUST00442,2024-09-06,7,141084.0,116,2,1,1,4,Hibernating,Divya Iyer,Female,53,South,Returning
CUST00443,2024-12-10,10,347188.0,21,4,3,3,10,Loyal Customers,Kiran Singh,Male,61,South,New
CUST00444,2024-10-25,11,533794.0,67,3,3,4,10,Loyal Customers,Kiran Iyer,Male,27,South,New
CUST00445,2024-09-02,5,85258.0,120,2,1,1,4,Hibernating,Anjali Nair,Female,48,South,Returning
CUST00446,2024-12-16,8,176371.0,15,5,2,2,9,At Risk,Sonal Shah,Female,23,East,Returning
CUST00447,2024-12-19,9,318626.0,12,5,2,3,10,Loyal Customers,Nisha Chatterjee,Female,18,East,Returning
CUST00448,2024-03-28,6,331130.0,278,1,1,3,5,Hibernating,Pari Jain,Female,24,East,Returning
CUST00449,2024-12-04,12,519003.0,27,4,4,4,12,Loyal Customers,Vivaan Mishra,Male,44,West,Returning
CUST00450,2024-12-20,19,842977.0,11,5,5,5,15,Champions,Rohit Jain,Male,38,East,New
CUST00451,2024-11-06,10,149702.5,55,3,3,1,7,At Risk,Pooja Sharma,Female,45,West,New
CUST00452,2024-12-17,8,782071.0,14,5,2,5,12,Loyal Customers,Pari Joshi,Female,33,North,New
CUST00453,2024-12-23,14,361208.0,8,5,5,3,13,Champions,Deepak Agarwal,Male,63,West,Returning
CUST00454,2024-10-27,11,602440.0,65,3,3,4,10,Loyal Customers,Aadhya Nair,Female,40,West,New
CUST00455,2023-12-06,4,201280.0,391,1,1,2,4,Hibernating,Deepak Verma,Male,37,West,Returning
CUST00456,2024-12-18,12,589385.5,13,5,4,4,13,Champions,Sai Bose,Male,55,North,Returning
CUST00457,2024-10-07,12,930434.5,85,2,4,5,11,Loyal Customers,Rahul Chatterjee,Male,42,North,New
CUST00458,2024-10-10,8,341256.0,82,2,2,3,7,At Risk,Krishna Gupta,Male,45,North,New
CUST00459,2024-11-07,9,121484.5,54,3,2,1,6,Hibernating,Deepak Mishra,Male,22,North,New
CUST00460,2024-08-25,14,455814.0,128,2,5,4,11,Loyal Customers,Nikhil Patel,Male,38,South,Returning
CUST00461,2024-11-04,13,435391.0,57,3,4,4,11,Loyal Customers,Nikhil Pillai,Male,35,South,Returning
CUST00462,2024-03-08,12,236963.0,298,1,4,2,7,At Risk,Kavya Reddy,Female,64,South,New
CUST00463,2024-06-01,6,284868.0,213,1,1,2,4,Hibernating,Priya Singh,Female,23,North,Returning
CUST00464,2024-12-18,10,35321.0,13,5,3,1,9,At Risk,Diya Reddy,Female,46,South,Returning
CUST00465,2024-11-07,13,274101.5,54,3,4,2,9,At Risk,Kavya Bose,Female,36,North,Returning
CUST00466,2024-12-23,8,279901.0,8,5,2,2,9,At Risk,Ishaan Yadav,Male,50,South,Returning
CUST00467,2024-08-04,9,413925.0,149,1,2,3,6,Hibernating,Prateek Verma,Male,18,West,Returning
CUST00468,2024-12-03,10,76506.0,28,4,3,1,8,At Risk,Lakshmi Patel,Female,62,East,Returning
CUST00469,2024-10-04,9,343248.0,88,2,2,3,7,At Risk,Rohit Nair,Male,20,Central,Returning
CUST00470,2024-08-25,7,106819.0,128,2,1,1,4,Hibernating,Priya Singh,Female,59,North,New
CUST00471,2024-10-13,11,568073.0,79,2,3,4,9,At Risk,Suresh Das,Male,38,North,Returning
CUST00472,2024-12-18,12,599883.5,13,5,4,4,13,Champions,Aadhya Shah,Female,52,South,Returning
CUST00473,2024-12-31,15,221857.0,0,5,5,2,12,Loyal Customers,Kiran Mishra,Male,58,South,Returning
CUST00474,2024-10-04,9,55507.5,88,2,2,1,5,Hibernating,Ananya Mehta,Female,57,West,Returning
CUST00475,2024-07-06,9,392643.0,178,1,2,3,6,Hibernating,Rahul Pillai,Male,20,South,Returning
CUST00476,2024-12-22,7,646400.0,9,5,1,5,11,Loyal Customers,Simran Bose,Female,42,North,New
CUST00477,2024-12-09,4,119368.0,22,4,1,1,6,Hibernating,Kiran Verma,Male,62,East,New
CUST00478,2024-12-11,9,180830.5,20,4,2,2,8,At Risk,Mahi Nair,Female,55,South,New
CUST00479,2024-11-04,14,679966.0,57,3,5,5,13,Champions,Meera Kumar,Female,62,South,Returning
CUST00480,2024-12-08,16,290533.0,23,4,5,3,12,Loyal Customers,Ishaan Chatterjee,Male,37,West,New
CUST00481,2024-11-20,8,253935.0,41,3,2,2,7,At Risk,Nisha Singh,Female,61,North,New
CUST00482,2024-11-05,7,201038.5,56,3,1,2,6,Hibernating,Aadhya Jain,Female,62,Central,New
CUST00483,2024-07-10,11,501007.0,174,1,3,4,8,At Risk,Ayaan Gupta,Male,51,North,New
CUST00484,2024-07-30,9,168502.0,154,1,2,1,4,Hibernating,Riya Shah,Female,38,West,New
CUST00485,2024-11-10,8,184578.5,51,3,2,2,7,At Risk,Aadhya Shah,Female,40,South,New
CUST00486,2024-11-24,7,551660.0,37,4,1,4,9,At Risk,Kavya Patel,Female,23,North,Returning
CUST00487,2024-11-16,6,443099.0,45,3,1,4,8,At Risk,Ayaan Singh,Male,30,South,New
CUST00488,2024-11-04,9,52662.0,57,3,2,1,6,Hibernating,Kiran Singh,Male,40,East,New
CUST00489,2024-12-27,17,175803.0,4,5,5,2,12,Loyal Customers,Navya Bose,Female,26,West,Returning
CUST00490,2024-05-11,9,159210.0,234,1,2,1,4,Hibernating,Riya Das,Female,34,South,Returning
CUST00491,2024-08-25,10,321639.5,128,2,3,3,8,At Risk,Krishna Mishra,Male,19,South,New
CUST00492,2024-10-16,10,92926.0,76,2,3,1,6,Hibernating,Nisha Bose,Female,36,North,New
CUST00493,2024-10-12,7,127197.0,80,2,1,1,4,Hibernating,Ayaan Chatterjee,Male,36,North,Returning
CUST00494,2024-06-29,10,778247.0,185,1,3,5,9,At Risk,Prateek Kumar,Male,24,South,New
CUST00495,2023-07-08,4,9288.0,542,1,1,1,3,Lost,Suresh Mehta,Male,59,North,New
CUST00496,2024-11-21,14,717263.0,40,3,5,5,13,Champions,Manish Das,Male,59,Central,New
CUST00497,2024-12-21,13,394100.0,10,5,4,3,12,Loyal Customers,Navya Patel,Female,37,East,New
CUST00498,2024-12-08,15,439418.0,23,4,5,4,13,Champions,Krishna Mishra,Male,26,West,Returning
CUST00499,2024-12-23,10,669908.0,8,5,3,5,13,Champions,Priya Das,Female,34,North,Returning
CUST00500,2024-12-29,13,342727.0,2,5,4,3,12,Loyal Customers,Pooja Sharma,Female,44,South,Returning
CUST00501,2024-11-23,13,426767.5,38,4,4,3,11,Loyal Customers,Riya Iyer,Female,64,West,Returning
CUST00502,2024-12-29,6,193766.0,2,5,1,2,8,At Risk,Deepak Agarwal,Male,19,South,Returning
CUST00503,2024-11-24,12,349147.5,37,4,4,3,11,Loyal Customers,Nikhil Kumar,Male,53,North,Returning
CUST00504,2023-10-04,8,138339.0,454,1,2,1,4,Hibernating,Lakshmi Shah,Female,36,North,Returning
CUST00505,2024-10-24,18,863401.5,68,3,5,5,13,Champions,Nisha Pillai,Female,34,South,New
CUST00506,2024-05-07,9,91487.5,238,1,2,1,4,Hibernating,Rohit Shah,Male,22,North,Returning
CUST00507,2024-11-15,12,241303.0,46,3,4,2,9,At Risk,Meera Yadav,Female,56,East,Returning
CUST00508,2024-12-06,9,252114.0,25,4,2,2,8,At Risk,Lakshmi Reddy,Female,35,Central,New
CUST00509,2024-04-09,7,269581.0,266,1,1,2,4,Hibernating,Mahi Joshi,Female,24,North,Returning
CUST00510,2024-10-28,11,592767.0,64,3,3,4,10,Loyal Customers,Divya Yadav,Female,34,East,Returning
CUST00511,2024-10-28,11,663301.0,64,3,3,5,11,Loyal Customers,Ishita Mishra,Female,56,Central,Returning
CUST00512,2024-12-17,5,13922.0,14,5,1,1,7,At Risk,Vivaan Reddy,Male,53,West,New
CUST00513,2024-12-02,16,1403962.0,29,4,5,5,14,Champions,Nisha Yadav,Female,57,North,Returning
CUST00514,2024-12-31,14,686492.5,0,5,5,5,15,Champions,Anjali Kumar,Female,62,South,Returning
CUST00515,2024-12-22,14,228183.5,9,5,5,2,12,Loyal Customers,Nikhil Verma,Male,21,North,Returning
CUST00516,2024-12-10,12,217396.0,21,4,4,2,10,Loyal Customers,Arjun Das,Male,55,South,New
CUST00517,2024-10-01,9,534280.0,91,2,2,4,8,At Risk,Deepak Reddy,Male,42,South,New
CUST00518,2024-08-09,7,631750.0,144,2,1,5,8,At Risk,Anika Chatterjee,Female,22,South,Returning
CUST00519,2024-11-25,13,341365.0,36,4,4,3,11,Loyal Customers,Anika Das,Female,47,West,Returning
CUST00520,2024-07-29,7,44448.0,155,1,1,1,3,Lost,Kiran Sharma,Male,29,Central,Returning
CUST00521,2024-11-20,7,417357.0,41,3,1,3,7,At Risk,Navya Mishra,Female,21,East,Returning
CUST00522,2024-12-08,15,864844.0,23,4,5,5,14,Champions,Arjun Patel,Male,41,West,Returning
CUST00523,2024-12-13,13,766394.5,18,4,4,5,13,Champions,Nisha Nair,Female,46,Central,Returning
CUST00524,2024-11-26,14,495711.5,35,4,5,4,13,Champions,Priya Jain,Female,26,Central,New
CUST00525,2024-12-20,8,164019.5,11,5,2,1,8,At Risk,Anjali Patel,Female,21,Central,New
CUST00526,2024-12-28,9,718602.0,3,5,2,5,12,Loyal Customers,Rohit Shah,Male,41,South,Returning
CUST00527,2024-10-22,6,63263.0,70,3,1,1,5,Hibernating,Suresh Reddy,Male,31,South,Returning
CUST00528,2024-12-24,7,123229.5,7,5,1,1,7,At Risk,Nikhil Shah,Male,22,South,Returning
CUST00529,2024-12-20,15,772759.0,11,5,5,5,15,Champions,Vivaan Jain,Male,35,South,Returning
CUST00530,2024-12-03,13,305431.0,28,4,4,3,11,Loyal Customers,Pari Joshi,Female,59,South,New
CUST00531,2024-12-08,12,796917.0,23,4,4,5,13,Champions,Riya Joshi,Female,36,West,Returning
CUST00532,2024-11-20,15,794256.0,41,3,5,5,13,Champions,Pari Mishra,Female,29,South,Returning
CUST00533,2024-09-04,9,132694.0,118,2,2,1,5,Hibernating,Anika Singh,Female,35,South,Returning
CUST00534,2024-11-02,14,118372.0,59,3,5,1,9,At Risk,Lakshmi Gupta,Female,34,North,New
CUST00535,2024-12-16,8,440946.0,15,5,2,4,11,Loyal Customers,Riya Sharma,Female,47,East,Returning
CUST00536,2024-07-08,6,290800.5,176,1,1,3,5,Hibernating,Ananya Reddy,Female,41,North,Returning
CUST00537,2024-06-13,8,186574.0,201,1,2,2,5,Hibernating,Ananya Iyer,Female,28,Central,Returning
CUST00538,2024-10-18,12,308573.0,74,2,4,3,9,At Risk,Amit Pillai,Male,52,South,Returning
CUST00539,2024-11-16,13,230625.0,45,3,4,2,9,At Risk,Ramesh Kumar,Male,40,South,New
CUST00540,2024-11-21,14,1468248.0,40,3,5,5,13,Champions,Ayaan Das,Male,34,South,New
CUST00541,2024-11-23,11,409146.0,38,4,3,3,10,Loyal Customers,Kavya Agarwal,Female,18,West,New
CUST00542,2024-12-02,12,643046.0,29,4,4,5,13,Champions,Diya Gupta,Female,32,East,Returning
CUST00543,2024-04-27,12,358639.0,248,1,4,3,8,At Risk,Sai Patel,Male,49,North,Returning
CUST00544,2024-05-09,7,160785.0,236,1,1,1,3,Lost,Simran Yadav,Female,26,West,Returning
CUST00545,2024-03-05,11,427056.0,301,1,3,3,7,At Risk,Simran Joshi,Female,32,East,New
CUST00546,2024-08-02,10,143862.0,151,1,3,1,5,Hibernating,Nikhil Agarwal,Male,45,East,Returning
CUST00547,2024-11-01,11,166822.0,60,3,3,1,7,At Risk,Arjun Joshi,Male,41,North,Returning
CUST00548,2024-12-07,7,17964.0,24,4,1,1,6,Hibernating,Lakshmi Nair,Female,52,West,New
CUST00549,2024-11-01,6,109639.0,60,3,1,1,5,Hibernating,Kiran Nair,Male,39,South,Returning
CUST00550,2024-04-19,4,100019.0,256,1,1,1,3,Lost,Aadhya Chatterjee,Female,44,Central,New
CUST00551,2024-12-27,11,276978.0,4,5,3,2,10,Loyal Customers,Ishaan Shah,Male,36,West,New
CUST00552,2024-12-01,7,145086.0,30,4,1,1,6,Hibernating,Diya Patel,Female,62,North,New
CUST00553,2024-02-13,6,109158.5,322,1,1,1,3,Lost,Lakshmi Pillai,Female,29,North,Returning
CUST00554,2024-11-08,6,421140.5,53,3,1,3,7,At Risk,Divya Iyer,Female,37,North,Returning
CUST00555,2024-12-27,13,727579.0,4,5,4,5,14,Champions,Kavya Nair,Female,18,North,New
CUST00556,2024-11-07,18,681782.0,54,3,5,5,13,Champions,Kiran Iyer,Male,38,Central,Returning
CUST00557,2024-09-01,9,957308.0,121,2,2,5,9,At Risk,Reyansh Yadav,Male,62,East,Returning
CUST00558,2024-12-26,10,189445.0,5,5,3,2,10,Loyal Customers,Nikhil Singh,Male,18,West,Returning
CUST00559,2024-11-04,10,309452.0,57,3,3,3,9,At Risk,Ishita Yadav,Female,27,North,New
CUST00560,2024-10-31,10,757861.0,61,3,3,5,11,Loyal Customers,Divya Pillai,Female,64,South,Returning
CUST00561,2024-02-24,12,617284.5,311,1,4,4,9,At Risk,Divya Iyer,Female,49,North,Returning
CUST00562,2024-11-16,7,287857.5,45,3,1,2,6,Hibernating,Ishaan Sharma,Male,56,West,New
CUST00563,2024-09-29,10,314319.0,93,2,3,3,8,At Risk,Suresh Nair,Male,39,East,New
CUST00564,2024-12-01,6,199882.0,30,4,1,2,7,At Risk,Aarav Agarwal,Male,35,East,Returning
CUST00565,2024-12-30,6,36812.5,1,5,1,1,7,At Risk,Vivaan Jain,Male,63,West,New
CUST00566,2024-12-06,8,202011.0,25,4,2,2,8,At Risk,Nisha Iyer,Female,49,South,Returning
CUST00567,2024-12-23,9,282945.0,8,5,2,2,9,At Risk,Ayaan Jain,Male,44,North,New
CUST00568,2024-12-07,15,367270.0,24,4,5,3,12,Loyal Customers,Amit Joshi,Male,45,North,Returning
CUST00569,2024-10-19,11,521762.0,73,2,3,4,9,At Risk,Mahi Jain,Female,35,North,New
CUST00570,2024-11-09,12,452008.0,52,3,4,4,11,Loyal Customers,Krishna Kumar,Male,56,Central,New
CUST00571,2024-12-25,14,258689.0,6,5,5,2,12,Loyal Customers,Vihaan Verma,Male,46,Central,New
CUST00572,2024-12-23,12,676698.5,8,5,4,5,14,Champions,Riya Chatterjee,Female,35,West,Returning
CUST00573,2023-06-08,6,237172.0,572,1,1,2,4,Hibernating,Vivaan Agarwal,Male,61,East,Returning
CUST00574,2024-12-11,9,352084.0,20,4,2,3,9,At Risk,Sneha Kumar,Female,25,North,New
CUST00575,2024-12-12,16,660711.0,19,4,5,5,14,Champions,Pari Iyer,Female,48,East,New
CUST00576,2024-10-23,10,113062.0,69,3,3,1,7,At Risk,Priya Mishra,Female,51,West,Returning
CUST00577,2024-10-04,9,144160.0,88,2,2,1,5,Hibernating,Sai Mehta,Male,24,Central,Returning
CUST00578,2024-09-04,11,114288.0,118,2,3,1,6,Hibernating,Navya Shah,Female,53,West,Returning
CUST00579,2024-06-28,8,626167.0,186,1,2,4,7,At Risk,Amit Das,Male,35,Central,New
CUST00580,2024-05-26,9,416604.0,219,1,2,3,6,Hibernating,Rahul Nair,Male,55,South,Returning
CUST00581,2024-12-12,13,440836.0,19,4,4,4,12,Loyal Customers,Sai Nair,Male,26,West,Returning
CUST00582,2024-02-10,5,468472.0,325,1,1,4,6,Hibernating,Nisha Iyer,Female,26,West,Returning
CUST00583,2024-07-30,4,194902.0,154,1,1,2,4,Hibernating,Rohit Singh,Male,63,North,Returning
CUST00584,2024-12-16,10,744926.0,15,5,3,5,13,Champions,Kiran Patel,Male,25,North,New
CUST00585,2024-12-22,8,292536.0,9,5,2,3,10,Loyal Customers,Navya Joshi,Female,52,South,New
CUST00586,2024-11-26,7,402946.0,35,4,1,3,8,At Risk,Suresh Shah,Male,35,West,Returning
CUST00587,2024-10-18,10,531353.5,74,2,3,4,9,At Risk,Amit Patel,Male,22,East,Returning
CUST00588,2024-05-15,11,1020619.0,230,1,3,5,9,At Risk,Suresh Sharma,Male,31,South,Returning
CUST00589,2024-10-18,6,192743.0,74,2,1,2,5,Hibernating,Krishna Shah,Male,45,East,Returning
CUST00590,2024-11-11,12,773926.0,50,3,4,5,12,Loyal Customers,Vihaan Chatterjee,Male,47,East,Returning
CUST00591,2024-07-16,6,236602.0,168,1,1,2,4,Hibernating,Amit Nair,Male,21,West,Returning
CUST00592,2024-11-14,13,448576.5,47,3,4,4,11,Loyal Customers,Divya Yadav,Female,56,North,Returning
CUST00593,2023-12-18,9,434912.0,379,1,2,4,7,At Risk,Amit Singh,Male,37,West,New
CUST00594,2024-10-30,15,644656.0,62,3,5,5,13,Champions,Ayaan Bose,Male,42,West,New
CUST00595,2024-11-02,6,560381.0,59,3,1,4,8,At Risk,Aadhya Jain,Female,45,South,Returning
CUST00596,2024-11-13,12,302713.0,48,3,4,3,10,Loyal Customers,Prateek Reddy,Male,29,West,New
CUST00597,2024-10-19,6,208530.0,73,2,1,2,5,Hibernating,Simran Joshi,Female,19,North,New
CUST00598,2024-12-17,9,751811.0,14,5,2,5,12,Loyal Customers,Aditya Chatterjee,Male,60,West,New
CUST00599,2023-11-25,8,245161.0,402,1,2,2,5,Hibernating,Ishaan Mishra,Male,31,East,New
CUST00600,2024-12-24,10,222137.0,7,5,3,2,10,Loyal Customers,Vihaan Kumar,Male,39,Central,New
CUST00601,2024-12-22,13,648502.0,9,5,4,5,14,Champions,Vivaan Verma,Male,48,North,Returning
CUST00602,2024-12-18,14,950011.0,13,5,5,5,15,Champions,Ishaan Bose,Male,40,South,Returning
CUST00603,2024-10-21,14,377370.0,71,2,5,3,10,Loyal Customers,Vihaan Singh,Male,37,East,Returning
CUST00604,2024-11-11,8,239298.0,50,3,2,2,7,At Risk,Ayaan Shah,Male,55,South,Returning
CUST00605,2024-08-06,15,473052.0,147,2,5,4,11,Loyal Customers,Arjun Yadav,Male,21,East,Returning
CUST00606,2024-08-29,16,1034181.0,124,2,5,5,12,Loyal Customers,Kiran Pillai,Male,32,South,New
CUST00607,2024-11-12,9,411270.0,49,3,2,3,8,At Risk,Prateek Mishra,Male,41,South,Returning
CUST00608,2024-10-09,8,119194.0,83,2,2,1,5,Hibernating,Deepak Kumar,Male,42,West,New
CUST00609,2024-11-01,12,740344.0,60,3,4,5,12,Loyal Customers,Ramesh Singh,Male,18,West,Returning
CUST00610,2024-12-11,9,332695.0,20,4,2,3,9,At Risk,Nisha Jain,Female,24,Central,Returning
CUST00611,2024-10-16,10,508492.5,76,2,3,4,9,At Risk,Ramesh Nair,Male,48,West,Returning
CUST00612,2024-09-02,13,300579.5,120,2,4,3,9,At Risk,Ananya Pillai,Female,29,South,Returning
CUST00613,2024-07-15,8,505737.0,169,1,2,4,7,At Risk,Mahi Chatterjee,Female,59,West,Returning
CUST00614,2023-12-16,9,556449.0,381,1,2,4,7,At Risk,Kiran Joshi,Male,22,East,Returning
CUST00615,2024-11-24,10,366473.5,37,4,3,3,10,Loyal Customers,Sneha Singh,Female,61,South,New
CUST00616,2024-12-19,12,83957.5,12,5,4,1,10,Loyal Customers,Sneha Shah,Female,59,West,Returning
CUST00617,2024-08-21,9,61966.0,132,2,2,1,5,Hibernating,Amit Verma,Male,55,West,Returning
CUST00618,2024-12-08,16,473787.0,23,4,5,4,13,Champions,Suresh Nair,Male,29,South,New
CUST00619,2024-12-05,10,730451.0,26,4,3,5,12,Loyal Customers,Mahi Singh,Female,56,North,New
CUST00620,2024-12-29,10,201196.0,2,5,3,2,10,Loyal Customers,Lakshmi Patel,Female,35,West,Returning
CUST00621,2024-12-10,18,406864.0,21,4,5,3,12,Loyal Customers,Reyansh Jain,Male,19,North,New
CUST00622,2024-03-28,6,432623.0,278,1,1,4,6,Hibernating,Aarav Verma,Male,27,Central,New
CUST00623,2024-12-12,10,813863.0,19,4,3,5,12,Loyal Customers,Rohit Joshi,Male,32,North,Returning
CUST00624,2024-10-03,10,485681.0,89,2,3,4,9,At Risk,Arjun Agarwal,Male,47,East,New
CUST00625,2024-11-16,6,344934.0,45,3,1,3,7,At Risk,Mahi Patel,Female,61,East,Returning
CUST00626,2024-09-29,5,182858.0,93,2,1,2,5,Hibernating,Prateek Mehta,Male,34,North,Returning
CUST00627,2024-08-26,9,837733.5,127,2,2,5,9,At Risk,Deepak Mehta,Male,21,Central,Returning
CUST00628,2024-03-29,7,333425.0,277,1,1,3,5,Hibernating,Ishita Reddy,Female,24,West,New
CUST00629,2024-10-31,8,92394.5,61,3,2,1,6,Hibernating,Arjun Jain,Male,58,West,Returning
CUST00630,2024-11-21,17,907171.0,40,3,5,5,13,Champions,Aarav Nair,Male,48,East,Returning
CUST00631,2023-10-13,7,178480.0,445,1,1,2,4,Hibernating,Navya Kumar,Female,56,Central,New
CUST00632,2024-12-16,10,537863.0,15,5,3,4,12,Loyal Customers,Meera Nair,Female,51,North,New
CUST00633,2024-08-11,5,52599.0,142,2,1,1,4,Hibernating,Sai Singh,Male,23,West,Returning
CUST00634,2024-11-30,10,215657.0,31,4,3,2,9,At Risk,Aarav Kumar,Male,55,East,New
CUST00635,2024-10-23,8,85958.0,69,3,2,1,6,Hibernating,Aarav Pillai,Male,62,East,New
CUST00636,2024-10-18,7,229861.0,74,2,1,2,5,Hibernating,Ayaan Agarwal,Male,51,North,New
CUST00637,2024-11-21,11,437770.0,40,3,3,4,10,Loyal Customers,Rohit Sharma,Male,61,Central,New
CUST00638,2024-09-03,10,206658.0,119,2,3,2,7,At Risk,Sai Nair,Male,32,West,New
CUST00639,2024-12-19,12,515825.5,12,5,4,4,13,Champions,Vivaan Kumar,Male,31,South,Returning
CUST00640,2024-10-31,6,40751.0,61,3,1,1,5,Hibernating,Ramesh Das,Male,23,South,Returning
CUST00641,2024-11-12,10,921877.0,49,3,3,5,11,Loyal Customers,Vihaan Patel,Male,54,North,New
CUST00642,2024-02-17,10,66046.0,318,1,3,1,5,Hibernating,Nikhil Chatterjee,Male,49,South,Returning
CUST00643,2024-12-20,8,189826.0,11,5,2,2,9,At Risk,Amit Das,Male,20,North,Returning
CUST00644,2024-12-12,13,314081.0,19,4,4,3,11,Loyal Customers,Deepak Singh,Male,20,East,Returning
CUST00645,2024-06-19,6,333464.0,195,1,1,3,5,Hibernating,Kiran Das,Male,39,West,Returning
CUST00646,2024-12-29,14,262373.5,2,5,5,2,12,Loyal Customers,Ishita Jain,Female,39,East,Returning
CUST00647,2024-12-20,8,416781.0,11,5,2,3,10,Loyal Customers,Ananya Das,Female,27,South,Returning
CUST00648,2024-09-22,16,646489.0,100,2,5,5,12,Loyal Customers,Riya Chatterjee,Female,20,Central,Returning
CUST00649,2024-10-23,8,111404.5,69,3,2,1,6,Hibernating,Aadhya Verma,Female,29,West,Returning
CUST00650,2024-01-18,10,245490.0,348,1,3,2,6,Hibernating,Nikhil Yadav,Male,46,West,New
CUST00651,2024-12-09,13,564641.5,22,4,4,4,12,Loyal Customers,Ramesh Singh,Male,34,East,New
CUST00652,2024-12-18,8,396269.0,13,5,2,3,10,Loyal Customers,Nikhil Chatterjee,Male,24,North,Returning
CUST00653,2023-09-05,6,186372.0,483,1,1,2,4,Hibernating,Pari Patel,Female,30,South,Returning
CUST00654,2024-11-05,12,515539.5,56,3,4,4,11,Loyal Customers,Priya Jain,Female,19,South,Returning
CUST00655,2024-12-11,15,354274.0,20,4,5,3,12,Loyal Customers,Arjun Patel,Male,21,North,Returning
CUST00656,2024-12-27,8,334890.0,4,5,2,3,10,Loyal Customers,Arjun Nair,Male,27,East,New
CUST00657,2024-10-10,9,357463.0,82,2,2,3,7,At Risk,Manish Agarwal,Male,56,South,Returning
CUST00658,2024-11-26,12,222393.0,35,4,4,2,10,Loyal Customers,Prateek Reddy,Male,41,North,New
CUST00659,2024-10-13,12,169691.0,79,2,4,2,8,At Risk,Anjali Jain,Female,34,East,New
CUST00660,2024-10-30,8,327581.0,62,3,2,3,8,At Risk,Sonal Iyer,Female,23,North,Returning
CUST00661,2024-09-23,12,848705.5,99,2,4,5,11,Loyal Customers,Kiran Das,Male,36,East,New
CUST00662,2023-12-26,8,271124.0,371,1,2,2,5,Hibernating,Simran Mishra,Female,22,East,Returning
CUST00663,2023-12-16,5,205938.0,381,1,1,2,4,Hibernating,Anika Singh,Female,49,South,Returning
CUST00664,2024-12-29,8,231594.0,2,5,2,2,9,At Risk,Prateek Mehta,Male,27,North,New
CUST00665,2024-10-20,9,1054002.0,72,2,2,5,9,At Risk,Ramesh Chatterjee,Male,26,North,Returning
CUST00666,2024-12-28,12,416739.0,3,5,4,3,12,Loyal Customers,Ayaan Mishra,Male,44,South,Returning
CUST00667,2024-12-24,10,319484.5,7,5,3,3,11,Loyal Customers,Rohit Chatterjee,Male,30,West,New
CUST00668,2024-11-15,8,100903.0,46,3,2,1,6,Hibernating,Suresh Mishra,Male,36,West,New
CUST00669,2024-12-29,10,401482.5,2,5,3,3,11,Loyal Customers,Vihaan Reddy,Male,38,East,Returning
CUST00670,2024-11-30,10,494528.0,31,4,3,4,11,Loyal Customers,Ramesh Reddy,Male,41,North,Returning
CUST00671,2024-02-11,9,74766.5,324,1,2,1,4,Hibernating,Krishna Pillai,Male,55,North,New
CUST00672,2024-08-19,12,75113.5,134,2,4,1,7,At Risk,Navya Bose,Female,21,East,New
CUST00673,2024-11-08,6,360560.0,53,3,1,3,7,At Risk,Aditya Patel,Male,41,North,Returning
CUST00674,2024-06-23,7,288616.0,191,1,1,2,4,Hibernating,Aditya Patel,Male,52,North,Returning
CUST00675,2024-05-21,6,74840.0,224,1,1,1,3,Lost,Ramesh Singh,Male,20,Central,New
CUST00676,2024-09-01,14,783939.0,121,2,5,5,12,Loyal Customers,Sneha Kumar,Female,21,West,Returning
CUST00677,2024-10-09,14,977644.0,83,2,5,5,12,Loyal Customers,Prateek Verma,Male,54,North,Returning
CUST00678,2024-03-29,9,527153.0,277,1,2,4,7,At Risk,Deepak Shah,Male,57,East,Returning
CUST00679,2024-10-17,12,328562.0,75,2,4,3,9,At Risk,Meera Reddy,Female,52,Central,New
CUST00680,2024-12-16,4,279353.0,15,5,1,2,8,At Risk,Anika Mishra,Female,48,South,Returning
CUST00681,2024-11-20,8,619136.0,41,3,2,4,9,At Risk,Sneha Mishra,Female,61,West,New
CUST00682,2024-12-31,8,373055.0,0,5,2,3,10,Loyal Customers,Vivaan Iyer,Male,42,West,Returning
CUST00683,2024-12-29,9,97484.0,2,5,2,1,8,At Risk,Manish Iyer,Male,57,North,Returning
CUST00684,2024-12-28,13,923660.0,3,5,4,5,14,Champions,Sneha Singh,Female,30,South,Returning
CUST00685,2024-11-04,14,610866.5,57,3,5,4,12,Loyal Customers,Divya Das,Female,21,East,Returning
CUST00686,2024-12-08,13,511041.0,23,4,4,4,12,Loyal Customers,Mahi Kumar,Female,63,South,Returning
CUST00687,2024-10-24,10,236650.0,68,3,3,2,8,At Risk,Nisha Joshi,Female,31,South,Returning
CUST00688,2024-01-24,5,46400.0,342,1,1,1,3,Lost,Vihaan Pillai,Male,30,North,New
CUST00689,2024-09-10,6,336636.0,112,2,1,3,6,Hibernating,Meera Pillai,Female,44,Central,Returning
CUST00690,2024-10-14,9,329798.0,78,2,2,3,7,At Risk,Vihaan Nair,Male,23,North,New
CUST00691,2024-06-04,8,453552.0,210,1,2,4,7,At Risk,Deepak Joshi,Male,34,West,New
CUST00692,2024-12-02,8,32003.0,29,4,2,1,7,At Risk,Ramesh Shah,Male,53,West,Returning
CUST00693,2024-05-03,8,375961.0,242,1,2,3,6,Hibernating,Manish Jain,Male,57,South,Returning
CUST00694,2024-12-07,14,581515.0,24,4,5,4,13,Champions,Prateek Sharma,Male,52,Central,Returning
CUST00695,2024-12-08,9,125443.0,23,4,2,1,7,At Risk,Manish Nair,Male,34,North,Returning
CUST00696,2024-11-25,6,145877.0,36,4,1,1,6,Hibernating,Aadhya Gupta,Female,58,East,Returning
CUST00697,2024-12-10,8,700233.0,21,4,2,5,11,Loyal Customers,Krishna Iyer,Male,19,South,Returning
CUST00698,2024-11-26,10,485758.5,35,4,3,4,11,Loyal Customers,Priya Pillai,Female,30,North,New
CUST00699,2024-12-30,9,421023.0,1,5,2,3,10,Loyal Customers,Aarav Gupta,Male,19,West,Returning
CUST00700,2024-09-10,11,412753.0,112,2,3,3,8,At Risk,Arjun Agarwal,Male,45,South,Returning
CUST00701,2024-12-05,12,97980.0,26,4,4,1,9,At Risk,Suresh Patel,Male,60,West,New
CUST00702,2023-05-15,4,55528.0,596,1,1,1,3,Lost,Arjun Sharma,Male,43,South,New
CUST00703,2024-12-04,13,459079.5,27,4,4,4,12,Loyal Customers,Aditya Das,Male,39,West,Returning
CUST00704,2024-08-24,5,110670.0,129,2,1,1,4,Hibernating,Reyansh Yadav,Male,64,East,New
CUST00705,2024-10-31,9,435010.0,61,3,2,4,9,At Risk,Ramesh Chatterjee,Male,60,South,New
CUST00706,2024-12-22,13,532016.0,9,5,4,4,13,Champions,Priya Gupta,Female,20,West,New
CUST00707,2024-04-09,7,371123.0,266,1,1,3,5,Hibernating,Amit Iyer,Male,52,South,New
CUST00708,2024-12-25,12,282627.0,6,5,4,2,11,Loyal Customers,Priya Agarwal,Female,29,North,Returning
CUST00709,2024-12-23,5,121550.0,8,5,1,1,7,At Risk,Manish Patel,Male,41,North,Returning
CUST00710,2024-12-17,13,790212.0,14,5,4,5,14,Champions,Ananya Kumar,Female,22,Central,New
CUST00711,2024-12-15,14,814681.0,16,5,5,5,15,Champions,Diya Jain,Female,37,North,Returning
CUST00712,2024-12-28,10,431997.0,3,5,3,4,12,Loyal Customers,Ananya Patel,Female,56,North,New
CUST00713,2024-12-05,12,398519.5,26,4,4,3,11,Loyal Customers,Krishna Chatterjee,Male,56,East,Returning
CUST00714,2024-12-02,9,162166.0,29,4,2,1,7,At Risk,Ramesh Bose,Male,30,North,Returning
CUST00715,2024-08-12,11,443871.0,141,2,3,4,9,At Risk,Manish Chatterjee,Male,58,West,Returning
CUST00716,2024-12-10,11,602282.0,21,4,3,4,11,Loyal Customers,Kavya Nair,Female,62,South,Returning
CUST00717,2024-09-16,13,426262.0,106,2,4,3,9,At Risk,Mahi Das,Female,29,East,Returning
CUST00718,2024-12-11,9,359556.0,20,4,2,3,9,At Risk,Anika Pillai,Female,30,Central,Returning
CUST00719,2024-07-30,9,167679.0,154,1,2,1,4,Hibernating,Ramesh Singh,Male,27,West,Returning
CUST00720,2024-10-07,11,308084.0,85,2,3,3,8,At Risk,Riya Agarwal,Female,50,South,Returning
CUST00721,2024-12-07,6,137277.5,24,4,1,1,6,Hibernating,Nisha Das,Female,57,North,Returning
CUST00722,2024-02-22,12,549566.0,313,1,4,4,9,At Risk,Ishaan Verma,Male,33,East,Returning
CUST00723,2024-10-04,6,609029.0,88,2,1,4,7,At Risk,Ayaan Yadav,Male,62,West,Returning
CUST00724,2024-10-25,8,610106.0,67,3,2,4,9,At Risk,Simran Verma,Female,52,South,New
CUST00725,2024-10-04,18,217185.5,88,2,5,2,9,At Risk,Aadhya Mehta,Female,20,West,Returning
CUST00726,2024-12-23,7,388732.0,8,5,1,3,9,At Risk,Riya Mehta,Female,22,East,New
CUST00727,2024-12-15,7,888298.0,16,5,1,5,11,Loyal Customers,Arjun Nair,Male,43,South,New
CUST00728,2024-11-28,4,70441.0,33,4,1,1,6,Hibernating,Riya Reddy,Female,28,Central,New
CUST00729,2024-12-10,9,301615.0,21,4,2,3,9,At Risk,Vihaan Sharma,Male,24,South,Returning
CUST00730,2024-02-24,9,493708.0,311,1,2,4,7,At Risk,Nikhil Mishra,Male,27,East,Returning
CUST00731,2024-09-16,10,277667.0,106,2,3,2,7,At Risk,Sai Kumar,Male,59,East,Returning
CUST00732,2024-09-14,6,397482.0,108,2,1,3,6,Hibernating,Anjali Shah,Female,51,South,Returning
CUST00733,2024-12-31,18,823261.0,0,5,5,5,15,Champions,Ishita Das,Female,20,West,Returning
CUST00734,2024-11-14,14,473078.0,47,3,5,4,12,Loyal Customers,Prateek Pillai,Male,25,North,Returning
CUST00735,2024-12-26,11,595300.0,5,5,3,4,12,Loyal Customers,Aditya Yadav,Male,48,West,Returning
CUST00736,2024-12-06,13,1076549.0,25,4,4,5,13,Champions,Ananya Mishra,Female,28,East,Returning
CUST00737,2024-12-28,14,504797.5,3,5,5,4,14,Champions,Aarav Chatterjee,Male,62,South,New
CUST00738,2024-10-28,14,810820.0,64,3,5,5,13,Champions,Pari Reddy,Female,24,North,Returning
CUST00739,2024-07-02,7,586959.0,182,1,1,4,6,Hibernating,Deepak Mishra,Male,62,Central,Returning
CUST00740,2024-11-24,9,162676.0,37,4,2,1,7,At Risk,Deepak Yadav,Male,19,Central,Returning
CUST00741,2024-10-11,12,220317.0,81,2,4,2,8,At Risk,Ramesh Iyer,Male,23,South,Returning
CUST00742,2024-12-23,18,1205026.0,8,5,5,5,15,Champions,Vihaan Yadav,Male,58,East,Returning
CUST00743,2024-10-18,13,142069.5,74,2,4,1,7,At Risk,Aadhya Reddy,Female,49,West,Returning
CUST00744,2024-11-14,16,1017848.5,47,3,5,5,13,Champions,Sai Jain,Male,37,East,Returning
CUST00745,2024-08-19,10,632420.5,134,2,3,5,10,Loyal Customers,Kiran Pillai,Male,51,South,Returning
CUST00746,2024-08-16,7,368740.0,137,2,1,3,6,Hibernating,Pari Mishra,Female,33,East,New
CUST00747,2024-12-19,11,736601.0,12,5,3,5,13,Champions,Vihaan Joshi,Male,42,West,Returning
CUST00748,2024-11-25,7,500960.0,36,4,1,4,9,At Risk,Ramesh Agarwal,Male,29,South,Returning
CUST00749,2024-11-09,10,141668.5,52,3,3,1,7,At Risk,Anjali Das,Female,24,North,Returning
CUST00750,2024-12-06,12,154558.5,25,4,4,1,9,At Risk,Pari Yadav,Female,56,West,Returning
CUST00751,2024-04-28,7,258891.0,247,1,1,2,4,Hibernating,Ishaan Reddy,Male,34,East,New
CUST00752,2024-12-28,12,555407.0,3,5,4,4,13,Champions,Ishita Reddy,Female,62,North,New
CUST00753,2024-06-04,10,436782.0,210,1,3,4,8,At Risk,Diya Patel,Female,28,South,Returning
CUST00754,2024-12-16,9,265608.0,15,5,2,2,9,At Risk,Rahul Singh,Male,23,South,Returning
CUST00755,2024-07-23,7,1608047.5,161,1,1,5,7,At Risk,Rahul Das,Male,40,East,New
CUST00756,2024-11-26,15,1249896.0,35,4,5,5,14,Champions,Mahi Pillai,Female,44,East,New
CUST00757,2024-10-28,9,369373.0,64,3,2,3,8,At Risk,Sneha Kumar,Female,63,North,Returning
CUST00758,2024-10-25,11,389039.5,67,3,3,3,9,At Risk,Ayaan Singh,Male,23,North,New
CUST00759,2024-11-09,8,212259.0,52,3,2,2,7,At Risk,Navya Nair,Female,55,South,New
CUST00760,2024-12-28,12,1169436.0,3,5,4,5,14,Champions,Mahi Gupta,Female,19,Central,New
CUST00761,2024-11-17,11,167245.0,44,3,3,1,7,At Risk,Manish Kumar,Male,39,South,Returning
CUST00762,2024-12-31,16,709731.0,0,5,5,5,15,Champions,Aditya Gupta,Male,37,East,Returning
CUST00763,2024-11-22,10,478687.5,39,3,3,4,10,Loyal Customers,Nikhil Chatterjee,Male,42,South,New
CUST00764,2024-12-24,11,556369.0,7,5,3,4,12,Loyal Customers,Divya Agarwal,Female,32,East,Returning
CUST00765,2024-12-25,10,366084.0,6,5,3,3,11,Loyal Customers,Kiran Agarwal,Male,46,South,New
CUST00766,2024-12-14,12,509974.5,17,5,4,4,13,Champions,Simran Reddy,Female,25,East,New
CUST00767,2024-11-23,10,559910.0,38,4,3,4,11,Loyal Customers,Priya Kumar,Female,54,East,New
CUST00768,2024-05-26,6,227752.0,219,1,1,2,4,Hibernating,Lakshmi Patel,Female,50,South,New
CUST00769,2024-11-08,13,965925.0,53,3,4,5,12,Loyal Customers,Nikhil Chatterjee,Male,39,South,New
CUST00770,2024-12-27,9,607499.0,4,5,2,4,11,Loyal Customers,Riya Nair,Female,64,Central,New
CUST00771,2024-10-17,9,102620.0,75,2,2,1,5,Hibernating,Deepak Verma,Male,22,North,Returning
CUST00772,2024-12-04,13,519079.0,27,4,4,4,12,Loyal Customers,Sneha Das,Female,56,North,Returning
CUST00773,2024-12-25,11,282292.0,6,5,3,2,10,Loyal Customers,Aditya Iyer,Male,35,East,Returning
CUST00774,2024-11-20,6,853560.0,41,3,1,5,9,At Risk,Kiran Chatterjee,Male,55,East,Returning
CUST00775,2024-12-11,11,110258.5,20,4,3,1,8,At Risk,Ananya Verma,Female,54,South,New
CUST00776,2024-10-27,10,290315.0,65,3,3,3,9,At Risk,Amit Iyer,Male,47,Central,Returning
CUST00777,2024-12-27,8,503716.0,4,5,2,4,11,Loyal Customers,Aditya Patel,Male,48,Central,New
CUST00778,2024-08-30,8,228356.0,123,2,2,2,6,Hibernating,Simran Jain,Female,27,North,Returning
CUST00779,2024-10-29,13,693148.0,63,3,4,5,12,Loyal Customers,Sonal Yadav,Female,32,North,New
CUST00780,2024-11-07,6,545459.0,54,3,1,4,8,At Risk,Lakshmi Agarwal,Female,59,South,Returning
CUST00781,2024-11-14,6,97959.0,47,3,1,1,5,Hibernating,Meera Verma,Female,61,Central,Returning
CUST00782,2024-11-22,9,868339.0,39,3,2,5,10,Loyal Customers,Kiran Agarwal,Male,35,East,New
CUST00783,2024-12-21,17,1070774.5,10,5,5,5,15,Champions,Reyansh Reddy,Male,40,North,Returning
CUST00784,2024-10-31,9,52055.0,61,3,2,1,6,Hibernating,Manish Bose,Male,50,Central,New
CUST00785,2024-12-07,6,880202.0,24,4,1,5,10,Loyal Customers,Rahul Kumar,Male,33,North,Returning
CUST00786,2024-12-20,16,813387.0,11,5,5,5,15,Champions,Ananya Chatterjee,Female,55,North,Returning
CUST00787,2024-12-15,12,667753.0,16,5,4,5,14,Champions,Anika Reddy,Female,52,Central,New
CUST00788,2024-10-04,12,108581.0,88,2,4,1,7,At Risk,Aditya Das,Male,51,South,New
CUST00789,2024-09-15,11,609814.5,107,2,3,4,9,At Risk,Sai Verma,Male,45,North,New
CUST00790,2024-09-07,14,262396.0,115,2,5,2,9,At Risk,Ishita Chatterjee,Female,19,West,Returning
CUST00791,2024-12-17,10,559507.5,14,5,3,4,12,Loyal Customers,Kiran Das,Male,47,South,New
CUST00792,2024-11-14,12,181729.5,47,3,4,2,9,At Risk,Sonal Jain,Female,30,South,Returning
CUST00793,2024-02-19,10,193759.0,316,1,3,2,6,Hibernating,Sai Pillai,Male,58,South,Returning
CUST00794,2024-12-16,11,874063.0,15,5,3,5,13,Champions,Sneha Iyer,Female,33,East,New
CUST00795,2024-10-04,12,183366.0,88,2,4,2,8,At Risk,Suresh Mishra,Male,22,North,Returning
CUST00796,2024-09-12,10,130680.0,110,2,3,1,6,Hibernating,Priya Jain,Female,45,West,Returning
CUST00797,2024-11-05,4,64356.0,56,3,1,1,5,Hibernating,Ananya Reddy,Female,56,West,New
CUST00798,2024-10-27,19,895386.0,65,3,5,5,13,Champions,Pari Reddy,Female,62,West,Returning
CUST00799,2023-07-12,5,34836.0,538,1,1,1,3,Lost,Anika Shah,Female,37,South,Returning
CUST00800,2024-11-01,4,221770.0,60,3,1,2,6,Hibernating,Anjali Iyer,Female,41,Central,Returning
CUST00801,2024-11-12,12,1227336.0,49,3,4,5,12,Loyal Customers,Pooja Jain,Female,44,North,New
CUST00802,2024-10-12,6,407719.0,80,2,1,3,6,Hibernating,Arjun Reddy,Male,47,South,New
CUST00803,2024-07-26,12,353852.0,158,1,4,3,8,At Risk,Pari Agarwal,Female,62,North,Returning
CUST00804,2024-08-02,18,228321.0,151,1,5,2,8,At Risk,Navya Pillai,Female,44,West,Returning
CUST00805,2024-04-19,13,751321.0,256,1,4,5,10,Loyal Customers,Ishaan Yadav,Male,43,East,Returning
CUST00806,2024-10-16,11,196839.5,76,2,4,2,8,At Risk,Navya Jain,Female,24,West,New
CUST00807,2024-10-21,11,52059.0,71,2,4,1,7,At Risk,Pari Iyer,Female,59,East,Returning
CUST00808,2024-12-04,10,262920.0,27,4,3,2,9,At Risk,Meera Yadav,Female,64,East,Returning
CUST00809,2024-05-09,9,92385.0,236,1,2,1,4,Hibernating,Rohit Kumar,Male,55,South,New
CUST00810,2024-11-03,8,1135048.0,58,3,2,5,10,Loyal Customers,Rahul Patel,Male,22,South,New
CUST00811,2024-10-13,14,544122.0,79,2,5,4,11,Loyal Customers,Kavya Das,Female,40,South,Returning
CUST00812,2024-10-20,12,524378.0,72,2,4,4,10,Loyal Customers,Sneha Sharma,Female,45,North,Returning
CUST00813,2024-12-15,10,441097.0,16,5,3,4,12,Loyal Customers,Amit Iyer,Male,51,Central,Returning
CUST00814,2024-12-14,12,57490.5,17,5,4,1,10,Loyal Customers,Diya Mehta,Female,32,East,Returning
CUST00815,2024-12-17,11,710314.5,14,5,4,5,14,Champions,Priya Bose,Female,49,North,Returning
CUST00816,2024-12-26,17,757010.0,5,5,5,5,15,Champions,Reyansh Joshi,Male,43,West,New
CUST00817,2024-11-05,7,379988.0,56,3,1,3,7,At Risk,Navya Kumar,Female,48,South,Returning
CUST00818,2024-11-06,8,487449.0,55,3,2,4,9,At Risk,Aditya Iyer,Male,36,Central,Returning
CUST00819,2024-12-08,10,226194.0,23,4,3,2,9,At Risk,Vihaan Das,Male,26,East,Returning
CUST00820,2024-12-02,12,1070005.0,29,4,4,5,13,Champions,Prateek Das,Male,46,North,New
CUST00821,2024-12-27,9,569881.5,4,5,2,4,11,Loyal Customers,Ananya Reddy,Female,56,South,Returning
CUST00822,2024-12-26,8,165926.0,5,5,2,1,8,At Risk,Manish Kumar,Male,21,South,Returning
CUST00823,2024-12-20,10,558400.0,11,5,3,4,12,Loyal Customers,Manish Yadav,Male,20,East,New
CUST00824,2024-10-03,8,86644.0,89,2,2,1,5,Hibernating,Arjun Gupta,Male,46,Central,New
CUST00825,2024-12-01,14,816716.0,30,4,5,5,14,Champions,Sai Jain,Male,28,South,Returning
CUST00826,2024-12-13,8,188204.0,18,4,2,2,8,At Risk,Diya Chatterjee,Female,50,East,Returning
CUST00827,2024-08-07,7,121863.0,146,2,1,1,4,Hibernating,Vivaan Mishra,Male,55,South,Returning
CUST00828,2024-11-23,12,385741.0,38,4,4,3,11,Loyal Customers,Amit Joshi,Male,28,West,Returning
CUST00829,2024-12-29,11,644167.0,2,5,4,5,14,Champions,Lakshmi Jain,Female,44,South,New
CUST00830,2024-12-26,9,55125.0,5,5,2,1,8,At Risk,Ishaan Chatterjee,Male,50,East,Returning
CUST00831,2024-08-21,8,84154.0,132,2,2,1,5,Hibernating,Ayaan Shah,Male,38,Central,Returning
CUST00832,2023-12-06,3,248058.0,391,1,1,2,4,Hibernating,Ayaan Iyer,Male,56,North,Returning
CUST00833,2024-11-05,6,53540.0,56,3,1,1,5,Hibernating,Nikhil Mehta,Male,48,Central,Returning
CUST00834,2024-06-26,8,405398.5,188,1,2,3,6,Hibernating,Amit Agarwal,Male,55,East,Returning
CUST00835,2024-02-18,10,216211.0,317,1,3,2,6,Hibernating,Kiran Chatterjee,Male,63,Central,New
CUST00836,2024-10-20,7,739619.0,72,2,1,5,8,At Risk,Ishaan Yadav,Male,19,North,New
CUST00837,2024-10-06,7,430611.0,86,2,1,3,6,Hibernating,Sonal Das,Female,44,South,New
CUST00838,2023-12-04,8,139821.0,393,1,2,1,4,Hibernating,Ramesh Gupta,Male,53,East,New
CUST00839,2024-10-13,10,657821.0,79,2,3,5,10,Loyal Customers,Mahi Jain,Female,28,Central,Returning
CUST00840,2024-12-27,5,128526.0,4,5,1,1,7,At Risk,Navya Nair,Female,64,West,Returning
CUST00841,2024-02-08,7,74591.0,327,1,1,1,3,Lost,Vivaan Bose,Male,35,East,Returning
CUST00842,2023-11-10,11,938782.5,417,1,4,5,10,Loyal Customers,Sneha Shah,Female,18,North,New
CUST00843,2024-11-23,3,165480.0,38,4,1,1,6,Hibernating,Vihaan Das,Male,52,Central,Returning
CUST00844,2024-11-25,9,571424.0,36,4,2,4,10,Loyal Customers,Anika Iyer,Female,52,West,Returning
CUST00845,2024-12-09,12,641866.5,22,4,4,5,13,Champions,Aditya Gupta,Male,48,South,New
CUST00846,2024-09-04,7,219631.0,118,2,1,2,5,Hibernating,Krishna Chatterjee,Male,45,South,Returning
CUST00847,2024-12-26,9,417022.0,5,5,2,3,10,Loyal Customers,Rahul Kumar,Male,56,South,Returning
CUST00848,2024-10-22,10,777905.0,70,3,3,5,11,Loyal Customers,Kavya Patel,Female,18,North,Returning
CUST00849,2024-12-25,13,346912.0,6,5,4,3,12,Loyal Customers,Ayaan Chatterjee,Male,42,North,New
CUST00850,2024-04-26,7,102044.0,249,1,1,1,3,Lost,Sneha Sharma,Female,60,North,Returning
CUST00851,2024-03-04,10,392216.0,302,1,3,3,7,At Risk,Ramesh Verma,Male,55,North,New
CUST00852,2024-11-28,12,341738.0,33,4,4,3,11,Loyal Customers,Anjali Das,Female,37,North,New
CUST00853,2024-12-15,10,257094.0,16,5,3,2,10,Loyal Customers,Amit Joshi,Male,20,East,Returning
CUST00854,2024-07-12,8,152546.0,172,1,2,1,4,Hibernating,Anjali Patel,Female,19,West,Returning
CUST00855,2024-12-25,13,809375.0,6,5,4,5,14,Champions,Amit Joshi,Male,35,South,Returning
CUST00856,2024-11-22,7,305290.0,39,3,1,3,7,At Risk,Aarav Reddy,Male,61,South,Returning
CUST00857,2024-09-23,9,748585.0,99,2,2,5,9,At Risk,Vihaan Reddy,Male,27,South,Returning
CUST00858,2024-11-22,12,563090.0,39,3,4,4,11,Loyal Customers,Arjun Kumar,Male,22,South,New
CUST00859,2024-12-26,6,58998.0,5,5,1,1,7,At Risk,Ananya Iyer,Female,26,North,Returning
CUST00860,2024-03-08,9,252516.5,298,1,2,2,5,Hibernating,Nikhil Kumar,Male,19,North,New
CUST00861,2024-11-19,14,739047.0,42,3,5,5,13,Champions,Nisha Chatterjee,Female,51,South,New
CUST00862,2024-09-16,6,26016.0,106,2,1,1,4,Hibernating,Manish Sharma,Male,55,East,Returning
CUST00863,2024-12-20,8,512498.0,11,5,2,4,11,Loyal Customers,Aditya Sharma,Male,48,North,Returning
CUST00864,2024-10-23,7,61650.0,69,3,1,1,5,Hibernating,Krishna Mehta,Male,27,Central,Returning
CUST00865,2024-11-17,10,421906.0,44,3,3,3,9,At Risk,Arjun Shah,Male,29,North,New
CUST00866,2024-10-27,4,294844.0,65,3,1,3,7,At Risk,Simran Das,Female,53,East,New
CUST00867,2024-09-05,9,203230.5,117,2,2,2,6,Hibernating,Ramesh Singh,Male,38,West,New
CUST00868,2024-12-20,12,964808.0,11,5,4,5,14,Champions,Ishaan Joshi,Male,64,West,New
CUST00869,2024-08-06,3,20140.0,147,2,1,1,4,Hibernating,Riya Singh,Female,23,South,New
CUST00870,2024-11-18,9,70553.0,43,3,2,1,6,Hibernating,Ananya Joshi,Female,20,South,Returning
CUST00871,2024-12-25,7,56230.0,6,5,1,1,7,At Risk,Ramesh Jain,Male,27,West,Returning
CUST00872,2024-10-22,9,223156.0,70,3,2,2,7,At Risk,Kiran Patel,Male,22,West,Returning
CUST00873,2024-12-23,9,818404.0,8,5,2,5,12,Loyal Customers,Anika Bose,Female,63,West,Returning
CUST00874,2024-11-21,8,1430404.0,40,3,2,5,10,Loyal Customers,Manish Shah,Male,43,North,New
CUST00875,2024-12-30,14,177157.5,1,5,5,2,12,Loyal Customers,Aarav Das,Male,38,South,Returning
CUST00876,2024-06-21,11,458509.0,193,1,4,4,9,At Risk,Deepak Joshi,Male,62,Central,New
CUST00877,2024-09-26,7,647821.5,96,2,1,5,8,At Risk,Navya Iyer,Female,43,West,Returning
CUST00878,2024-11-16,13,313267.0,45,3,4,3,10,Loyal Customers,Kavya Sharma,Female,55,North,Returning
CUST00879,2024-07-31,12,485209.5,153,1,4,4,9,At Risk,Manish Pillai,Male,61,East,Returning
CUST00880,2024-12-10,5,129936.0,21,4,1,1,6,Hibernating,Ayaan Agarwal,Male,43,West,New
CUST00881,2024-12-25,12,183261.5,6,5,4,2,11,Loyal Customers,Ramesh Gupta,Male,25,Central,Returning
CUST00882,2024-12-13,8,164639.5,18,4,2,1,7,At Risk,Pari Das,Female,22,North,New
CUST00883,2024-08-27,13,277112.5,126,2,4,2,8,At Risk,Amit Patel,Male,32,North,New
CUST00884,2024-08-11,10,626381.0,142,2,3,4,9,At Risk,Rahul Shah,Male,33,North,New
CUST00885,2024-08-02,4,70402.0,151,1,1,1,3,Lost,Sonal Das,Female,18,North,Returning
CUST00886,2024-10-21,14,122038.5,71,2,5,1,8,At Risk,Prateek Sharma,Male,33,North,Returning
CUST00887,2024-08-29,8,364993.0,124,2,2,3,7,At Risk,Anjali Bose,Female,54,North,New
CUST00888,2024-11-21,8,96907.0,40,3,2,1,6,Hibernating,Vivaan Yadav,Male,20,South,Returning
CUST00889,2024-12-21,9,771641.0,10,5,2,5,12,Loyal Customers,Amit Nair,Male,64,West,Returning
CUST00890,2024-12-30,12,769940.0,1,5,4,5,14,Champions,Aarav Pillai,Male,48,North,Returning
CUST00891,2024-11-19,7,1235570.0,42,3,1,5,9,At Risk,Pari Pillai,Female,30,East,New
CUST00892,2024-12-13,8,77003.0,18,4,2,1,7,At Risk,Ishita Singh,Female,33,South,Returning
CUST00893,2024-04-19,11,781101.0,256,1,4,5,10,Loyal Customers,Divya Reddy,Female,60,West,Returning
CUST00894,2024-07-02,6,240405.0,182,1,1,2,4,Hibernating,Arjun Verma,Male,38,West,Returning
CUST00895,2024-12-03,10,1107571.0,28,4,3,5,12,Loyal Customers,Sneha Shah,Female,19,East,Returning
CUST00896,2024-10-23,11,94870.0,69,3,4,1,8,At Risk,Rohit Gupta,Male,44,South,Returning
CUST00897,2024-09-30,7,138507.0,92,2,1,1,4,Hibernating,Kiran Bose,Male,55,South,New
CUST00898,2024-09-18,10,332100.0,104,2,3,3,8,At Risk,Diya Kumar,Female,43,Central,New
CUST00899,2024-12-19,9,582811.0,12,5,2,4,11,Loyal Customers,Aditya Chatterjee,Male,55,West,New
CUST00900,2024-11-05,8,285474.0,56,3,2,2,7,At Risk,Vivaan Iyer,Male,63,Central,Returning
CUST00901,2024-01-18,12,292804.0,348,1,4,3,8,At Risk,Reyansh Verma,Male,42,Central,New
CUST00902,2024-12-09,9,340378.5,22,4,2,3,9,At Risk,Reyansh Verma,Male,28,East,Returning
CUST00903,2024-10-11,7,212069.0,81,2,1,2,5,Hibernating,Rohit Iyer,Male,25,West,Returning
CUST00904,2024-10-11,8,29899.5,81,2,2,1,5,Hibernating,Sonal Yadav,Female,25,South,Returning
CUST00905,2024-06-24,12,292157.5,190,1,4,3,8,At Risk,Prateek Bose,Male,50,West,Returning
CUST00906,2024-11-16,11,583464.5,45,3,4,4,11,Loyal Customers,Pooja Verma,Female,24,East,Returning
CUST00907,2024-12-28,10,584583.0,3,5,3,4,12,Loyal Customers,Mahi Iyer,Female,55,North,Returning
CUST00908,2024-12-02,15,1145331.0,29,4,5,5,14,Champions,Amit Verma,Male,38,West,Returning
CUST00909,2024-12-02,5,67455.0,29,4,1,1,6,Hibernating,Rohit Nair,Male,25,South,New
CUST00910,2024-11-21,6,345680.0,40,3,1,3,7,At Risk,Vihaan Pillai,Male,38,West,Returning
CUST00911,2024-07-12,8,319665.0,172,1,2,3,6,Hibernating,Kavya Yadav,Female,37,East,Returning
CUST00912,2024-12-04,8,37260.0,27,4,2,1,7,At Risk,Kiran Yadav,Male,25,North,Returning
CUST00913,2023-11-21,7,162479.0,406,1,1,1,3,Lost,Priya Gupta,Female,63,East,Returning
CUST00914,2024-09-22,10,998389.0,100,2,3,5,10,Loyal Customers,Nikhil Bose,Male,48,North,Returning
CUST00915,2024-10-28,5,58244.0,64,3,1,1,5,Hibernating,Sneha Das,Female,46,West,New
CUST00916,2024-12-02,13,169412.0,29,4,4,2,10,Loyal Customers,Krishna Patel,Male,26,West,Returning
CUST00917,2024-12-15,15,305230.0,16,5,5,3,13,Champions,Ramesh Patel,Male,32,North,New
CUST00918,2024-12-08,11,556003.5,23,4,4,4,12,Loyal Customers,Kavya Jain,Female,47,South,New
CUST00919,2024-12-21,14,155746.0,10,5,5,1,11,Loyal Customers,Diya Shah,Female,43,South,Returning
CUST00920,2024-12-31,9,681277.0,0,5,2,5,12,Loyal Customers,Ishaan Reddy,Male,27,North,Returning
CUST00921,2023-12-13,6,258100.0,384,1,1,2,4,Hibernating,Anika Patel,Female,46,West,New
CUST00922,2024-11-11,12,322325.0,50,3,4,3,10,Loyal Customers,Rohit Iyer,Male,33,South,Returning
CUST00923,2024-12-29,15,691526.0,2,5,5,5,15,Champions,Riya Chatterjee,Female,53,North,Returning
CUST00924,2024-12-18,10,705148.0,13,5,3,5,13,Champions,Simran Mishra,Female,37,South,Returning
CUST00925,2024-12-15,5,100884.0,16,5,1,1,7,At Risk,Sai Chatterjee,Male,62,South,Returning
CUST00926,2024-08-30,4,108867.5,123,2,1,1,4,Hibernating,Amit Chatterjee,Male,54,South,Returning
CUST00927,2024-07-24,7,335054.0,160,1,1,3,5,Hibernating,Vivaan Pillai,Male,39,South,New
CUST00928,2024-12-08,13,486619.0,23,4,4,4,12,Loyal Customers,Manish Mishra,Male,24,Central,Returning
CUST00929,2024-06-26,3,205780.0,188,1,1,2,4,Hibernating,Pooja Verma,Female,40,Central,New
CUST00930,2024-12-23,10,449387.0,8,5,3,4,12,Loyal Customers,Aditya Yadav,Male,58,East,New
CUST00931,2024-11-17,13,458039.5,44,3,5,4,12,Loyal Customers,Amit Das,Male,57,South,Returning
CUST00932,2024-12-29,14,499565.5,2,5,5,4,14,Champions,Diya Sharma,Female,46,South,Returning
CUST00933,2023-12-06,7,758044.0,391,1,1,5,7,At Risk,Navya Jain,Female,33,South,New
CUST00934,2024-11-24,12,343761.0,37,4,4,3,11,Loyal Customers,Kiran Verma,Male,55,East,New
CUST00935,2024-12-23,3,68596.0,8,5,1,1,7,At Risk,Arjun Patel,Male,45,West,Returning
CUST00936,2024-12-29,16,957096.0,2,5,5,5,15,Champions,Ayaan Pillai,Male,55,South,Returning
CUST00937,2024-11-20,5,84289.5,41,3,1,1,5,Hibernating,Amit Yadav,Male,48,East,Returning
CUST00938,2024-08-27,11,329563.0,126,2,4,3,9,At Risk,Divya Verma,Female,31,West,New
CUST00939,2024-06-23,8,389273.0,191,1,2,3,6,Hibernating,Manish Kumar,Male,50,East,Returning
CUST00940,2024-11-25,12,213941.5,36,4,4,2,10,Loyal Customers,Lakshmi Pillai,Female,26,North,New
CUST00941,2024-12-31,14,867417.0,0,5,5,5,15,Champions,Amit Chatterjee,Male,44,North,New
CUST00942,2024-11-22,9,266954.5,39,3,2,2,7,At Risk,Pari Agarwal,Female,41,West,Returning
CUST00943,2024-12-26,10,287308.5,5,5,3,2,10,Loyal Customers,Navya Das,Female,30,North,Returning
CUST00944,2024-11-15,8,354865.0,46,3,2,3,8,At Risk,Sneha Yadav,Female,43,West,New
CUST00945,2024-10-11,11,518390.0,81,2,4,4,10,Loyal Customers,Rohit Nair,Male,46,East,New
CUST00946,2024-12-06,9,275362.0,25,4,2,2,8,At Risk,Ayaan Singh,Male,60,South,Returning
CUST00947,2024-12-27,7,216585.0,4,5,1,2,8,At Risk,Aarav Gupta,Male,45,West,New
CUST00948,2024-11-03,9,336046.0,58,3,2,3,8,At Risk,Nisha Das,Female,45,West,New
CUST00949,2023-07-21,5,118074.0,529,1,1,1,3,Lost,Anjali Shah,Female,25,South,Returning
CUST00950,2024-12-07,6,486752.0,24,4,1,4,9,At Risk,Anika Nair,Female,40,East,New
CUST00951,2024-06-02,9,672483.5,212,1,2,5,8,At Risk,Pooja Chatterjee,Female,46,South,New
CUST00952,2024-10-31,11,249741.0,61,3,4,2,9,At Risk,Mahi Jain,Female,22,South,Returning
CUST00953,2024-12-10,7,288741.0,21,4,1,2,7,At Risk,Ishaan Bose,Male,59,West,Returning
CUST00954,2024-03-31,8,169212.0,275,1,2,2,5,Hibernating,Mahi Singh,Female,24,Central,Returning
CUST00955,2024-11-06,11,520208.0,55,3,4,4,11,Loyal Customers,Arjun Patel,Male,59,North,Returning
CUST00956,2024-10-19,10,868770.0,73,2,3,5,10,Loyal Customers,Kiran Gupta,Male,53,East,Returning
CUST00957,2024-12-03,9,654110.0,28,4,2,5,11,Loyal Customers,Kiran Patel,Male,58,East,Returning
CUST00958,2024-04-07,9,562239.5,268,1,2,4,7,At Risk,Rohit Pillai,Male,44,South,Returning
CUST00959,2024-11-04,10,271962.0,57,3,3,2,8,At Risk,Aditya Shah,Male,63,East,New
CUST00960,2024-12-03,13,955490.0,28,4,5,5,14,Champions,Meera Iyer,Female,19,Central,Returning
CUST00961,2024-09-24,11,702716.0,98,2,4,5,11,Loyal Customers,Ishaan Gupta,Male,42,East,Returning
CUST00962,2024-12-18,11,451051.0,13,5,4,4,13,Champions,Diya Pillai,Female,26,North,Returning
CUST00963,2024-10-05,7,60466.0,87,2,1,1,4,Hibernating,Rahul Joshi,Male,44,North,Returning
CUST00964,2024-12-20,6,95788.0,11,5,1,1,7,At Risk,Vihaan Mehta,Male,18,East,Returning
CUST00965,2024-11-23,11,121752.0,38,4,4,1,9,At Risk,Arjun Joshi,Male,40,East,Returning
CUST00966,2024-10-07,7,110506.0,85,2,1,1,4,Hibernating,Nikhil Sharma,Male,27,East,New
CUST00967,2024-09-01,7,340366.0,121,2,1,3,6,Hibernating,Sneha Shah,Female,59,Central,New
CUST00968,2024-11-10,5,169252.5,51,3,1,2,6,Hibernating,Deepak Pillai,Male,42,West,Returning
CUST00969,2024-12-07,15,918942.0,24,4,5,5,14,Champions,Lakshmi Shah,Female,20,South,New
CUST00970,2024-12-30,15,448332.5,1,5,5,4,14,Champions,Arjun Jain,Male,23,North,New
CUST00971,2024-10-30,10,198089.0,62,3,3,2,8,At Risk,Pari Patel,Female,23,West,New
CUST00972,2024-11-16,9,274320.0,45,3,2,2,7,At Risk,Riya Yadav,Female,19,North,New
CUST00973,2024-06-10,9,333993.0,204,1,2,3,6,Hibernating,Nisha Das,Female,35,North,Returning
CUST00974,2024-03-10,7,135068.0,296,1,1,1,3,Lost,Ramesh Mishra,Male,40,Central,New
CUST00975,2024-03-03,11,551213.5,303,1,4,4,9,At Risk,Deepak Patel,Male,19,East,New
CUST00976,2024-11-18,8,523988.0,43,3,2,4,9,At Risk,Arjun Reddy,Male,29,East,New
CUST00977,2024-11-27,16,463741.0,34,4,5,4,13,Champions,Pari Chatterjee,Female,39,Central,Returning
CUST00978,2024-10-27,11,272672.5,65,3,4,2,9,At Risk,Kiran Das,Male,54,West,New
CUST00979,2024-12-27,12,630655.0,4,5,4,5,14,Champions,Amit Kumar,Male,37,North,Returning
CUST00980,2024-06-14,11,488718.0,200,1,4,4,9,At Risk,Meera Agarwal,Female,56,North,New
CUST00981,2024-10-15,7,27386.0,77,2,1,1,4,Hibernating,Sai Kumar,Male,41,South,Returning
CUST00982,2024-03-15,9,96136.5,291,1,2,1,4,Hibernating,Kavya Das,Female,37,East,Returning
CUST00983,2024-12-30,9,468300.0,1,5,2,4,11,Loyal Customers,Vivaan Singh,Male,18,North,New
CUST00984,2024-11-15,12,667083.0,46,3,4,5,12,Loyal Customers,Rahul Kumar,Male,18,North,Returning
CUST00985,2024-11-06,18,272457.0,55,3,5,2,10,Loyal Customers,Riya Gupta,Female,34,North,Returning
CUST00986,2024-11-06,8,150667.0,55,3,2,1,6,Hibernating,Sai Reddy,Male,18,East,Returning
CUST00987,2024-12-29,11,543592.0,2,5,4,4,13,Champions,Ishita Pillai,Female,62,North,Returning
CUST00988,2024-10-09,17,610586.0,83,2,5,4,11,Loyal Customers,Rahul Iyer,Male,47,West,Returning
CUST00989,2024-11-15,14,476200.5,46,3,5,4,12,Loyal Customers,Aditya Nair,Male,58,South,Returning
CUST00990,2024-11-24,12,307060.5,37,4,4,3,11,Loyal Customers,Mahi Shah,Female,64,West,Returning
CUST00991,2023-10-17,5,35828.0,441,1,1,1,3,Lost,Pooja Kumar,Female,20,West,New
CUST00992,2024-10-20,10,324423.0,72,2,3,3,8,At Risk,Riya Jain,Female,63,West,New
CUST00993,2024-09-22,11,321223.0,100,2,4,3,9,At Risk,Prateek Patel,Male,28,West,Returning
CUST00994,2024-12-07,9,524314.0,24,4,2,4,10,Loyal Customers,Sonal Gupta,Female,41,North,Returning
CUST00995,2024-10-01,8,183108.0,91,2,2,2,6,Hibernating,Deepak Agarwal,Male,39,West,Returning
CUST00996,2024-11-02,12,207495.0,59,3,4,2,9,At Risk,Arjun Gupta,Male,61,West,Returning
CUST00997,2024-10-30,8,97493.0,62,3,2,1,6,Hibernating,Simran Jain,Female,62,South,Returning
CUST00998,2024-12-14,8,47018.0,17,5,2,1,8,At Risk,Rohit Agarwal,Male,43,Central,Returning
CUST00999,2023-11-09,6,37423.0,418,1,1,1,3,Lost,Ananya Sharma,Female,30,North,Returning
CUST01000,2024-12-11,6,509644.0,20,4,1,4,9,At Risk,Aditya Verma,Male,18,North,Returning
CUST01001,2024-12-18,5,202654.0,13,5,1,2,8,At Risk,Deepak Nair,Male,41,Central,Returning
CUST01002,2024-07-15,7,106138.0,169,1,1,1,3,Lost,Reyansh Agarwal,Male,27,North,New
CUST01003,2024-10-26,10,664176.0,66,3,3,5,11,Loyal Customers,Kavya Jain,Female,52,North,New
CUST01004,2024-11-20,4,124870.0,41,3,1,1,5,Hibernating,Aadhya Bose,Female,41,East,Returning
CUST01005,2024-12-23,11,527159.0,8,5,4,4,13,Champions,Meera Iyer,Female,45,North,Returning
CUST01006,2024-12-21,7,84236.0,10,5,1,1,7,At Risk,Riya Bose,Female,53,East,New
CUST01007,2024-10-08,12,761240.0,84,2,4,5,11,Loyal Customers,Ishita Yadav,Female,33,West,New
CUST01008,2024-11-27,12,454664.5,34,4,4,4,12,Loyal Customers,Riya Chatterjee,Female,57,Central,Returning
CUST01009,2023-04-19,7,229309.0,622,1,1,2,4,Hibernating,Aditya Verma,Male,33,Central,Returning
CUST01010,2024-03-01,14,1010292.5,305,1,5,5,11,Loyal Customers,Sai Chatterjee,Male,34,West,Returning
CUST01011,2024-08-08,7,283792.0,145,2,1,2,5,Hibernating,Ramesh Bose,Male,32,West,Returning
CUST01012,2024-12-21,11,411190.5,10,5,4,3,12,Loyal Customers,Lakshmi Mehta,Female,33,South,Returning
CUST01013,2024-09-12,11,747889.0,110,2,4,5,11,Loyal Customers,Priya Jain,Female,32,West,New
CUST01014,2024-07-08,10,900948.0,176,1,3,5,9,At Risk,Arjun Reddy,Male,51,South,Returning
CUST01015,2023-10-05,9,376444.0,453,1,2,3,6,Hibernating,Priya Pillai,Female,28,South,Returning
CUST01016,2024-05-21,8,86313.0,224,1,2,1,4,Hibernating,Anjali Kumar,Female,18,East,New
CUST01017,2024-11-15,8,1013120.0,46,3,2,5,10,Loyal Customers,Amit Das,Male,32,East,New
CUST01018,2024-10-25,8,1393555.0,67,3,2,5,10,Loyal Customers,Meera Singh,Female,43,West,New
CUST01019,2024-12-04,10,396599.0,27,4,3,3,10,Loyal Customers,Priya Joshi,Female,21,East,Returning
CUST01020,2024-03-18,9,201825.0,288,1,2,2,5,Hibernating,Kiran Singh,Male,60,West,New
CUST01021,2024-12-24,14,594504.0,7,5,5,4,14,Champions,Pooja Chatterjee,Female,22,South,Returning
CUST01022,2024-12-13,6,213733.0,18,4,1,2,7,At Risk,Ayaan Kumar,Male,52,South,Returning
CUST01023,2024-09-05,8,223422.0,117,2,2,2,6,Hibernating,Anika Verma,Female,30,South,Returning
CUST01024,2024-12-24,19,403309.5,7,5,5,3,13,Champions,Riya Yadav,Female,27,North,Returning
CUST01025,2024-11-05,10,185389.0,56,3,3,2,8,At Risk,Simran Mishra,Female,28,South,New
CUST01026,2024-11-27,9,379886.0,34,4,2,3,9,At Risk,Ayaan Gupta,Male,35,West,Returning
CUST01027,2024-11-14,13,279481.0,47,3,5,2,10,Loyal Customers,Priya Agarwal,Female,51,West,Returning
CUST01028,2024-06-02,8,410929.5,212,1,2,3,6,Hibernating,Priya Mehta,Female,56,East,New
CUST01029,2024-10-04,16,353250.0,88,2,5,3,10,Loyal Customers,Sai Bose,Male,58,North,Returning
CUST01030,2024-09-19,10,96460.5,103,2,3,1,6,Hibernating,Sonal Chatterjee,Female,59,East,Returning
CUST01031,2024-11-28,10,1327115.5,33,4,3,5,12,Loyal Customers,Nikhil Iyer,Male,40,South,New
CUST01032,2024-11-11,7,78928.5,50,3,1,1,5,Hibernating,Nisha Sharma,Female,24,South,Returning
CUST01033,2024-10-06,10,489522.5,86,2,3,4,9,At Risk,Aditya Yadav,Male,56,North,Returning
CUST01034,2024-12-30,12,604122.0,1,5,4,4,13,Champions,Rahul Chatterjee,Male,20,West,Returning
CUST01035,2024-12-26,6,146020.0,5,5,1,1,7,At Risk,Ayaan Mehta,Male,29,Central,Returning
CUST01036,2024-11-25,6,269064.0,36,4,1,2,7,At Risk,Divya Pillai,Female,24,West,New
CUST01037,2024-05-24,6,245980.0,221,1,1,2,4,Hibernating,Vivaan Verma,Male,43,North,New
CUST01038,2024-10-16,10,447799.0,76,2,3,4,9,At Risk,Riya Bose,Female,50,Central,Returning
CUST01039,2024-07-21,6,79188.0,163,1,1,1,3,Lost,Manish Bose,Male,54,North,Returning
CUST01040,2024-10-30,13,1079183.0,62,3,5,5,13,Champions,Ishaan Shah,Male,32,South,Returning
CUST01041,2024-10-29,7,387468.0,63,3,1,3,7,At Risk,Aarav Singh,Male,19,South,New
CUST01042,2023-11-18,11,74458.0,409,1,4,1,6,Hibernating,Kavya Kumar,Female,58,East,Returning
CUST01043,2024-10-06,11,211079.0,86,2,4,2,8,At Risk,Krishna Pillai,Male,24,West,New
CUST01044,2024-10-28,8,464634.0,64,3,2,4,9,At Risk,Anjali Pillai,Female,49,South,New
CUST01045,2024-10-05,10,612808.0,87,2,3,4,9,At Risk,Ananya Yadav,Female,21,East,Returning
CUST01046,2024-10-01,8,104918.0,91,2,2,1,5,Hibernating,Ananya Agarwal,Female,37,West,New
CUST01047,2024-12-22,10,458771.0,9,5,3,4,12,Loyal Customers,Prateek Mehta,Male,53,East,New
CUST01048,2024-07-10,10,432957.0,174,1,3,4,8,At Risk,Amit Shah,Male,49,South,New
CUST01049,2024-12-08,16,999291.5,23,4,5,5,14,Champions,Riya Patel,Female,45,West,New
CUST01050,2024-12-08,12,371753.5,23,4,4,3,11,Loyal Customers,Suresh Das,Male,30,East,Returning
CUST01051,2024-12-15,11,159639.0,16,5,4,1,10,Loyal Customers,Lakshmi Shah,Female,18,East,Returning
CUST01052,2024-12-19,13,448405.5,12,5,5,4,14,Champions,Krishna Jain,Male,52,West,New
CUST01053,2024-12-18,11,690864.0,13,5,4,5,14,Champions,Simran Singh,Female,47,East,Returning
CUST01054,2024-11-10,8,281557.5,51,3,2,2,7,At Risk,Navya Singh,Female,53,North,Returning
CUST01055,2024-12-17,7,322580.0,14,5,1,3,9,At Risk,Anjali Pillai,Female,42,West,Returning
CUST01056,2024-12-09,10,272404.0,22,4,3,2,9,At Risk,Rohit Shah,Male,33,East,New
CUST01057,2024-10-14,14,217511.0,78,2,5,2,9,At Risk,Sneha Kumar,Female,36,West,Returning
CUST01058,2024-11-01,10,500299.0,60,3,3,4,10,Loyal Customers,Reyansh Jain,Male,18,North,Returning
CUST01059,2024-11-12,15,504229.0,49,3,5,4,12,Loyal Customers,Rahul Yadav,Male,22,North,New
CUST01060,2024-11-09,12,604786.0,52,3,4,4,11,Loyal Customers,Sonal Verma,Female,39,East,Returning
CUST01061,2023-11-12,9,114062.0,415,1,2,1,4,Hibernating,Ananya Verma,Female,41,West,Returning
CUST01062,2024-11-25,13,724814.0,36,4,5,5,14,Champions,Navya Reddy,Female,60,Central,Returning
CUST01063,2024-11-24,10,172826.0,37,4,3,2,9,At Risk,Nisha Das,Female,62,East,New
CUST01064,2024-11-04,13,472036.5,57,3,5,4,12,Loyal Customers,Kiran Kumar,Male,54,East,New
CUST01065,2024-10-28,12,647202.0,64,3,4,5,12,Loyal Customers,Manish Das,Male,53,South,New
CUST01066,2024-10-31,7,465084.0,61,3,1,4,8,At Risk,Navya Reddy,Female,53,North,Returning
CUST01067,2024-09-10,9,601261.0,112,2,2,4,8,At Risk,Manish Reddy,Male,21,North,New
CUST01068,2024-12-02,17,626893.5,29,4,5,5,14,Champions,Sai Yadav,Male,53,North,Returning
CUST01069,2024-12-22,15,133658.0,9,5,5,1,11,Loyal Customers,Manish Iyer,Male,35,West,Returning
CUST01070,2024-11-09,13,963550.0,52,3,5,5,13,Champions,Deepak Reddy,Male,33,South,New
CUST01071,2024-01-24,9,296056.0,342,1,2,3,6,Hibernating,Rahul Das,Male,58,South,New
CUST01072,2024-12-10,13,738031.0,21,4,5,5,14,Champions,Prateek Bose,Male,35,East,Returning
CUST01073,2024-12-23,12,595041.0,8,5,4,4,13,Champions,Deepak Iyer,Male,39,South,Returning
CUST01074,2024-11-30,6,306512.0,31,4,1,3,8,At Risk,Nikhil Sharma,Male,19,North,New
CUST01075,2024-09-17,11,225390.0,105,2,4,2,8,At Risk,Sneha Reddy,Female,38,East,Returning
CUST01076,2024-12-24,13,597492.5,7,5,5,4,14,Champions,Vihaan Mishra,Male,53,North,Returning
CUST01077,2024-10-03,10,241181.0,89,2,3,2,7,At Risk,Deepak Iyer,Male,61,South,Returning
CUST01078,2023-11-16,6,88200.0,411,1,1,1,3,Lost,Aadhya Jain,Female,56,West,Returning
CUST01079,2024-10-21,10,388008.0,71,2,3,3,8,At Risk,Nikhil Nair,Male,64,West,New
CUST01080,2024-11-09,5,103584.0,52,3,1,1,5,Hibernating,Divya Agarwal,Female,56,Central,Returning
CUST01081,2024-11-17,12,132226.0,44,3,4,1,8,At Risk,Ishita Verma,Female,46,North,Returning
CUST01082,2024-12-15,12,340314.0,16,5,4,3,12,Loyal Customers,Deepak Bose,Male,43,North,New
CUST01083,2024-12-19,12,1216426.5,12,5,4,5,14,Champions,Sai Das,Male,38,East,Returning
CUST01084,2024-10-29,10,205801.5,63,3,3,2,8,At Risk,Simran Yadav,Female,34,South,New
CUST01085,2024-12-18,9,515434.5,13,5,2,4,11,Loyal Customers,Navya Joshi,Female,33,West,Returning
CUST01086,2024-11-18,8,369697.5,43,3,2,3,8,At Risk,Vivaan Agarwal,Male,48,East,Returning
CUST01087,2023-05-19,5,262335.0,592,1,1,2,4,Hibernating,Anika Mehta,Female,26,North,Returning
CUST01088,2024-12-24,11,85396.5,7,5,4,1,10,Loyal Customers,Aarav Chatterjee,Male,48,Central,New
CUST01089,2024-10-15,11,655179.0,77,2,4,5,11,Loyal Customers,Priya Mishra,Female,31,South,Returning
CUST01090,2024-06-06,6,36750.0,208,1,1,1,3,Lost,Arjun Mishra,Male,54,West,New
CUST01091,2024-02-17,5,216206.0,318,1,1,2,4,Hibernating,Mahi Mishra,Female,19,North,Returning
CUST01092,2024-10-31,9,286469.0,61,3,2,2,7,At Risk,Sonal Jain,Female,63,South,Returning
CUST01093,2024-10-21,7,561398.0,71,2,1,4,7,At Risk,Nisha Verma,Female,31,East,Returning
CUST01094,2024-10-25,14,675382.0,67,3,5,5,13,Champions,Arjun Das,Male,50,North,New
CUST01095,2024-12-14,9,583504.0,17,5,2,4,11,Loyal Customers,Reyansh Shah,Male,52,North,Returning
CUST01096,2024-11-16,8,188900.0,45,3,2,2,7,At Risk,Rohit Bose,Male,56,East,New
CUST01097,2024-05-05,12,151599.0,240,1,4,1,6,Hibernating,Rahul Yadav,Male,64,Central,Returning
CUST01098,2024-10-23,7,610747.0,69,3,1,4,8,At Risk,Rohit Gupta,Male,37,South,Returning
CUST01099,2024-12-31,18,397541.0,0,5,5,3,13,Champions,Lakshmi Shah,Female,19,North,Returning
CUST01100,2024-12-13,7,27960.0,18,4,1,1,6,Hibernating,Rohit Shah,Male,58,Central,Returning
CUST01101,2024-12-08,9,206194.5,23,4,2,2,8,At Risk,Amit Nair,Male,36,South,Returning
CUST01102,2024-12-17,5,26757.0,14,5,1,1,7,At Risk,Simran Bose,Female,54,West,New
CUST01103,2024-01-03,5,287342.0,363,1,1,2,4,Hibernating,Mahi Joshi,Female,35,North,Returning
CUST01104,2024-10-11,14,388596.0,81,2,5,3,10,Loyal Customers,Pooja Shah,Female,33,West,New
CUST01105,2024-11-16,8,332591.5,45,3,2,3,8,At Risk,Riya Joshi,Female,21,West,Returning
CUST01106,2024-09-30,7,222303.0,92,2,1,2,5,Hibernating,Ishaan Iyer,Male,29,Central,Returning
CUST01107,2024-12-24,16,706972.0,7,5,5,5,15,Champions,Reyansh Bose,Male,46,East,Returning
CUST01108,2024-12-13,14,697426.0,18,4,5,5,14,Champions,Priya Bose,Female,24,West,New
CUST01109,2024-12-01,15,722983.5,30,4,5,5,14,Champions,Sneha Shah,Female,31,West,Returning
CUST01110,2024-10-02,9,209502.0,90,2,2,2,6,Hibernating,Krishna Iyer,Male,29,South,New
CUST01111,2024-11-17,8,212515.0,44,3,2,2,7,At Risk,Anika Agarwal,Female,52,Central,New
CUST01112,2024-07-28,8,72752.0,156,1,2,1,4,Hibernating,Prateek Yadav,Male,22,South,New
CUST01113,2024-11-14,11,185905.5,47,3,4,2,9,At Risk,Suresh Pillai,Male,34,East,Returning
CUST01114,2024-10-02,9,187392.0,90,2,2,2,6,Hibernating,Arjun Iyer,Male,59,West,New
CUST01115,2024-10-13,8,708379.0,79,2,2,5,9,At Risk,Ananya Iyer,Female,49,Central,New
CUST01116,2024-12-09,7,67858.0,22,4,1,1,6,Hibernating,Pari Pillai,Female,27,West,New
CUST01117,2024-12-14,13,715023.0,17,5,5,5,15,Champions,Kiran Nair,Male,60,Central,New
CUST01118,2024-11-27,13,273816.0,34,4,5,2,11,Loyal Customers,Nisha Mehta,Female,34,West,Returning
CUST01119,2024-10-24,4,93331.5,68,3,1,1,5,Hibernating,Reyansh Shah,Male,22,West,Returning
CUST01120,2024-12-16,9,140204.0,15,5,2,1,8,At Risk,Krishna Shah,Male,62,North,New
CUST01121,2024-12-31,8,258405.0,0,5,2,2,9,At Risk,Pooja Kumar,Female,59,North,Returning
CUST01122,2024-12-26,13,235842.0,5,5,5,2,12,Loyal Customers,Anika Jain,Female,26,Central,Returning
CUST01123,2024-09-10,9,485531.0,112,2,2,4,8,At Risk,Divya Joshi,Female,50,North,Returning
CUST01124,2024-10-15,14,220507.5,77,2,5,2,9,At Risk,Ishita Verma,Female,53,North,Returning
CUST01125,2024-12-27,15,340474.5,4,5,5,3,13,Champions,Sonal Joshi,Female,53,North,New
CUST01126,2024-11-30,9,254695.0,31,4,2,2,8,At Risk,Ishita Verma,Female,35,South,Returning
CUST01127,2024-01-30,5,92308.0,336,1,1,1,3,Lost,Vihaan Mishra,Male,26,West,New
CUST01128,2024-11-03,11,440924.0,58,3,4,4,11,Loyal Customers,Rohit Bose,Male,46,North,New
CUST01129,2024-11-26,14,454682.5,35,4,5,4,13,Champions,Vihaan Kumar,Male,31,East,Returning
CUST01130,2024-10-19,10,153300.0,73,2,3,1,6,Hibernating,Aarav Shah,Male,42,North,Returning
CUST01131,2024-10-31,9,343421.0,61,3,2,3,8,At Risk,Diya Mishra,Female,32,Central,New
CUST01132,2024-08-26,11,605421.0,127,2,4,4,10,Loyal Customers,Nikhil Bose,Male,23,East,Returning
CUST01133,2024-11-18,14,290931.5,43,3,5,3,11,Loyal Customers,Reyansh Iyer,Male,59,South,Returning
CUST01134,2024-12-27,13,398845.0,4,5,5,3,13,Champions,Rohit Iyer,Male,46,North,Returning
CUST01135,2024-10-18,6,179014.0,74,2,1,2,5,Hibernating,Ananya Patel,Female,32,North,Returning
CUST01136,2024-12-08,9,234078.0,23,4,2,2,8,At Risk,Deepak Joshi,Male,46,North,Returning
CUST01137,2024-03-09,11,328796.5,297,1,4,3,8,At Risk,Meera Verma,Female,21,Central,Returning
CUST01138,2024-11-07,8,124542.0,54,3,2,1,6,Hibernating,Sai Mishra,Male,35,South,New
CUST01139,2024-12-17,12,580170.0,14,5,4,4,13,Champions,Sai Verma,Male,61,West,New
CUST01140,2024-12-26,12,526472.0,5,5,4,4,13,Champions,Anjali Bose,Female,56,East,New
CUST01141,2024-11-23,8,290051.0,38,4,2,3,9,At Risk,Diya Iyer,Female,33,South,Returning
CUST01142,2024-10-20,9,703352.0,72,2,2,5,9,At Risk,Vivaan Sharma,Male,28,North,Returning
CUST01143,2024-02-27,9,356293.0,308,1,2,3,6,Hibernating,Riya Agarwal,Female,31,East,Returning
CUST01144,2024-10-08,13,986631.0,84,2,5,5,12,Loyal Customers,Simran Singh,Female,20,North,Returning
CUST01145,2024-12-02,16,556308.0,29,4,5,4,13,Champions,Rohit Iyer,Male,59,East,New
CUST01146,2024-11-26,10,405883.0,35,4,3,3,10,Loyal Customers,Lakshmi Shah,Female,55,North,New
CUST01147,2024-11-17,9,262856.0,44,3,2,2,7,At Risk,Sonal Bose,Female,62,East,New
CUST01148,2024-12-30,17,876841.5,1,5,5,5,15,Champions,Navya Das,Female,59,Central,Returning
CUST01149,2024-02-20,10,393952.0,315,1,3,3,7,At Risk,Lakshmi Nair,Female,35,South,Returning
CUST01150,2024-12-05,12,630034.0,26,4,4,5,13,Champions,Mahi Singh,Female,37,West,Returning
CUST01151,2024-11-21,5,33925.0,40,3,1,1,5,Hibernating,Priya Gupta,Female,42,South,Returning
CUST01152,2024-12-25,3,180045.0,6,5,1,2,8,At Risk,Lakshmi Nair,Female,55,West,Returning
CUST01153,2024-08-26,11,778773.0,127,2,4,5,11,Loyal Customers,Diya Sharma,Female,30,South,Returning
CUST01154,2024-10-18,11,917282.0,74,2,4,5,11,Loyal Customers,Priya Iyer,Female,21,East,Returning
CUST01155,2024-02-05,7,196951.0,330,1,1,2,4,Hibernating,Divya Mehta,Female,31,North,Returning
CUST01156,2023-12-11,7,137912.5,386,1,1,1,3,Lost,Diya Jain,Female,50,East,Returning
CUST01157,2024-12-06,10,823190.5,25,4,3,5,12,Loyal Customers,Suresh Mishra,Male,45,North,Returning
CUST01158,2024-12-19,9,404613.0,12,5,2,3,10,Loyal Customers,Sonal Reddy,Female,54,South,Returning
CUST01159,2024-10-21,7,142635.0,71,2,1,1,4,Hibernating,Pari Yadav,Female,25,North,Returning
CUST01160,2024-05-03,2,34980.0,242,1,1,1,3,Lost,Vihaan Gupta,Male,61,North,New
CUST01161,2024-12-29,12,272148.0,2,5,4,2,11,Loyal Customers,Navya Bose,Female,51,South,New
CUST01162,2024-12-15,12,369192.0,16,5,4,3,12,Loyal Customers,Rohit Joshi,Male,61,South,Returning
CUST01163,2024-07-22,3,92141.0,162,1,1,1,3,Lost,Aarav Nair,Male,22,South,Returning
CUST01164,2024-08-15,10,373495.0,138,2,3,3,8,At Risk,Anjali Joshi,Female,22,East,New
CUST01165,2024-11-21,10,559936.0,40,3,3,4,10,Loyal Customers,Kiran Nair,Male,48,Central,New
CUST01166,2023-02-03,4,3448.0,697,1,1,1,3,Lost,Priya Iyer,Female,62,Central,New
CUST01167,2024-10-28,10,591081.0,64,3,3,4,10,Loyal Customers,Divya Agarwal,Female,26,West,Returning
CUST01168,2024-07-26,4,41059.0,158,1,1,1,3,Lost,Aarav Nair,Male,59,West,New
CUST01169,2024-10-18,6,582414.0,74,2,1,4,7,At Risk,Amit Joshi,Male,49,East,New
CUST01170,2024-12-12,11,469209.0,19,4,4,4,12,Loyal Customers,Vivaan Singh,Male,50,East,New
CUST01171,2024-10-10,13,595463.0,82,2,5,4,11,Loyal Customers,Lakshmi Iyer,Female,20,North,New
CUST01172,2024-10-21,12,1069646.0,71,2,4,5,11,Loyal Customers,Diya Yadav,Female,47,North,Returning
CUST01173,2024-10-23,15,508037.0,69,3,5,4,12,Loyal Customers,Sonal Iyer,Female,29,West,New
CUST01174,2024-12-11,11,648451.0,20,4,4,5,13,Champions,Vihaan Iyer,Male,46,East,Returning
CUST01175,2024-10-05,8,371235.0,87,2,2,3,7,At Risk,Sneha Jain,Female,20,West,Returning
CUST01176,2024-12-04,5,515145.0,27,4,1,4,9,At Risk,Ayaan Joshi,Male,43,South,Returning
CUST01177,2024-05-20,10,489452.0,225,1,3,4,8,At Risk,Navya Bose,Female,47,East,New
CUST01178,2024-11-24,16,437304.5,37,4,5,4,13,Champions,Arjun Chatterjee,Male,26,North,New
CUST01179,2024-12-04,6,289882.0,27,4,1,3,8,At Risk,Simran Pillai,Female,43,South,New
CUST01180,2024-12-03,12,617723.5,28,4,4,4,12,Loyal Customers,Ramesh Shah,Male,19,Central,New
CUST01181,2024-12-10,9,178168.0,21,4,2,2,8,At Risk,Nisha Shah,Female,20,West,Returning
CUST01182,2024-12-29,8,169982.0,2,5,2,2,9,At Risk,Reyansh Joshi,Male,63,East,New
CUST01183,2024-12-15,9,354628.0,16,5,2,3,10,Loyal Customers,Simran Patel,Female,21,East,New
CUST01184,2024-07-20,9,311374.0,164,1,2,3,6,Hibernating,Sonal Chatterjee,Female,42,East,Returning
CUST01185,2024-12-26,9,821354.0,5,5,2,5,12,Loyal Customers,Rahul Pillai,Male,30,South,Returning
CUST01186,2024-03-06,12,569184.5,300,1,4,4,9,At Risk,Pari Agarwal,Female,56,South,New
CUST01187,2024-11-18,14,983914.5,43,3,5,5,13,Champions,Anika Verma,Female,61,Central,New
CUST01188,2024-12-10,10,381499.0,21,4,3,3,10,Loyal Customers,Prateek Das,Male,52,South,New
CUST01189,2024-10-12,8,113721.0,80,2,2,1,5,Hibernating,Reyansh Agarwal,Male,40,North,Returning
CUST01190,2024-11-09,12,363167.5,52,3,4,3,10,Loyal Customers,Meera Kumar,Female,26,South,Returning
CUST01191,2024-11-25,17,750793.0,36,4,5,5,14,Champions,Sai Reddy,Male,19,East,Returning
CUST01192,2024-11-05,7,243477.5,56,3,1,2,6,Hibernating,Sonal Chatterjee,Female,58,West,Returning
CUST01193,2024-11-22,14,1100360.5,39,3,5,5,13,Champions,Vihaan Mehta,Male,61,Central,Returning
CUST01194,2024-11-10,9,351620.0,51,3,2,3,8,At Risk,Divya Bose,Female,48,North,New
CUST01195,2024-11-28,11,642813.0,33,4,4,5,13,Champions,Aditya Das,Male,61,North,Returning
CUST01196,2024-12-13,6,151879.0,18,4,1,1,6,Hibernating,Lakshmi Verma,Female,64,South,Returning
CUST01197,2023-10-22,7,127015.0,436,1,1,1,3,Lost,Lakshmi Kumar,Female,19,South,Returning
CUST01198,2024-12-01,10,347946.0,30,4,3,3,10,Loyal Customers,Sonal Mishra,Female,49,North,Returning
CUST01199,2024-10-22,11,507571.5,70,3,4,4,11,Loyal Customers,Lakshmi Agarwal,Female,35,North,Returning
CUST01200,2024-10-30,6,88845.0,62,3,1,1,5,Hibernating,Vivaan Shah,Male,30,North,Returning
CUST01201,2023-12-30,6,224542.0,367,1,1,2,4,Hibernating,Lakshmi Iyer,Female,63,North,New
CUST01202,2024-10-02,8,114986.5,90,2,2,1,5,Hibernating,Aarav Yadav,Male,22,East,Returning
CUST01203,2024-12-16,10,181680.0,15,5,3,2,10,Loyal Customers,Krishna Sharma,Male,59,South,New
CUST01204,2024-09-12,14,598294.0,110,2,5,4,11,Loyal Customers,Reyansh Agarwal,Male,61,South,Returning
CUST01205,2024-11-08,10,153796.5,53,3,3,1,7,At Risk,Aditya Verma,Male,27,North,New
CUST01206,2024-03-06,8,214765.0,300,1,2,2,5,Hibernating,Kavya Pillai,Female,60,South,Returning
CUST01207,2024-12-27,8,550616.0,4,5,2,4,11,Loyal Customers,Pari Shah,Female,42,West,Returning
CUST01208,2024-07-08,7,136127.0,176,1,1,1,3,Lost,Vivaan Patel,Male,51,North,New
CUST01209,2024-12-09,14,170269.0,22,4,5,2,11,Loyal Customers,Nikhil Verma,Male,54,North,Returning
CUST01210,2024-11-06,15,370405.5,55,3,5,3,11,Loyal Customers,Riya Mishra,Female,47,South,Returning
CUST01211,2024-07-17,9,1128700.0,167,1,2,5,8,At Risk,Sai Kumar,Male,24,South,Returning
CUST01212,2024-12-18,4,47210.0,13,5,1,1,7,At Risk,Ramesh Pillai,Male,23,South,New
CUST01213,2024-11-08,8,442811.0,53,3,2,4,9,At Risk,Suresh Chatterjee,Male,20,South,Returning
CUST01214,2024-10-06,8,74578.0,86,2,2,1,5,Hibernating,Anjali Yadav,Female,30,East,New
CUST01215,2024-12-30,11,626396.0,1,5,4,5,14,Champions,Pari Shah,Female,20,North,New
CUST01216,2024-11-22,8,209925.0,39,3,2,2,7,At Risk,Arjun Pillai,Male,43,Central,New
CUST01217,2024-10-08,11,305595.5,84,2,4,3,9,At Risk,Vihaan Gupta,Male,41,East,Returning
CUST01218,2024-01-13,4,210744.0,353,1,1,2,4,Hibernating,Meera Yadav,Female,23,North,Returning
CUST01219,2024-09-27,11,258412.0,95,2,4,2,8,At Risk,Sonal Kumar,Female,60,North,New
CUST01220,2024-12-31,5,513715.0,0,5,1,4,10,Loyal Customers,Ayaan Sharma,Male,59,South,New
CUST01221,2024-11-27,10,240626.0,34,4,3,2,9,At Risk,Aadhya Iyer,Female,29,North,Returning
CUST01222,2024-12-05,8,189537.0,26,4,2,2,8,At Risk,Kiran Shah,Male,53,East,Returning
CUST01223,2024-10-29,13,333697.0,63,3,5,3,11,Loyal Customers,Ramesh Shah,Male,19,East,Returning
CUST01224,2024-11-15,9,230172.0,46,3,2,2,7,At Risk,Anjali Joshi,Female,28,West,New
CUST01225,2024-12-21,12,574431.5,10,5,4,4,13,Champions,Ayaan Chatterjee,Male,56,East,Returning
CUST01226,2024-11-17,11,463009.0,44,3,4,4,11,Loyal Customers,Sneha Kumar,Female,51,South,New
CUST01227,2024-05-13,8,58672.5,232,1,2,1,4,Hibernating,Krishna Mehta,Male,43,East,Returning
CUST01228,2024-12-23,10,807371.0,8,5,3,5,13,Champions,Vihaan Verma,Male,35,North,Returning
CUST01229,2024-09-11,7,41050.0,111,2,1,1,4,Hibernating,Kavya Jain,Female,38,South,Returning
CUST01230,2024-12-18,9,993429.0,13,5,2,5,12,Loyal Customers,Aarav Joshi,Male,53,East,New
CUST01231,2024-12-05,9,332055.0,26,4,2,3,9,At Risk,Mahi Patel,Female,57,South,New
CUST01232,2024-11-20,10,186876.0,41,3,3,2,8,At Risk,Vihaan Jain,Male,63,South,New
CUST01233,2024-11-29,10,93619.0,32,4,3,1,8,At Risk,Vivaan Chatterjee,Male,61,North,New
CUST01234,2024-12-26,9,229559.0,5,5,2,2,9,At Risk,Manish Verma,Male,39,South,New
CUST01235,2024-10-23,11,671440.0,69,3,4,5,12,Loyal Customers,Ishita Verma,Female,47,West,Returning
CUST01236,2024-09-26,14,133844.0,96,2,5,1,8,At Risk,Suresh Chatterjee,Male,60,North,New
CUST01237,2024-07-21,7,321431.0,163,1,1,3,5,Hibernating,Ishita Shah,Female,47,North,Returning
CUST01238,2024-12-09,12,737708.0,22,4,4,5,13,Champions,Reyansh Verma,Male,25,East,New
CUST01239,2024-06-27,12,103577.0,187,1,4,1,6,Hibernating,Navya Das,Female,51,North,New
CUST01240,2024-11-01,5,80318.0,60,3,1,1,5,Hibernating,Ishaan Joshi,Male,64,Central,Returning
CUST01241,2024-12-18,8,108688.0,13,5,2,1,8,At Risk,Divya Reddy,Female,26,South,Returning
CUST01242,2024-11-13,8,382249.0,48,3,2,3,8,At Risk,Divya Jain,Female,37,East,Returning
CUST01243,2024-11-29,15,439852.0,32,4,5,4,13,Champions,Priya Joshi,Female,57,North,New
CUST01244,2023-12-29,6,830325.0,368,1,1,5,7,At Risk,Riya Kumar,Female,42,West,Returning
CUST01245,2023-11-16,9,362649.0,411,1,2,3,6,Hibernating,Sonal Joshi,Female,36,North,Returning
CUST01246,2024-11-02,10,606848.0,59,3,3,4,10,Loyal Customers,Kavya Iyer,Female,22,North,New
CUST01247,2023-12-20,5,30195.0,377,1,1,1,3,Lost,Krishna Verma,Male,28,Central,Returning
CUST01248,2024-12-09,10,35098.0,22,4,3,1,8,At Risk,Prateek Agarwal,Male,32,East,Returning
CUST01249,2024-12-27,16,601969.5,4,5,5,4,14,Champions,Diya Mishra,Female,25,West,New
CUST01250,2024-09-15,11,351544.0,107,2,4,3,9,At Risk,Meera Bose,Female,36,East,Returning
CUST01251,2023-12-27,13,555916.5,370,1,5,4,10,Loyal Customers,Ananya Pillai,Female,40,South,Returning
CUST01252,2024-11-20,10,398926.0,41,3,3,3,9,At Risk,Suresh Das,Male,44,South,New
CUST01253,2024-11-28,12,271911.0,33,4,4,2,10,Loyal Customers,Rohit Mishra,Male,57,East,Returning
CUST01254,2024-12-30,5,73598.0,1,5,1,1,7,At Risk,Ramesh Kumar,Male,49,North,New
CUST01255,2024-10-27,9,255886.0,65,3,2,2,7,At Risk,Riya Yadav,Female,43,North,Returning
CUST01256,2024-10-17,8,156189.0,75,2,2,1,5,Hibernating,Sai Shah,Male,44,South,Returning
CUST01257,2024-12-02,18,1239370.5,29,4,5,5,14,Champions,Nikhil Joshi,Male,36,South,New
CUST01258,2024-11-07,8,96213.5,54,3,2,1,6,Hibernating,Ayaan Iyer,Male,59,West,New
CUST01259,2024-02-01,7,471081.5,334,1,1,4,6,Hibernating,Arjun Chatterjee,Male,46,Central,New
CUST01260,2024-08-26,11,399417.0,127,2,4,3,9,At Risk,Ananya Shah,Female,56,East,Returning
CUST01261,2024-10-25,12,206389.0,67,3,4,2,9,At Risk,Ramesh Mishra,Male,58,Central,Returning
CUST01262,2024-05-12,9,973521.0,233,1,2,5,8,At Risk,Meera Das,Female,50,North,New
CUST01263,2024-12-26,8,149899.0,5,5,2,1,8,At Risk,Arjun Yadav,Male,36,South,New
CUST01264,2024-10-09,11,234704.5,83,2,4,2,8,At Risk,Ayaan Nair,Male,54,Central,New
CUST01265,2024-10-10,8,543092.0,82,2,2,4,8,At Risk,Reyansh Reddy,Male,36,West,New
CUST01266,2024-12-26,8,326219.0,5,5,2,3,10,Loyal Customers,Aditya Chatterjee,Male,50,South,New
CUST01267,2024-10-07,9,166897.0,85,2,2,1,5,Hibernating,Amit Patel,Male,64,North,Returning
CUST01268,2024-08-31,5,77358.0,122,2,1,1,4,Hibernating,Prateek Mehta,Male,33,South,Returning
CUST01269,2024-05-07,14,688184.0,238,1,5,5,11,Loyal Customers,Ananya Nair,Female,40,South,Returning
CUST01270,2024-10-30,13,427879.5,62,3,5,3,11,Loyal Customers,Suresh Jain,Male,24,North,Returning
CUST01271,2024-11-03,6,145341.0,58,3,1,1,5,Hibernating,Simran Verma,Female,43,Central,Returning
CUST01272,2024-11-11,13,476446.0,50,3,5,4,12,Loyal Customers,Pari Mehta,Female,49,East,Returning
CUST01273,2023-10-16,5,203720.0,442,1,1,2,4,Hibernating,Divya Shah,Female,29,North,Returning
CUST01274,2024-11-08,8,185480.0,53,3,2,2,7,At Risk,Reyansh Bose,Male,25,North,New
CUST01275,2024-05-13,9,95367.0,232,1,2,1,4,Hibernating,Reyansh Reddy,Male,22,West,New
CUST01276,2024-11-03,7,314862.0,58,3,1,3,7,At Risk,Ishaan Sharma,Male,59,South,New
CUST01277,2024-11-20,12,690993.0,41,3,4,5,12,Loyal Customers,Reyansh Mehta,Male,45,Central,Returning
CUST01278,2024-09-05,12,676546.0,117,2,4,5,11,Loyal Customers,Anika Bose,Female,22,North,Returning
CUST01279,2024-12-30,6,191582.0,1,5,1,2,8,At Risk,Ayaan Jain,Male,43,Central,New
CUST01280,2024-12-02,12,769525.5,29,4,4,5,13,Champions,Reyansh Yadav,Male,22,South,Returning
CUST01281,2024-12-08,15,823879.0,23,4,5,5,14,Champions,Ishita Shah,Female,39,West,Returning
CUST01282,2024-08-16,8,105693.0,137,2,2,1,5,Hibernating,Priya Iyer,Female,32,East,New
CUST01283,2024-11-30,5,27873.0,31,4,1,1,6,Hibernating,Anjali Chatterjee,Female,30,North,New
CUST01284,2024-05-01,5,569759.0,244,1,1,4,6,Hibernating,Prateek Pillai,Male,45,East,New
CUST01285,2023-11-21,14,371616.0,406,1,5,3,9,At Risk,Ishaan Nair,Male,50,North,New
CUST01286,2023-10-07,4,211236.0,451,1,1,2,4,Hibernating,Amit Das,Male,60,South,Returning
CUST01287,2024-10-04,13,456276.0,88,2,5,4,11,Loyal Customers,Nikhil Chatterjee,Male,40,East,Returning
CUST01288,2024-12-18,12,876697.5,13,5,4,5,14,Champions,Vihaan Bose,Male,50,North,Returning
CUST01289,2024-10-20,9,412714.0,72,2,2,3,7,At Risk,Rohit Mehta,Male,60,North,Returning
CUST01290,2024-05-08,8,381070.0,237,1,2,3,6,Hibernating,Amit Reddy,Male,35,East,Returning
CUST01291,2024-12-01,9,700723.0,30,4,2,5,11,Loyal Customers,Ramesh Verma,Male,47,Central,Returning
CUST01292,2024-07-18,7,95566.0,166,1,1,1,3,Lost,Deepak Joshi,Male,43,East,Returning
CUST01293,2024-11-10,8,394415.0,51,3,2,3,8,At Risk,Navya Sharma,Female,33,East,Returning
CUST01294,2024-11-15,7,69427.0,46,3,1,1,5,Hibernating,Pooja Shah,Female,30,North,Returning
CUST01295,2024-10-01,12,243877.0,91,2,4,2,8,At Risk,Divya Agarwal,Female,56,East,New
CUST01296,2024-12-19,11,392340.0,12,5,4,3,12,Loyal Customers,Ramesh Iyer,Male,50,West,Returning
CUST01297,2024-10-09,13,603370.0,83,2,5,4,11,Loyal Customers,Arjun Mehta,Male,43,East,New
CUST01298,2023-07-22,5,38330.0,528,1,1,1,3,Lost,Rohit Joshi,Male,18,East,Returning
CUST01299,2024-12-14,11,252703.0,17,5,4,2,11,Loyal Customers,Anjali Agarwal,Female,55,North,Returning
CUST01300,2024-11-22,17,645752.0,39,3,5,5,13,Champions,Ishita Bose,Female,19,West,New
CUST01301,2024-11-11,6,154504.0,50,3,1,1,5,Hibernating,Prateek Reddy,Male,23,West,Returning
CUST01302,2024-11-01,9,212374.5,60,3,2,2,7,At Risk,Pooja Bose,Female,63,North,New
CUST01303,2024-04-28,12,451443.5,247,1,4,4,9,At Risk,Nikhil Chatterjee,Male,55,South,New
CUST01304,2024-10-06,7,202648.0,86,2,1,2,5,Hibernating,Sai Pillai,Male,59,West,New
CUST01305,2024-12-16,7,47323.5,15,5,1,1,7,At Risk,Diya Kumar,Female,41,North,Returning
CUST01306,2024-08-07,7,236879.5,146,2,1,2,5,Hibernating,Meera Bose,Female,35,South,Returning
CUST01307,2024-06-05,7,209639.0,209,1,1,2,4,Hibernating,Diya Shah,Female,44,South,Returning
CUST01308,2024-11-29,18,678342.0,32,4,5,5,14,Champions,Ananya Das,Female,58,North,Returning
CUST01309,2024-04-23,11,556821.0,252,1,4,4,9,At Risk,Vivaan Patel,Male,25,South,New
CUST01310,2024-12-20,10,361447.0,11,5,3,3,11,Loyal Customers,Ananya Sharma,Female,45,North,New
CUST01311,2024-11-11,11,404158.5,50,3,4,3,10,Loyal Customers,Ramesh Kumar,Male,27,West,New
CUST01312,2024-12-01,11,385633.0,30,4,4,3,11,Loyal Customers,Ishita Patel,Female,34,South,Returning
CUST01313,2024-12-21,15,969532.0,10,5,5,5,15,Champions,Arjun Sharma,Male,46,East,Returning
CUST01314,2024-05-09,9,181535.0,236,1,2,2,5,Hibernating,Mahi Das,Female,23,North,New
CUST01315,2024-09-16,6,145440.0,106,2,1,1,4,Hibernating,Kiran Pillai,Male,31,Central,New
CUST01316,2024-10-26,15,109783.5,66,3,5,1,9,At Risk,Ananya Jain,Female,39,North,New
CUST01317,2024-11-15,9,951500.0,46,3,2,5,10,Loyal Customers,Manish Bose,Male,23,West,Returning
CUST01318,2024-08-20,11,165573.0,133,2,4,1,7,At Risk,Nisha Sharma,Female,43,North,New
CUST01319,2024-06-12,10,507332.0,202,1,3,4,8,At Risk,Aarav Shah,Male,56,South,New
CUST01320,2024-11-24,7,617870.0,37,4,1,4,9,At Risk,Prateek Mishra,Male,29,West,New
CUST01321,2024-12-28,19,873941.5,3,5,5,5,15,Champions,Aarav Sharma,Male,52,South,Returning
CUST01322,2024-12-17,12,801030.0,14,5,4,5,14,Champions,Rahul Nair,Male,31,South,Returning
CUST01323,2024-03-02,4,15536.0,304,1,1,1,3,Lost,Meera Iyer,Female,39,South,Returning
CUST01324,2024-11-15,10,376651.0,46,3,3,3,9,At Risk,Aarav Das,Male,40,North,Returning
CUST01325,2024-02-10,9,583042.5,325,1,2,4,7,At Risk,Kavya Gupta,Female,24,North,Returning
CUST01326,2024-04-02,6,306116.0,273,1,1,3,5,Hibernating,Vihaan Singh,Male,57,North,Returning
CUST01327,2024-10-16,6,266512.0,76,2,1,2,5,Hibernating,Rahul Kumar,Male,42,South,New
CUST01328,2024-11-10,7,509057.0,51,3,1,4,8,At Risk,Ishita Mehta,Female,30,Central,Returning
CUST01329,2024-10-17,10,498540.0,75,2,3,4,9,At Risk,Simran Das,Female,38,North,Returning
CUST01330,2024-10-05,10,211575.0,87,2,3,2,7,At Risk,Krishna Pillai,Male,58,West,New
CUST01331,2024-12-18,11,741230.0,13,5,4,5,14,Champions,Pooja Yadav,Female,27,South,Returning
CUST01332,2024-12-11,10,539110.0,20,4,3,4,11,Loyal Customers,Pari Pillai,Female,26,West,New
CUST01333,2024-05-30,8,179810.0,215,1,2,2,5,Hibernating,Suresh Chatterjee,Male,32,South,New
CUST01334,2024-09-08,11,1037297.0,114,2,4,5,11,Loyal Customers,Divya Joshi,Female,19,South,New
CUST01335,2024-12-31,9,478371.0,0,5,2,4,11,Loyal Customers,Ishita Iyer,Female,42,South,New
CUST01336,2024-11-13,8,650301.5,48,3,2,5,10,Loyal Customers,Pari Verma,Female,30,North,Returning
CUST01337,2024-11-25,10,132691.0,36,4,3,1,8,At Risk,Aditya Yadav,Male,51,South,Returning
CUST01338,2024-10-16,9,283799.0,76,2,2,2,6,Hibernating,Anjali Yadav,Female,51,South,Returning
CUST01339,2024-12-27,16,792626.0,4,5,5,5,15,Champions,Prateek Bose,Male,52,Central,Returning
CUST01340,2024-08-12,6,453632.0,141,2,1,4,7,At Risk,Vivaan Sharma,Male,55,South,New
CUST01341,2024-06-13,11,154808.0,201,1,4,1,6,Hibernating,Sai Patel,Male,20,North,Returning
CUST01342,2024-11-25,13,239798.0,36,4,5,2,11,Loyal Customers,Nikhil Mishra,Male,59,North,Returning
CUST01343,2024-11-09,11,437599.0,52,3,4,4,11,Loyal Customers,Priya Agarwal,Female,23,West,New
CUST01344,2024-06-26,11,359342.0,188,1,4,3,8,At Risk,Anika Das,Female,36,West,Returning
CUST01345,2024-11-08,9,293196.0,53,3,2,3,8,At Risk,Ananya Joshi,Female,20,East,Returning
CUST01346,2024-10-06,14,443349.5,86,2,5,4,11,Loyal Customers,Reyansh Agarwal,Male,35,North,Returning
CUST01347,2024-12-14,7,316194.0,17,5,1,3,9,At Risk,Nikhil Nair,Male,56,South,New
CUST01348,2024-12-25,13,213787.5,6,5,5,2,12,Loyal Customers,Vivaan Patel,Male,26,Central,New
CUST01349,2024-10-29,11,227050.0,63,3,4,2,9,At Risk,Pooja Shah,Female,29,South,Returning
CUST01350,2024-10-24,7,155830.0,68,3,1,1,5,Hibernating,Deepak Verma,Male,22,South,Returning
CUST01351,2024-12-11,16,621295.0,20,4,5,4,13,Champions,Diya Reddy,Female,20,North,New
CUST01352,2024-10-02,13,274639.5,90,2,5,2,9,At Risk,Aadhya Mehta,Female,28,West,Returning
CUST01353,2024-10-06,9,1272968.0,86,2,2,5,9,At Risk,Deepak Kumar,Male,47,South,New
CUST01354,2024-12-14,14,404856.5,17,5,5,3,13,Champions,Anjali Patel,Female,21,West,New
CUST01355,2024-10-01,10,489713.0,91,2,3,4,9,At Risk,Ishaan Gupta,Male,22,South,Returning
CUST01356,2024-12-14,8,426116.5,17,5,2,3,10,Loyal Customers,Divya Joshi,Female,18,East,Returning
CUST01357,2024-11-11,11,473500.0,50,3,4,4,11,Loyal Customers,Divya Yadav,Female,44,East,New
CUST01358,2024-01-07,8,643865.0,359,1,2,5,8,At Risk,Prateek Reddy,Male,45,South,New
CUST01359,2024-09-15,10,40921.0,107,2,3,1,6,Hibernating,Suresh Kumar,Male,46,West,Returning
CUST01360,2024-12-24,13,742059.5,7,5,5,5,15,Champions,Pari Das,Female,35,North,Returning
CUST01361,2024-11-27,17,235632.0,34,4,5,2,11,Loyal Customers,Sneha Verma,Female,29,East,New
CUST01362,2024-12-12,6,635554.0,19,4,1,5,10,Loyal Customers,Vihaan Mishra,Male,30,West,New
CUST01363,2024-12-24,9,49858.0,7,5,2,1,8,At Risk,Ishita Patel,Female,58,West,Returning
CUST01364,2024-07-29,8,460745.0,155,1,2,4,7,At Risk,Priya Jain,Female,19,East,Returning
CUST01365,2024-11-19,8,720528.0,42,3,2,5,10,Loyal Customers,Simran Jain,Female,54,East,New
CUST01366,2024-10-31,12,581888.5,61,3,4,4,11,Loyal Customers,Suresh Reddy,Male,62,East,Returning
CUST01367,2024-04-07,12,633262.0,268,1,4,5,10,Loyal Customers,Aadhya Nair,Female,33,North,New
CUST01368,2024-11-19,14,459448.0,42,3,5,4,12,Loyal Customers,Lakshmi Bose,Female,41,West,Returning
CUST01369,2024-01-25,10,217567.0,341,1,3,2,6,Hibernating,Ayaan Pillai,Male,52,East,Returning
CUST01370,2024-12-08,8,452524.0,23,4,2,4,10,Loyal Customers,Prateek Yadav,Male,39,Central,Returning
CUST01371,2024-12-16,7,154804.0,15,5,1,1,7,At Risk,Kavya Gupta,Female,53,South,New
CUST01372,2024-11-17,16,765512.0,44,3,5,5,13,Champions,Deepak Yadav,Male,28,West,Returning
CUST01373,2024-10-22,4,208140.0,70,3,1,2,6,Hibernating,Pari Jain,Female,63,East,Returning
CUST01374,2024-09-15,7,314961.0,107,2,1,3,6,Hibernating,Ishaan Joshi,Male,46,East,Returning
CUST01375,2024-10-01,6,134281.0,91,2,1,1,4,Hibernating,Aditya Patel,Male,52,West,Returning
CUST01376,2024-08-18,13,982028.0,135,2,5,5,12,Loyal Customers,Pooja Kumar,Female,32,Central,New
CUST01377,2024-05-16,7,217486.0,229,1,1,2,4,Hibernating,Suresh Kumar,Male,48,West,Returning
CUST01378,2024-11-23,10,473165.0,38,4,3,4,11,Loyal Customers,Suresh Reddy,Male,59,North,Returning
CUST01379,2024-10-04,9,89485.0,88,2,2,1,5,Hibernating,Amit Singh,Male,58,West,Returning
CUST01380,2024-12-09,10,924926.5,22,4,3,5,12,Loyal Customers,Pari Sharma,Female,60,Central,Returning
CUST01381,2024-09-01,9,348491.0,121,2,2,3,7,At Risk,Ishaan Chatterjee,Male,33,South,Returning
CUST01382,2024-11-10,10,584654.0,51,3,3,4,10,Loyal Customers,Amit Nair,Male,27,North,New
CUST01383,2024-12-04,17,891141.5,27,4,5,5,14,Champions,Anika Kumar,Female,49,West,Returning
CUST01384,2024-11-25,16,739796.0,36,4,5,5,14,Champions,Aditya Gupta,Male,19,West,Returning
CUST01385,2024-11-13,7,104537.0,48,3,1,1,5,Hibernating,Kavya Chatterjee,Female,41,East,Returning
CUST01386,2024-08-15,8,36017.0,138,2,2,1,5,Hibernating,Prateek Shah,Male,40,North,Returning
CUST01387,2024-11-17,10,946538.0,44,3,3,5,11,Loyal Customers,Sonal Mishra,Female,19,South,Returning
CUST01388,2024-11-24,12,405515.0,37,4,4,3,11,Loyal Customers,Vihaan Sharma,Male,55,East,New
CUST01389,2024-12-27,10,322504.0,4,5,3,3,11,Loyal Customers,Pari Pillai,Female,48,Central,New
CUST01390,2024-05-04,6,79634.0,241,1,1,1,3,Lost,Prateek Patel,Male,57,East,New
CUST01391,2024-12-27,8,299406.0,4,5,2,3,10,Loyal Customers,Manish Jain,Male,43,East,Returning
CUST01392,2024-02-14,6,294051.0,321,1,1,3,5,Hibernating,Rohit Yadav,Male,46,West,New
CUST01393,2024-10-20,12,168051.5,72,2,4,1,7,At Risk,Aarav Iyer,Male,20,South,New
CUST01394,2024-10-02,14,185271.0,90,2,5,2,9,At Risk,Ramesh Yadav,Male,31,East,Returning
CUST01395,2024-11-07,12,728089.0,54,3,4,5,12,Loyal Customers,Aditya Shah,Male,42,North,Returning
CUST01396,2024-12-25,6,450345.0,6,5,1,4,10,Loyal Customers,Ishita Agarwal,Female,18,North,Returning
CUST01397,2024-12-03,12,348550.0,28,4,4,3,11,Loyal Customers,Rahul Gupta,Male,20,Central,Returning
CUST01398,2024-10-07,15,702628.0,85,2,5,5,12,Loyal Customers,Suresh Gupta,Male,43,East,Returning
CUST01399,2024-12-22,6,136439.0,9,5,1,1,7,At Risk,Navya Nair,Female,35,East,New
CUST01400,2024-12-30,11,505124.0,1,5,4,4,13,Champions,Riya Nair,Female,26,Central,Returning
CUST01401,2024-12-09,14,291542.0,22,4,5,3,12,Loyal Customers,Nikhil Kumar,Male,55,South,New
CUST01402,2024-12-24,15,930462.0,7,5,5,5,15,Champions,Aditya Gupta,Male,40,North,Returning
CUST01403,2024-04-05,6,164481.0,270,1,1,1,3,Lost,Ramesh Nair,Male,38,North,Returning
CUST01404,2024-08-05,13,441373.0,148,1,5,4,10,Loyal Customers,Kavya Iyer,Female,18,East,Returning
CUST01405,2024-11-26,4,430815.5,35,4,1,3,8,At Risk,Nisha Patel,Female,38,West,Returning
CUST01406,2024-11-11,19,1688142.5,50,3,5,5,13,Champions,Amit Nair,Male,44,East,New
CUST01407,2024-08-11,5,633194.0,142,2,1,5,8,At Risk,Ishita Bose,Female,59,North,Returning
CUST01408,2023-04-18,5,65918.5,623,1,1,1,3,Lost,Simran Jain,Female,23,Central,New
CUST01409,2024-09-10,12,149452.5,112,2,4,1,7,At Risk,Mahi Chatterjee,Female,61,South,Returning
CUST01410,2024-12-13,13,460788.0,18,4,5,4,13,Champions,Anika Kumar,Female,53,North,Returning
CUST01411,2024-10-13,8,375383.0,79,2,2,3,7,At Risk,Ishaan Sharma,Male,45,North,Returning
CUST01412,2024-06-06,8,619906.0,208,1,2,4,7,At Risk,Suresh Reddy,Male,62,East,Returning
CUST01413,2024-03-02,7,251122.0,304,1,1,2,4,Hibernating,Manish Yadav,Male,34,Central,Returning
CUST01414,2024-12-21,11,477532.0,10,5,4,4,13,Champions,Rohit Chatterjee,Male,57,East,New
CUST01415,2024-09-18,7,271548.0,104,2,1,2,5,Hibernating,Rohit Mishra,Male,20,East,New
CUST01416,2024-10-31,10,433674.0,61,3,3,4,10,Loyal Customers,Simran Kumar,Female,29,North,Returning
CUST01417,2023-12-25,9,280319.0,372,1,2,2,5,Hibernating,Ishaan Reddy,Male,56,North,Returning
CUST01418,2024-06-13,16,675945.5,201,1,5,5,11,Loyal Customers,Manish Mehta,Male,29,East,Returning
CUST01419,2024-06-30,14,1202888.0,184,1,5,5,11,Loyal Customers,Nikhil Reddy,Male,19,North,Returning
CUST01420,2024-12-25,12,905635.5,6,5,4,5,14,Champions,Diya Yadav,Female,63,North,New
CUST01421,2024-10-03,9,538084.0,89,2,2,4,8,At Risk,Rohit Iyer,Male,39,North,New
CUST01422,2024-07-08,3,28718.0,176,1,1,1,3,Lost,Nikhil Agarwal,Male,40,East,New
CUST01423,2024-12-10,9,335063.5,21,4,2,3,9,At Risk,Ayaan Reddy,Male,47,Central,Returning
CUST01424,2024-12-13,14,670813.5,18,4,5,5,14,Champions,Suresh Nair,Male,22,East,New
CUST01425,2024-10-14,4,368146.0,78,2,1,3,6,Hibernating,Anjali Pillai,Female,26,South,New
CUST01426,2024-11-15,11,445260.0,46,3,4,4,11,Loyal Customers,Anika Agarwal,Female,38,South,Returning
CUST01427,2024-12-07,6,445130.0,24,4,1,4,9,At Risk,Reyansh Agarwal,Male,28,North,Returning
CUST01428,2024-10-12,13,1155748.0,80,2,5,5,12,Loyal Customers,Meera Gupta,Female,22,East,Returning
CUST01429,2024-11-29,9,896600.0,32,4,2,5,11,Loyal Customers,Meera Sharma,Female,52,North,Returning
CUST01430,2024-07-27,12,334263.0,157,1,4,3,8,At Risk,Lakshmi Mehta,Female,44,South,Returning
CUST01431,2024-11-14,6,161451.0,47,3,1,1,5,Hibernating,Kiran Iyer,Male,19,Central,Returning
CUST01432,2024-12-17,9,121578.0,14,5,2,1,8,At Risk,Aditya Mishra,Male,41,South,Returning
CUST01433,2024-12-28,13,199978.0,3,5,5,2,12,Loyal Customers,Nikhil Kumar,Male,48,North,New
CUST01434,2024-11-03,13,242008.0,58,3,5,2,10,Loyal Customers,Riya Joshi,Female,50,East,New
CUST01435,2024-05-08,9,613012.0,237,1,2,4,7,At Risk,Krishna Kumar,Male,56,South,New
CUST01436,2023-12-19,5,163180.0,378,1,1,1,3,Lost,Ramesh Yadav,Male,47,South,New
CUST01437,2024-11-30,12,571814.0,31,4,4,4,12,Loyal Customers,Aditya Chatterjee,Male,63,East,Returning
CUST01438,2024-12-28,14,716505.5,3,5,5,5,15,Champions,Simran Bose,Female,54,East,New
CUST01439,2024-12-13,8,852791.0,18,4,2,5,11,Loyal Customers,Deepak Yadav,Male,45,North,Returning
CUST01440,2024-12-21,13,256927.0,10,5,5,2,12,Loyal Customers,Meera Das,Female,48,West,New
CUST01441,2024-12-09,10,968502.0,22,4,3,5,12,Loyal Customers,Kavya Shah,Female,28,East,Returning
CUST01442,2024-10-07,11,306125.0,85,2,4,3,9,At Risk,Vivaan Pillai,Male,40,East,Returning
CUST01443,2024-11-15,9,140380.0,46,3,2,1,6,Hibernating,Meera Jain,Female,19,West,Returning
CUST01444,2024-12-30,6,82215.0,1,5,1,1,7,At Risk,Aditya Singh,Male,57,Central,Returning
CUST01445,2024-11-10,13,841711.0,51,3,5,5,13,Champions,Ishita Pillai,Female,58,North,New
CUST01446,2024-10-26,13,664454.0,66,3,5,5,13,Champions,Sai Jain,Male,44,North,Returning
CUST01447,2024-07-19,17,273807.0,165,1,5,2,8,At Risk,Ananya Agarwal,Female,52,North,New
CUST01448,2023-01-21,4,129352.0,710,1,1,1,3,Lost,Anjali Reddy,Female,19,North,Returning
CUST01449,2024-12-12,8,558587.0,19,4,2,4,10,Loyal Customers,Kavya Singh,Female,56,East,Returning
CUST01450,2024-12-13,14,746061.0,18,4,5,5,14,Champions,Aadhya Singh,Female,54,South,New
CUST01451,2024-10-17,13,174045.0,75,2,5,2,9,At Risk,Krishna Joshi,Male,38,North,Returning
CUST01452,2024-11-11,11,335029.0,50,3,4,3,10,Loyal Customers,Sonal Das,Female,22,North,New
CUST01453,2024-06-22,8,219993.0,192,1,2,2,5,Hibernating,Meera Agarwal,Female,62,North,Returning
CUST01454,2024-09-28,9,274745.0,94,2,2,2,6,Hibernating,Divya Joshi,Female,38,North,Returning
CUST01455,2024-10-08,11,842747.5,84,2,4,5,11,Loyal Customers,Kiran Pillai,Male,46,West,Returning
CUST01456,2024-11-07,11,741610.0,54,3,4,5,12,Loyal Customers,Anjali Chatterjee,Female,37,South,Returning
CUST01457,2024-11-24,12,424639.0,37,4,4,3,11,Loyal Customers,Divya Das,Female,55,Central,Returning
CUST01458,2024-08-23,8,499224.0,130,2,2,4,8,At Risk,Navya Pillai,Female,37,North,Returning
CUST01459,2024-07-15,7,148951.0,169,1,1,1,3,Lost,Aarav Bose,Male,42,Central,New
CUST01460,2024-08-03,14,799611.0,150,1,5,5,11,Loyal Customers,Anika Iyer,Female,19,North,Returning
CUST01461,2024-12-14,13,1078351.0,17,5,5,5,15,Champions,Ramesh Patel,Male,49,South,Returning
CUST01462,2024-10-17,12,190309.0,75,2,4,2,8,At Risk,Anika Kumar,Female,43,West,New
CUST01463,2024-11-10,10,330651.0,51,3,3,3,9,At Risk,Amit Iyer,Male,23,East,New
CUST01464,2024-10-29,12,556182.0,63,3,4,4,11,Loyal Customers,Priya Chatterjee,Female,58,North,New
CUST01465,2024-12-29,10,231832.0,2,5,3,2,10,Loyal Customers,Mahi Das,Female,20,South,Returning
CUST01466,2024-11-30,15,1131484.5,31,4,5,5,14,Champions,Nikhil Pillai,Male,50,North,Returning
CUST01467,2024-11-25,8,510550.0,36,4,2,4,10,Loyal Customers,Nisha Singh,Female,18,North,Returning
CUST01468,2023-12-27,9,298434.0,370,1,2,3,6,Hibernating,Kiran Chatterjee,Male,22,North,Returning
CUST01469,2024-08-31,15,333134.0,122,2,5,3,10,Loyal Customers,Priya Patel,Female,30,South,New
CUST01470,2024-11-07,5,349200.0,54,3,1,3,7,At Risk,Riya Verma,Female,36,North,New
CUST01471,2024-12-22,11,164333.0,9,5,4,1,10,Loyal Customers,Anika Sharma,Female,29,Central,New
CUST01472,2024-12-07,16,467396.5,24,4,5,4,13,Champions,Priya Singh,Female,42,South,Returning
CUST01473,2024-12-18,6,83373.0,13,5,1,1,7,At Risk,Diya Joshi,Female,52,West,New
CUST01474,2024-10-28,6,515589.5,64,3,1,4,8,At Risk,Rahul Gupta,Male,29,Central,Returning
CUST01475,2023-12-26,7,314908.0,371,1,1,3,5,Hibernating,Prateek Gupta,Male,47,West,Returning
CUST01476,2024-12-19,10,597990.0,12,5,3,4,12,Loyal Customers,Priya Shah,Female,22,South,Returning
CUST01477,2024-08-08,11,1154847.0,145,2,4,5,11,Loyal Customers,Kavya Chatterjee,Female,51,Central,Returning
CUST01478,2024-12-22,4,109649.0,9,5,1,1,7,At Risk,Ishita Yadav,Female,39,East,Returning
CUST01479,2024-08-04,11,319747.0,149,1,4,3,8,At Risk,Diya Gupta,Female,56,South,New
CUST01480,2024-11-26,15,575101.0,35,4,5,4,13,Champions,Ramesh Yadav,Male,30,South,New
CUST01481,2024-10-09,9,379852.5,83,2,2,3,7,At Risk,Aadhya Jain,Female,64,West,Returning
CUST01482,2024-04-16,9,198802.5,259,1,2,2,5,Hibernating,Reyansh Chatterjee,Male,20,East,Returning
CUST01483,2024-08-25,15,743440.0,128,2,5,5,12,Loyal Customers,Deepak Mishra,Male,37,West,Returning
CUST01484,2024-12-01,6,73095.0,30,4,1,1,6,Hibernating,Suresh Sharma,Male,48,East,New
CUST01485,2024-12-29,8,99152.0,2,5,2,1,8,At Risk,Reyansh Mehta,Male,22,North,Returning
CUST01486,2024-12-17,12,758897.5,14,5,4,5,14,Champions,Krishna Patel,Male,41,North,New
CUST01487,2024-10-01,10,83071.0,91,2,3,1,6,Hibernating,Deepak Singh,Male,57,East,New
CUST01488,2024-08-11,9,266066.0,142,2,2,2,6,Hibernating,Meera Gupta,Female,50,North,New
CUST01489,2024-02-29,12,637632.0,306,1,4,5,10,Loyal Customers,Amit Reddy,Male,25,West,Returning
CUST01490,2024-10-16,11,219032.0,76,2,4,2,8,At Risk,Reyansh Chatterjee,Male,41,East,New
CUST01491,2024-10-09,8,173826.0,83,2,2,2,6,Hibernating,Vihaan Nair,Male,37,East,New
CUST01492,2023-11-05,7,698066.0,422,1,1,5,7,At Risk,Nikhil Das,Male,33,North,Returning
CUST01493,2024-09-22,9,274702.5,100,2,2,2,6,Hibernating,Rohit Jain,Male,29,West,Returning
CUST01494,2024-10-17,12,228253.0,75,2,4,2,8,At Risk,Suresh Jain,Male,30,North,Returning
CUST01495,2024-12-11,12,188820.0,20,4,4,2,10,Loyal Customers,Anjali Agarwal,Female,62,East,Returning
CUST01496,2024-12-12,10,850147.0,19,4,3,5,12,Loyal Customers,Anika Pillai,Female,59,East,Returning
CUST01497,2024-12-10,10,61791.5,21,4,3,1,8,At Risk,Sneha Chatterjee,Female,56,North,New
CUST01498,2024-12-10,14,268377.0,21,4,5,2,11,Loyal Customers,Manish Gupta,Male,42,South,New
CUST01499,2024-09-17,9,144654.0,105,2,2,1,5,Hibernating,Ishaan Jain,Male,63,East,Returning
CUST01500,2024-10-18,12,504883.0,74,2,4,4,10,Loyal Customers,Divya Patel,Female,49,East,New
CUST01501,2024-10-26,12,260449.5,66,3,4,2,9,At Risk,Arjun Reddy,Male,41,East,Returning
CUST01502,2024-12-21,11,102541.0,10,5,4,1,10,Loyal Customers,Vihaan Joshi,Male,64,East,Returning
CUST01503,2024-08-14,8,367636.0,139,2,2,3,7,At Risk,Ishaan Singh,Male,61,North,Returning
CUST01504,2024-12-07,5,58915.0,24,4,1,1,6,Hibernating,Sai Pillai,Male,26,South,Returning
CUST01505,2023-12-22,2,237446.5,375,1,1,2,4,Hibernating,Arjun Das,Male,57,Central,Returning
CUST01506,2024-12-07,9,543660.0,24,4,2,4,10,Loyal Customers,Suresh Mishra,Male,40,North,New
CUST01507,2024-12-22,9,253526.5,9,5,2,2,9,At Risk,Simran Kumar,Female,30,North,Returning
CUST01508,2024-08-06,8,138968.0,147,2,2,1,5,Hibernating,Deepak Yadav,Male,49,West,New
CUST01509,2024-07-03,11,379821.0,181,1,4,3,8,At Risk,Kavya Gupta,Female,32,North,Returning
CUST01510,2024-11-20,13,869721.5,41,3,5,5,13,Champions,Nisha Shah,Female,53,North,Returning
CUST01511,2024-08-15,12,574204.0,138,2,4,4,10,Loyal Customers,Diya Shah,Female,22,North,New
CUST01512,2024-01-16,8,133160.0,350,1,2,1,4,Hibernating,Diya Bose,Female,39,East,Returning
CUST01513,2024-12-03,14,441445.0,28,4,5,4,13,Champions,Riya Kumar,Female,33,South,New
CUST01514,2024-10-24,6,164499.0,68,3,1,1,5,Hibernating,Sai Reddy,Male,58,North,New
CUST01515,2024-12-17,10,438107.5,14,5,3,4,12,Loyal Customers,Kiran Jain,Male,27,Central,Returning
CUST01516,2024-10-28,16,542559.5,64,3,5,4,12,Loyal Customers,Vivaan Pillai,Male,41,Central,New
CUST01517,2024-12-15,10,268769.0,16,5,3,2,10,Loyal Customers,Aadhya Bose,Female,35,South,New
CUST01518,2024-10-25,8,128473.0,67,3,2,1,6,Hibernating,Navya Mehta,Female,35,Central,Returning
CUST01519,2024-11-04,9,454993.0,57,3,2,4,9,At Risk,Suresh Shah,Male,24,North,Returning
CUST01520,2024-09-06,4,16520.0,116,2,1,1,4,Hibernating,Sonal Bose,Female,21,Central,New
CUST01521,2024-04-21,4,105086.0,254,1,1,1,3,Lost,Ramesh Bose,Male,43,East,New
CUST01522,2024-08-23,12,506351.0,130,2,4,4,10,Loyal Customers,Kavya Chatterjee,Female,22,South,Returning
CUST01523,2024-12-18,8,419617.0,13,5,2,3,10,Loyal Customers,Nikhil Gupta,Male,33,North,New
CUST01524,2024-11-13,12,1267838.5,48,3,4,5,12,Loyal Customers,Aditya Agarwal,Male,52,North,New
CUST01525,2024-12-30,5,64735.0,1,5,1,1,7,At Risk,Aarav Joshi,Male,43,Central,Returning
CUST01526,2024-12-10,10,375572.0,21,4,3,3,10,Loyal Customers,Ishaan Verma,Male,35,West,Returning
CUST01527,2024-10-07,14,614894.0,85,2,5,4,11,Loyal Customers,Krishna Joshi,Male,46,West,Returning
CUST01528,2024-11-03,9,37366.0,58,3,2,1,6,Hibernating,Prateek Iyer,Male,40,East,New
CUST01529,2024-12-06,7,146096.0,25,4,1,1,6,Hibernating,Diya Chatterjee,Female,31,West,Returning
CUST01530,2024-05-31,10,584009.0,214,1,3,4,8,At Risk,Deepak Bose,Male,32,East,Returning
CUST01531,2024-12-08,8,412821.0,23,4,2,3,9,At Risk,Prateek Das,Male,50,South,New
CUST01532,2024-12-11,15,434092.0,20,4,5,4,13,Champions,Anika Agarwal,Female,42,Central,New
CUST01533,2024-07-21,10,386040.0,163,1,3,3,7,At Risk,Anika Nair,Female,38,South,Returning
CUST01534,2024-04-17,11,649411.0,258,1,4,5,10,Loyal Customers,Prateek Pillai,Male,34,West,Returning
CUST01535,2024-12-08,11,385773.0,23,4,4,3,11,Loyal Customers,Prateek Verma,Male,40,North,Returning
CUST01536,2024-11-06,14,479803.0,55,3,5,4,12,Loyal Customers,Kiran Shah,Male,60,Central,Returning
CUST01537,2024-09-21,5,349112.0,101,2,1,3,6,Hibernating,Reyansh Mishra,Male,34,West,Returning
CUST01538,2024-05-04,10,1092681.0,241,1,3,5,9,At Risk,Anika Joshi,Female,31,Central,Returning
CUST01539,2024-12-14,14,622802.5,17,5,5,4,14,Champions,Ishaan Verma,Male,46,South,New
CUST01540,2024-10-26,3,14364.0,66,3,1,1,5,Hibernating,Kiran Nair,Male,37,South,New
CUST01541,2024-10-30,14,616906.0,62,3,5,4,12,Loyal Customers,Sneha Patel,Female,47,West,Returning
CUST01542,2024-06-21,7,211054.0,193,1,1,2,4,Hibernating,Kiran Singh,Male,36,South,Returning
CUST01543,2024-04-02,12,485300.0,273,1,4,4,9,At Risk,Ishita Mehta,Female,56,Central,Returning
CUST01544,2024-11-30,9,893092.0,31,4,2,5,11,Loyal Customers,Deepak Pillai,Male,30,East,Returning
CUST01545,2024-12-21,8,218196.0,10,5,2,2,9,At Risk,Simran Mishra,Female,35,South,Returning
CUST01546,2024-12-13,16,845688.0,18,4,5,5,14,Champions,Sai Jain,Male,40,North,New
CUST01547,2024-12-13,10,50062.0,18,4,3,1,8,At Risk,Navya Mehta,Female,63,West,Returning
CUST01548,2024-12-10,18,1055535.5,21,4,5,5,14,Champions,Mahi Verma,Female,50,Central,Returning
CUST01549,2024-11-20,9,46973.0,41,3,2,1,6,Hibernating,Deepak Pillai,Male,56,North,New
CUST01550,2024-07-10,9,537396.0,174,1,2,4,7,At Risk,Meera Nair,Female,57,West,New
CUST01551,2024-10-28,10,214726.0,64,3,3,2,8,At Risk,Simran Shah,Female,35,Central,Returning
CUST01552,2024-12-23,11,157551.0,8,5,4,1,10,Loyal Customers,Diya Reddy,Female,26,Central,Returning
CUST01553,2024-10-25,10,173476.0,67,3,3,2,8,At Risk,Riya Iyer,Female,50,West,New
CUST01554,2024-11-04,14,871289.0,57,3,5,5,13,Champions,Divya Nair,Female,49,East,New
CUST01555,2024-09-11,9,446585.5,111,2,2,4,8,At Risk,Rahul Singh,Male,34,East,Returning
CUST01556,2024-10-31,14,354473.0,61,3,5,3,11,Loyal Customers,Arjun Mishra,Male,36,North,Returning
CUST01557,2024-12-05,10,701588.0,26,4,3,5,12,Loyal Customers,Ananya Nair,Female,44,East,Returning
CUST01558,2024-08-20,11,216638.0,133,2,4,2,8,At Risk,Arjun Kumar,Male,23,West,Returning
CUST01559,2024-03-31,10,285795.5,275,1,3,2,6,Hibernating,Ishita Kumar,Female,52,South,Returning
CUST01560,2024-11-15,11,420421.5,46,3,4,3,10,Loyal Customers,Priya Joshi,Female,54,East,New
CUST01561,2024-10-24,8,632898.5,68,3,2,5,10,Loyal Customers,Suresh Bose,Male,51,North,Returning
CUST01562,2024-11-07,9,70666.0,54,3,2,1,6,Hibernating,Arjun Agarwal,Male,37,South,New
CUST01563,2024-12-25,10,175992.5,6,5,3,2,10,Loyal Customers,Pooja Mishra,Female,42,South,Returning
CUST01564,2023-12-30,7,74395.0,367,1,1,1,3,Lost,Suresh Chatterjee,Male,21,East,New
CUST01565,2024-12-31,10,914258.0,0,5,3,5,13,Champions,Pari Patel,Female,27,South,Returning
CUST01566,2024-11-02,17,795253.0,59,3,5,5,13,Champions,Suresh Das,Male,27,South,New
CUST01567,2024-11-04,7,759985.0,57,3,1,5,9,At Risk,Pooja Pillai,Female,41,South,Returning
CUST01568,2024-11-24,16,683698.5,37,4,5,5,14,Champions,Kiran Bose,Male,38,South,New
CUST01569,2024-11-14,9,621081.0,47,3,2,4,9,At Risk,Priya Agarwal,Female,28,East,New
CUST01570,2024-11-06,11,393013.5,55,3,4,3,10,Loyal Customers,Aarav Patel,Male,44,Central,New
CUST01571,2024-11-17,7,377833.0,44,3,1,3,7,At Risk,Lakshmi Pillai,Female,33,South,Returning
CUST01572,2024-12-10,8,103387.0,21,4,2,1,7,At Risk,Aditya Shah,Male,43,South,New
CUST01573,2024-02-21,9,729508.0,314,1,2,5,8,At Risk,Anjali Mehta,Female,47,West,Returning
CUST01574,2024-12-23,13,1303658.0,8,5,5,5,15,Champions,Kavya Mehta,Female,33,East,Returning
CUST01575,2024-12-18,10,155163.0,13,5,3,1,9,At Risk,Nikhil Nair,Male,24,East,Returning
CUST01576,2024-11-11,9,355583.0,50,3,2,3,8,At Risk,Rohit Iyer,Male,33,South,Returning
CUST01577,2024-09-11,10,96146.0,111,2,3,1,6,Hibernating,Rohit Shah,Male,52,North,Returning
CUST01578,2024-08-20,7,362864.0,133,2,1,3,6,Hibernating,Divya Kumar,Female,33,East,New
CUST01579,2024-11-28,12,638362.0,33,4,4,5,13,Champions,Divya Bose,Female,57,West,New
CUST01580,2024-12-30,12,738607.0,1,5,4,5,14,Champions,Rohit Verma,Male,29,South,Returning
CUST01581,2024-07-11,6,244350.0,173,1,1,2,4,Hibernating,Vivaan Singh,Male,52,West,New
CUST01582,2023-07-13,9,78849.0,537,1,2,1,4,Hibernating,Kiran Sharma,Male,38,North,Returning
CUST01583,2024-12-20,11,262907.0,11,5,4,2,11,Loyal Customers,Anika Gupta,Female,60,North,New
CUST01584,2024-11-11,7,174463.0,50,3,1,2,6,Hibernating,Kiran Chatterjee,Male,53,North,Returning
CUST01585,2024-12-16,11,945667.5,15,5,4,5,14,Champions,Aadhya Mishra,Female,34,Central,New
CUST01586,2024-07-06,7,241284.0,178,1,1,2,4,Hibernating,Reyansh Kumar,Male,49,North,Returning
CUST01587,2024-12-20,18,973894.0,11,5,5,5,15,Champions,Riya Gupta,Female,58,West,Returning
CUST01588,2024-09-28,12,519088.0,94,2,4,4,10,Loyal Customers,Krishna Patel,Male,23,North,New
CUST01589,2024-11-19,8,364794.0,42,3,2,3,8,At Risk,Amit Nair,Male,41,South,New
CUST01590,2024-11-18,8,933500.0,43,3,2,5,10,Loyal Customers,Pari Pillai,Female,44,East,New
CUST01591,2024-10-17,10,358375.0,75,2,3,3,8,At Risk,Diya Verma,Female,37,North,Returning
CUST01592,2024-11-23,13,385765.5,38,4,5,3,12,Loyal Customers,Anjali Iyer,Female,42,South,New
CUST01593,2024-05-17,6,199510.0,228,1,1,2,4,Hibernating,Ayaan Mishra,Male,19,South,New
CUST01594,2024-12-19,9,144363.0,12,5,2,1,8,At Risk,Aditya Singh,Male,26,East,Returning
CUST01595,2024-04-26,6,88345.5,249,1,1,1,3,Lost,Aadhya Mehta,Female,45,North,Returning
CUST01596,2024-12-16,12,450874.5,15,5,4,4,13,Champions,Nisha Patel,Female,55,West,New
CUST01597,2024-11-20,12,776579.0,41,3,4,5,12,Loyal Customers,Arjun Agarwal,Male,20,West,New
CUST01598,2024-12-19,9,289580.5,12,5,2,3,10,Loyal Customers,Ayaan Das,Male,37,North,Returning
CUST01599,2024-12-31,12,317427.0,0,5,4,3,12,Loyal Customers,Kiran Sharma,Male,23,West,Returning
CUST01600,2024-11-08,10,208002.0,53,3,3,2,8,At Risk,Aadhya Reddy,Female,56,Central,New
CUST01601,2024-12-09,11,514454.0,22,4,4,4,12,Loyal Customers,Vihaan Mishra,Male,50,Central,Returning
CUST01602,2024-09-23,10,579266.0,99,2,3,4,9,At Risk,Arjun Bose,Male,18,West,New
CUST01603,2024-01-15,8,162795.0,351,1,2,1,4,Hibernating,Aditya Joshi,Male,54,North,New
CUST01604,2024-10-25,5,31168.0,67,3,1,1,5,Hibernating,Suresh Patel,Male,23,Central,Returning
CUST01605,2024-11-26,13,249827.0,35,4,5,2,11,Loyal Customers,Vihaan Singh,Male,62,West,New
CUST01606,2024-11-23,14,725494.0,38,4,5,5,14,Champions,Rohit Pillai,Male,51,East,Returning
CUST01607,2024-11-07,8,364384.0,54,3,2,3,8,At Risk,Ishaan Kumar,Male,64,North,Returning
CUST01608,2024-12-31,4,573130.0,0,5,1,4,10,Loyal Customers,Anjali Kumar,Female,32,Central,Returning
CUST01609,2024-12-02,13,773753.5,29,4,5,5,14,Champions,Arjun Patel,Male,62,West,New
CUST01610,2024-11-16,7,281762.0,45,3,1,2,6,Hibernating,Rahul Agarwal,Male,43,East,New
CUST01611,2024-10-24,14,435070.0,68,3,5,4,12,Loyal Customers,Aadhya Jain,Female,31,West,Returning
CUST01612,2024-11-21,14,606117.0,40,3,5,4,12,Loyal Customers,Diya Chatterjee,Female,24,South,New
CUST01613,2024-12-14,12,593741.0,17,5,4,4,13,Champions,Amit Mehta,Male,63,North,Returning
CUST01614,2024-03-22,9,128957.0,284,1,2,1,4,Hibernating,Arjun Mishra,Male,48,North,New
CUST01615,2024-12-09,9,120832.0,22,4,2,1,7,At Risk,Manish Chatterjee,Male,41,East,New
CUST01616,2024-11-23,14,1071472.0,38,4,5,5,14,Champions,Mahi Patel,Female,48,South,New
CUST01617,2024-12-08,13,404619.0,23,4,5,3,12,Loyal Customers,Anika Kumar,Female,46,East,Returning
CUST01618,2024-10-25,14,380250.5,67,3,5,3,11,Loyal Customers,Anika Agarwal,Female,59,West,Returning
CUST01619,2024-12-18,11,443248.0,13,5,4,4,13,Champions,Anjali Pillai,Female,49,East,New
CUST01620,2024-11-12,13,780117.0,49,3,5,5,13,Champions,Kavya Reddy,Female,34,West,Returning
CUST01621,2024-02-20,14,452104.0,315,1,5,4,10,Loyal Customers,Arjun Joshi,Male,31,North,New
CUST01622,2024-10-12,12,724142.0,80,2,4,5,11,Loyal Customers,Krishna Patel,Male,57,West,New
CUST01623,2024-07-18,10,188590.0,166,1,3,2,6,Hibernating,Ishita Shah,Female,53,West,Returning
CUST01624,2024-09-15,11,849958.0,107,2,4,5,11,Loyal Customers,Simran Jain,Female,41,North,Returning
CUST01625,2024-08-01,10,538531.0,152,1,3,4,8,At Risk,Manish Iyer,Male,62,South,New
CUST01626,2024-08-01,9,405271.0,152,1,2,3,6,Hibernating,Aadhya Iyer,Female,44,Central,New
CUST01627,2024-11-09,9,786411.0,52,3,2,5,10,Loyal Customers,Reyansh Das,Male,42,West,Returning
CUST01628,2024-04-14,12,297312.5,261,1,4,3,8,At Risk,Manish Das,Male,49,Central,Returning
CUST01629,2023-07-24,5,103684.5,526,1,1,1,3,Lost,Reyansh Yadav,Male,35,West,Returning
CUST01630,2024-12-10,13,507709.0,21,4,5,4,13,Champions,Ishaan Verma,Male,63,East,New
CUST01631,2024-12-25,10,874914.0,6,5,3,5,13,Champions,Ishita Bose,Female,35,East,Returning
CUST01632,2024-07-29,9,414371.0,155,1,2,3,6,Hibernating,Suresh Singh,Male,54,South,New
CUST01633,2024-05-24,7,311727.0,221,1,1,3,5,Hibernating,Ishita Bose,Female,43,North,Returning
CUST01634,2024-12-20,10,181280.0,11,5,3,2,10,Loyal Customers,Simran Patel,Female,26,East,New
CUST01635,2024-08-08,12,525503.0,145,2,4,4,10,Loyal Customers,Sonal Sharma,Female,52,South,New
CUST01636,2024-12-29,11,396652.5,2,5,4,3,12,Loyal Customers,Amit Reddy,Male,25,North,Returning
CUST01637,2024-11-26,8,247971.0,35,4,2,2,8,At Risk,Arjun Yadav,Male,37,North,Returning
CUST01638,2024-11-20,9,304038.0,41,3,2,3,8,At Risk,Deepak Mishra,Male,59,East,Returning
CUST01639,2024-08-08,6,33492.0,145,2,1,1,4,Hibernating,Sneha Shah,Female,39,North,New
CUST01640,2024-11-30,10,402673.0,31,4,3,3,10,Loyal Customers,Diya Bose,Female,36,North,Returning
CUST01641,2024-10-02,9,259351.0,90,2,2,2,6,Hibernating,Aditya Sharma,Male,47,South,Returning
CUST01642,2024-12-12,6,424472.0,19,4,1,3,8,At Risk,Divya Patel,Female,45,North,New
CUST01643,2024-12-17,13,467332.5,14,5,5,4,14,Champions,Aarav Nair,Male,52,North,Returning
CUST01644,2024-08-05,9,565900.5,148,1,2,4,7,At Risk,Mahi Verma,Female,60,Central,Returning
CUST01645,2024-08-26,8,410018.0,127,2,2,3,7,At Risk,Vivaan Yadav,Male,28,North,New
CUST01646,2024-07-27,8,67120.0,157,1,2,1,4,Hibernating,Sonal Iyer,Female,48,North,New
CUST01647,2024-12-14,13,448294.5,17,5,5,4,14,Champions,Rahul Mishra,Male,56,East,New
CUST01648,2024-09-21,8,642397.5,101,2,2,5,9,At Risk,Kavya Yadav,Female,53,South,New
CUST01649,2024-11-22,8,35242.0,39,3,2,1,6,Hibernating,Pari Shah,Female,47,Central,Returning
CUST01650,2024-09-10,7,429762.5,112,2,1,3,6,Hibernating,Meera Jain,Female,40,West,Returning
CUST01651,2024-08-27,10,144900.0,126,2,3,1,6,Hibernating,Arjun Nair,Male,36,West,Returning
CUST01652,2024-06-06,5,134948.0,208,1,1,1,3,Lost,Aditya Iyer,Male,29,East,New
CUST01653,2024-08-30,11,523352.0,123,2,4,4,10,Loyal Customers,Aditya Das,Male,32,Central,Returning
CUST01654,2024-02-04,5,580399.0,331,1,1,4,6,Hibernating,Reyansh Kumar,Male,48,West,Returning
CUST01655,2024-12-15,21,819531.0,16,5,5,5,15,Champions,Prateek Reddy,Male,60,North,Returning
CUST01656,2024-12-29,8,57912.0,2,5,2,1,8,At Risk,Anjali Agarwal,Female,54,North,New
CUST01657,2024-10-18,15,500773.0,74,2,5,4,11,Loyal Customers,Pari Iyer,Female,54,East,Returning
CUST01658,2024-01-17,8,335152.0,349,1,2,3,6,Hibernating,Ramesh Joshi,Male,32,North,Returning
CUST01659,2024-11-01,14,940789.0,60,3,5,5,13,Champions,Vivaan Joshi,Male,46,South,Returning
CUST01660,2024-10-05,10,632979.5,87,2,3,5,10,Loyal Customers,Aditya Mishra,Male,60,Central,New
CUST01661,2024-09-25,11,309075.5,97,2,4,3,9,At Risk,Anika Chatterjee,Female,43,Central,New
CUST01662,2024-07-11,7,130307.0,173,1,1,1,3,Lost,Manish Jain,Male,61,South,Returning
CUST01663,2024-09-14,10,423069.0,108,2,3,3,8,At Risk,Ananya Iyer,Female,19,West,New
CUST01664,2024-11-26,10,118217.0,35,4,3,1,8,At Risk,Sai Singh,Male,37,East,Returning
CUST01665,2024-09-29,8,56011.0,93,2,2,1,5,Hibernating,Aadhya Kumar,Female,32,East,Returning
CUST01666,2024-11-02,16,448020.0,59,3,5,4,12,Loyal Customers,Aadhya Gupta,Female,21,South,New
CUST01667,2024-12-19,15,200081.5,12,5,5,2,12,Loyal Customers,Nikhil Pillai,Male,39,West,Returning
CUST01668,2024-12-22,10,227420.0,9,5,3,2,10,Loyal Customers,Sonal Das,Female,55,North,New
CUST01669,2024-12-25,4,136231.0,6,5,1,1,7,At Risk,Krishna Gupta,Male,40,West,New
CUST01670,2024-11-22,6,90954.0,39,3,1,1,5,Hibernating,Sneha Kumar,Female,43,East,Returning
CUST01671,2024-12-14,9,713181.0,17,5,2,5,12,Loyal Customers,Krishna Singh,Male,28,West,Returning
CUST01672,2024-10-28,11,225617.0,64,3,4,2,9,At Risk,Aadhya Reddy,Female,45,West,New
CUST01673,2024-09-09,8,394390.0,113,2,2,3,7,At Risk,Kavya Nair,Female,19,East,Returning
CUST01674,2024-08-15,5,198582.0,138,2,1,2,5,Hibernating,Sonal Patel,Female,25,East,New
CUST01675,2024-10-31,13,862669.0,61,3,5,5,13,Champions,Pooja Agarwal,Female,46,East,Returning
CUST01676,2024-05-06,11,895310.0,239,1,4,5,10,Loyal Customers,Aditya Bose,Male,28,North,Returning
CUST01677,2024-12-21,8,517727.5,10,5,2,4,11,Loyal Customers,Kiran Das,Male,54,North,New
CUST01678,2024-11-18,6,264934.0,43,3,1,2,6,Hibernating,Amit Verma,Male,35,East,Returning
CUST01679,2024-09-06,11,682188.0,116,2,4,5,11,Loyal Customers,Nikhil Agarwal,Male,31,East,Returning
CUST01680,2024-12-10,7,285121.5,21,4,1,2,7,At Risk,Diya Pillai,Female,27,West,Returning
CUST01681,2024-12-30,13,512467.0,1,5,5,4,14,Champions,Sai Nair,Male,52,West,Returning
CUST01682,2024-12-08,5,110165.0,23,4,1,1,6,Hibernating,Anika Agarwal,Female,26,South,New
CUST01683,2024-09-29,6,41549.0,93,2,1,1,4,Hibernating,Anika Joshi,Female,52,East,New
CUST01684,2024-12-25,11,214064.0,6,5,4,2,11,Loyal Customers,Sonal Sharma,Female,28,South,Returning
CUST01685,2024-08-06,13,722771.0,147,2,5,5,12,Loyal Customers,Vivaan Sharma,Male,61,South,Returning
CUST01686,2024-12-17,12,309403.0,14,5,4,3,12,Loyal Customers,Ishita Verma,Female,29,Central,Returning
CUST01687,2024-12-01,14,445092.0,30,4,5,4,13,Champions,Nisha Pillai,Female,20,East,New
CUST01688,2024-11-24,7,557562.0,37,4,1,4,9,At Risk,Suresh Kumar,Male,56,West,Returning
CUST01689,2024-11-10,11,118102.0,51,3,4,1,8,At Risk,Diya Verma,Female,31,East,New
CUST01690,2024-11-08,8,258611.0,53,3,2,2,7,At Risk,Meera Mishra,Female,45,West,New
CUST01691,2024-12-29,9,324390.0,2,5,2,3,10,Loyal Customers,Ayaan Reddy,Male,28,Central,Returning
CUST01692,2024-08-26,10,519070.0,127,2,3,4,9,At Risk,Ayaan Mishra,Male,56,North,Returning
CUST01693,2024-12-29,8,541400.0,2,5,2,4,11,Loyal Customers,Rohit Nair,Male,42,South,New
CUST01694,2024-12-27,15,822398.5,4,5,5,5,15,Champions,Aditya Agarwal,Male,38,South,Returning
CUST01695,2024-11-23,6,385901.0,38,4,1,3,8,At Risk,Amit Singh,Male,27,West,Returning
CUST01696,2024-09-11,9,949466.5,111,2,2,5,9,At Risk,Rahul Verma,Male,60,West,New
CUST01697,2024-10-04,8,325141.0,88,2,2,3,7,At Risk,Sai Joshi,Male,32,East,Returning
CUST01698,2024-07-04,5,81896.0,180,1,1,1,3,Lost,Rahul Verma,Male,36,Central,New
CUST01699,2024-12-11,13,881025.5,20,4,5,5,14,Champions,Anjali Patel,Female,39,South,Returning
CUST01700,2024-12-14,16,436484.0,17,5,5,4,14,Champions,Kiran Iyer,Male,38,Central,Returning
CUST01701,2024-11-16,10,270815.0,45,3,3,2,8,At Risk,Riya Reddy,Female,61,West,Returning
CUST01702,2024-10-16,8,168138.0,76,2,2,1,5,Hibernating,Aditya Shah,Male,49,East,Returning
CUST01703,2024-11-22,17,1133288.0,39,3,5,5,13,Champions,Kiran Sharma,Male,40,North,New
CUST01704,2024-12-28,14,539127.0,3,5,5,4,14,Champions,Amit Mehta,Male,30,East,Returning
CUST01705,2024-02-19,5,68730.0,316,1,1,1,3,Lost,Ishaan Agarwal,Male,22,South,Returning
CUST01706,2024-11-27,7,209024.0,34,4,1,2,7,At Risk,Ishaan Jain,Male,21,Central,Returning
CUST01707,2024-10-20,10,280660.5,72,2,3,2,7,At Risk,Ishita Chatterjee,Female,45,West,Returning
CUST01708,2024-12-13,9,221670.0,18,4,2,2,8,At Risk,Amit Agarwal,Male,31,North,Returning
CUST01709,2024-12-14,10,579264.0,17,5,3,4,12,Loyal Customers,Nisha Mehta,Female,25,North,Returning
CUST01710,2024-12-08,12,213497.0,23,4,4,2,10,Loyal Customers,Meera Joshi,Female,26,North,New
CUST01711,2024-12-28,10,267086.5,3,5,3,2,10,Loyal Customers,Arjun Sharma,Male,52,North,New
CUST01712,2024-09-25,13,264953.0,97,2,5,2,9,At Risk,Ramesh Sharma,Male,54,Central,Returning
CUST01713,2023-10-16,8,179196.0,442,1,2,2,5,Hibernating,Ishita Shah,Female,38,North,Returning
CUST01714,2024-04-12,13,757407.0,263,1,5,5,11,Loyal Customers,Amit Sharma,Male,35,East,Returning
CUST01715,2024-12-03,14,723892.0,28,4,5,5,14,Champions,Rohit Sharma,Male,50,South,New
CUST01716,2024-11-12,10,688214.0,49,3,3,5,11,Loyal Customers,Anjali Iyer,Female,25,West,New
CUST01717,2024-10-23,10,587486.0,69,3,3,4,10,Loyal Customers,Vihaan Mehta,Male,34,South,Returning
CUST01718,2024-12-18,10,387585.0,13,5,3,3,11,Loyal Customers,Sonal Joshi,Female,60,North,Returning
CUST01719,2024-08-21,7,49580.0,132,2,1,1,4,Hibernating,Kavya Bose,Female,48,North,Returning
CUST01720,2024-12-26,12,501439.0,5,5,4,4,13,Champions,Vivaan Kumar,Male,51,South,New
CUST01721,2024-12-31,12,315480.0,0,5,4,3,12,Loyal Customers,Krishna Patel,Male,23,West,New
CUST01722,2024-06-17,10,252224.0,197,1,3,2,6,Hibernating,Vivaan Joshi,Male,39,East,Returning
CUST01723,2023-10-20,9,560314.5,438,1,2,4,7,At Risk,Rahul Mishra,Male,31,West,New
CUST01724,2024-11-30,4,29722.0,31,4,1,1,6,Hibernating,Amit Chatterjee,Male,20,North,Returning
CUST01725,2024-12-25,18,617527.0,6,5,5,4,14,Champions,Pari Agarwal,Female,29,South,Returning
CUST01726,2024-10-17,17,719443.5,75,2,5,5,12,Loyal Customers,Vihaan Das,Male,53,East,New
CUST01727,2024-10-02,9,233142.0,90,2,2,2,6,Hibernating,Arjun Yadav,Male,29,North,New
CUST01728,2024-11-02,10,372553.0,59,3,3,3,9,At Risk,Pari Agarwal,Female,62,West,New
CUST01729,2024-10-19,9,637386.0,73,2,2,5,9,At Risk,Divya Verma,Female,19,North,Returning
CUST01730,2024-11-11,12,205180.5,50,3,4,2,9,At Risk,Kavya Kumar,Female,19,South,New
CUST01731,2024-03-23,14,458165.0,283,1,5,4,10,Loyal Customers,Ayaan Iyer,Male,32,East,New
CUST01732,2024-08-16,9,645083.0,137,2,2,5,9,At Risk,Pooja Reddy,Female,40,North,Returning
CUST01733,2023-10-13,7,475525.0,445,1,1,4,6,Hibernating,Suresh Reddy,Male,46,East,New
CUST01734,2024-12-27,7,34085.0,4,5,1,1,7,At Risk,Rohit Chatterjee,Male,34,North,Returning
CUST01735,2024-12-26,14,613282.0,5,5,5,4,14,Champions,Krishna Joshi,Male,49,West,New
CUST01736,2024-12-05,8,293079.0,26,4,2,3,9,At Risk,Pari Mehta,Female,24,North,Returning
CUST01737,2024-12-08,6,583256.0,23,4,1,4,9,At Risk,Arjun Agarwal,Male,47,South,New
CUST01738,2024-12-05,19,1372313.0,26,4,5,5,14,Champions,Vihaan Kumar,Male,45,East,New
CUST01739,2024-09-03,7,121994.0,119,2,1,1,4,Hibernating,Vihaan Gupta,Male,31,South,Returning
CUST01740,2024-06-19,8,768826.0,195,1,2,5,8,At Risk,Kiran Chatterjee,Male,61,Central,New
CUST01741,2024-12-21,9,259382.0,10,5,2,2,9,At Risk,Priya Mishra,Female,47,East,Returning
CUST01742,2024-03-15,11,844812.0,291,1,4,5,10,Loyal Customers,Anika Shah,Female,34,North,New
CUST01743,2024-12-05,7,985160.0,26,4,1,5,10,Loyal Customers,Sneha Mehta,Female,49,Central,Returning
CUST01744,2024-12-03,12,349075.0,28,4,4,3,11,Loyal Customers,Kiran Iyer,Male,63,South,Returning
CUST01745,2024-12-30,9,273740.0,1,5,2,2,9,At Risk,Kiran Nair,Male,23,South,New
CUST01746,2024-12-10,6,52437.0,21,4,1,1,6,Hibernating,Vihaan Patel,Male,41,South,New
CUST01747,2024-12-10,12,800732.0,21,4,4,5,13,Champions,Sai Iyer,Male,23,East,Returning
CUST01748,2024-12-25,16,735905.5,6,5,5,5,15,Champions,Manish Verma,Male,44,North,Returning
CUST01749,2024-07-26,9,399349.0,158,1,2,3,6,Hibernating,Mahi Reddy,Female,35,West,New
CUST01750,2024-06-15,8,432542.0,199,1,2,4,7,At Risk,Arjun Patel,Male,41,West,Returning
CUST01751,2024-12-08,17,920114.0,23,4,5,5,14,Champions,Ayaan Pillai,Male,54,East,New
CUST01752,2024-10-20,8,231897.5,72,2,2,2,6,Hibernating,Suresh Das,Male,41,East,New
CUST01753,2024-12-22,15,161870.0,9,5,5,1,11,Loyal Customers,Vivaan Iyer,Male,55,East,Returning
CUST01754,2024-10-10,11,544252.0,82,2,4,4,10,Loyal Customers,Krishna Gupta,Male,51,North,Returning
CUST01755,2024-06-19,11,704471.0,195,1,4,5,10,Loyal Customers,Aadhya Yadav,Female,57,West,Returning
CUST01756,2024-09-30,9,89574.5,92,2,2,1,5,Hibernating,Lakshmi Shah,Female,64,East,New
CUST01757,2024-11-04,8,411000.0,57,3,2,3,8,At Risk,Meera Joshi,Female,32,West,New
CUST01758,2024-08-21,12,975874.0,132,2,4,5,11,Loyal Customers,Vihaan Chatterjee,Male,28,South,Returning
CUST01759,2024-11-24,6,101218.0,37,4,1,1,6,Hibernating,Vihaan Kumar,Male,39,North,New
CUST01760,2024-11-30,15,265119.0,31,4,5,2,11,Loyal Customers,Vihaan Sharma,Male,41,West,New
CUST01761,2024-11-05,7,311108.0,56,3,1,3,7,At Risk,Vivaan Joshi,Male,18,Central,New
CUST01762,2024-05-12,8,414365.5,233,1,2,3,6,Hibernating,Navya Mehta,Female,35,East,Returning
CUST01763,2024-10-22,6,176145.5,70,3,1,2,6,Hibernating,Suresh Pillai,Male,61,North,New
CUST01764,2024-12-21,6,830658.0,10,5,1,5,11,Loyal Customers,Aditya Agarwal,Male,29,South,New
CUST01765,2024-10-20,5,91746.0,72,2,1,1,4,Hibernating,Deepak Nair,Male,60,North,Returning
CUST01766,2024-12-23,8,413817.5,8,5,2,3,10,Loyal Customers,Aditya Sharma,Male,45,North,Returning
CUST01767,2024-12-18,7,181064.0,13,5,1,2,8,At Risk,Pari Mehta,Female,57,East,New
CUST01768,2024-07-18,10,76174.0,166,1,3,1,5,Hibernating,Kiran Kumar,Male,24,North,Returning
CUST01769,2024-12-30,10,156604.5,1,5,3,1,9,At Risk,Aditya Reddy,Male,40,North,New
CUST01770,2023-12-15,7,228131.5,382,1,1,2,4,Hibernating,Vihaan Verma,Male,38,North,Returning
CUST01771,2023-11-17,5,45306.5,410,1,1,1,3,Lost,Kiran Verma,Male,51,South,Returning
CUST01772,2024-12-05,11,349631.0,26,4,4,3,11,Loyal Customers,Diya Agarwal,Female,28,North,New
CUST01773,2024-08-09,12,732055.0,144,2,4,5,11,Loyal Customers,Kavya Yadav,Female,39,West,New
CUST01774,2024-11-09,18,1290283.0,52,3,5,5,13,Champions,Nisha Sharma,Female,59,West,Returning
CUST01775,2024-11-26,10,670660.0,35,4,3,5,12,Loyal Customers,Anjali Mishra,Female,52,South,Returning
CUST01776,2024-07-25,9,191226.0,159,1,2,2,5,Hibernating,Sai Pillai,Male,46,North,Returning
CUST01777,2024-01-12,9,691717.0,354,1,2,5,8,At Risk,Mahi Gupta,Female,59,East,New
CUST01778,2024-10-14,15,789503.0,78,2,5,5,12,Loyal Customers,Krishna Nair,Male,45,West,New
CUST01779,2024-12-12,20,334520.0,19,4,5,3,12,Loyal Customers,Kiran Kumar,Male,35,East,New
CUST01780,2024-12-21,10,177837.0,10,5,3,2,10,Loyal Customers,Ananya Jain,Female,31,East,New
CUST01781,2024-12-29,7,392611.5,2,5,1,3,9,At Risk,Manish Jain,Male,35,South,Returning
CUST01782,2024-10-14,11,735840.0,78,2,4,5,11,Loyal Customers,Ishita Iyer,Female,45,East,Returning
CUST01783,2024-05-04,8,180412.0,241,1,2,2,5,Hibernating,Nikhil Mishra,Male,41,North,New
CUST01784,2024-12-15,15,627164.5,16,5,5,5,15,Champions,Meera Bose,Female,25,East,New
CUST01785,2024-10-24,8,339838.5,68,3,2,3,8,At Risk,Ananya Patel,Female,59,North,Returning
CUST01786,2024-10-31,16,524362.0,61,3,5,4,12,Loyal Customers,Pooja Yadav,Female,62,East,New
CUST01787,2024-10-21,7,58611.0,71,2,1,1,4,Hibernating,Navya Mishra,Female,25,North,Returning
CUST01788,2024-06-15,13,478412.0,199,1,5,4,10,Loyal Customers,Mahi Das,Female,21,East,Returning
CUST01789,2024-12-27,13,698223.0,4,5,5,5,15,Champions,Ayaan Shah,Male,44,East,Returning
CUST01790,2024-12-19,13,231006.0,12,5,5,2,12,Loyal Customers,Aarav Yadav,Male,53,North,Returning
CUST01791,2024-09-22,10,276866.0,100,2,3,2,7,At Risk,Amit Bose,Male,22,North,Returning
CUST01792,2024-12-28,5,326632.0,3,5,1,3,9,At Risk,Meera Bose,Female,50,North,New
CUST01793,2024-12-08,6,77301.0,23,4,1,1,6,Hibernating,Amit Agarwal,Male,51,North,Returning
CUST01794,2024-12-28,6,379326.0,3,5,1,3,9,At Risk,Sonal Reddy,Female,47,South,New
CUST01795,2024-10-21,8,446144.0,71,2,2,4,8,At Risk,Suresh Nair,Male,25,South,New
CUST01796,2024-10-04,8,383399.0,88,2,2,3,7,At Risk,Sai Sharma,Male,56,South,Returning
CUST01797,2024-09-08,7,600876.0,114,2,1,4,7,At Risk,Priya Jain,Female,64,East,New
CUST01798,2024-04-15,9,288039.0,260,1,2,2,5,Hibernating,Ayaan Sharma,Male,43,East,New
CUST01799,2024-11-23,11,706394.0,38,4,4,5,13,Champions,Krishna Verma,Male,54,East,New
CUST01800,2024-11-20,12,356042.0,41,3,4,3,10,Loyal Customers,Nikhil Das,Male,51,East,New
CUST01801,2024-12-31,14,786509.0,0,5,5,5,15,Champions,Sneha Agarwal,Female,24,South,Returning
CUST01802,2024-07-26,9,182980.0,158,1,2,2,5,Hibernating,Ishita Gupta,Female,57,West,New
CUST01803,2024-04-06,7,112984.0,269,1,1,1,3,Lost,Vihaan Joshi,Male,45,South,Returning
CUST01804,2024-10-23,10,402128.0,69,3,3,3,9,At Risk,Ayaan Nair,Male,56,East,Returning
CUST01805,2024-11-21,13,271880.5,40,3,5,2,10,Loyal Customers,Prateek Verma,Male,56,North,Returning
CUST01806,2024-10-17,6,551479.0,75,2,1,4,7,At Risk,Ishita Agarwal,Female,45,East,Returning
CUST01807,2024-11-13,16,568070.0,48,3,5,4,12,Loyal Customers,Anjali Pillai,Female,31,West,Returning
CUST01808,2024-04-17,9,173258.0,258,1,2,2,5,Hibernating,Sai Gupta,Male,55,West,New
CUST01809,2024-12-30,10,540124.0,1,5,3,4,12,Loyal Customers,Ayaan Agarwal,Male,21,South,Returning
CUST01810,2024-11-23,12,694220.0,38,4,4,5,13,Champions,Rohit Pillai,Male,59,South,Returning
CUST01811,2024-11-03,10,444387.0,58,3,3,4,10,Loyal Customers,Divya Sharma,Female,35,South,Returning
CUST01812,2024-08-27,6,163824.0,126,2,1,1,4,Hibernating,Sneha Agarwal,Female,61,East,Returning
CUST01813,2024-10-12,7,37391.0,80,2,1,1,4,Hibernating,Deepak Kumar,Male,42,North,New
CUST01814,2024-09-08,9,529142.0,114,2,2,4,8,At Risk,Deepak Mehta,Male,24,West,Returning
CUST01815,2024-12-15,15,640145.0,16,5,5,5,15,Champions,Nikhil Shah,Male,55,West,New
CUST01816,2024-07-01,7,722606.0,183,1,1,5,7,At Risk,Riya Gupta,Female,45,Central,New
CUST01817,2024-12-14,9,150505.5,17,5,2,1,8,At Risk,Nikhil Verma,Male,22,South,New
CUST01818,2024-12-28,13,296932.0,3,5,5,3,13,Champions,Pari Verma,Female,20,South,Returning
CUST01819,2024-10-20,8,157456.5,72,2,2,1,5,Hibernating,Ishita Jain,Female,61,South,Returning
CUST01820,2024-10-26,17,762251.0,66,3,5,5,13,Champions,Ayaan Sharma,Male,48,North,Returning
CUST01821,2024-09-21,11,669809.0,101,2,4,5,11,Loyal Customers,Rahul Bose,Male,64,North,Returning
CUST01822,2024-11-13,12,508256.5,48,3,4,4,11,Loyal Customers,Aarav Reddy,Male,59,Central,New
CUST01823,2024-11-25,13,257256.0,36,4,5,2,11,Loyal Customers,Simran Mehta,Female,37,Central,Returning
CUST01824,2024-12-27,16,1161807.0,4,5,5,5,15,Champions,Navya Reddy,Female,36,North,Returning
CUST01825,2024-12-29,11,937921.0,2,5,4,5,14,Champions,Diya Reddy,Female,28,West,Returning
CUST01826,2024-12-12,7,437507.0,19,4,1,4,9,At Risk,Vivaan Sharma,Male,57,Central,Returning
CUST01827,2024-12-30,16,229955.0,1,5,5,2,12,Loyal Customers,Arjun Agarwal,Male,20,West,Returning
CUST01828,2024-08-09,14,410910.5,144,2,5,3,10,Loyal Customers,Navya Singh,Female,40,South,Returning
CUST01829,2024-12-23,8,301232.0,8,5,2,3,10,Loyal Customers,Sonal Pillai,Female,24,North,New
CUST01830,2024-10-01,6,24394.0,91,2,1,1,4,Hibernating,Aditya Pillai,Male,40,South,Returning
CUST01831,2024-12-15,11,984860.0,16,5,4,5,14,Champions,Anjali Agarwal,Female,24,East,Returning
CUST01832,2024-10-14,13,687094.5,78,2,5,5,12,Loyal Customers,Anika Reddy,Female,63,North,New
CUST01833,2024-10-11,8,18574.0,81,2,2,1,5,Hibernating,Riya Reddy,Female,51,West,Returning
CUST01834,2024-11-16,13,372430.0,45,3,5,3,11,Loyal Customers,Navya Gupta,Female,59,South,New
CUST01835,2024-12-22,9,76702.0,9,5,2,1,8,At Risk,Kavya Bose,Female,36,South,Returning
CUST01836,2024-12-12,11,90116.0,19,4,4,1,9,At Risk,Priya Gupta,Female,26,East,Returning
CUST01837,2024-10-02,6,309002.0,90,2,1,3,6,Hibernating,Prateek Jain,Male,35,South,Returning
CUST01838,2024-11-25,9,421820.0,36,4,2,3,9,At Risk,Amit Joshi,Male,58,North,Returning
CUST01839,2024-10-14,11,144719.0,78,2,4,1,7,At Risk,Divya Gupta,Female,62,East,New
CUST01840,2024-11-09,11,403948.0,52,3,4,3,10,Loyal Customers,Suresh Iyer,Male,59,North,New
CUST01841,2024-11-30,11,858999.0,31,4,4,5,13,Champions,Ishaan Kumar,Male,42,West,Returning
CUST01842,2024-09-29,9,253827.5,93,2,2,2,6,Hibernating,Sai Sharma,Male,31,North,New
CUST01843,2023-10-17,6,257605.0,441,1,1,2,4,Hibernating,Deepak Yadav,Male,61,North,Returning
CUST01844,2024-11-20,6,211887.0,41,3,1,2,6,Hibernating,Divya Verma,Female,42,West,New
CUST01845,2024-12-13,12,560536.0,18,4,4,4,12,Loyal Customers,Diya Jain,Female,36,South,New
CUST01846,2024-12-08,7,71806.0,23,4,1,1,6,Hibernating,Rohit Jain,Male,56,East,Returning
CUST01847,2024-11-02,7,516483.0,59,3,1,4,8,At Risk,Ayaan Agarwal,Male,32,North,Returning
CUST01848,2024-12-29,11,762919.0,2,5,4,5,14,Champions,Vihaan Bose,Male,33,West,New
CUST01849,2024-05-31,7,364279.0,214,1,1,3,5,Hibernating,Navya Reddy,Female,44,West,New
CUST01850,2024-12-31,8,150226.0,0,5,2,1,8,At Risk,Pari Joshi,Female,57,West,New
CUST01851,2024-09-02,11,794506.0,120,2,4,5,11,Loyal Customers,Amit Reddy,Male,27,Central,Returning
CUST01852,2024-11-23,14,284797.0,38,4,5,2,11,Loyal Customers,Diya Patel,Female,21,South,New
CUST01853,2024-07-27,12,217467.0,157,1,4,2,7,At Risk,Priya Chatterjee,Female,36,South,Returning
CUST01854,2024-01-07,3,206240.0,359,1,1,2,4,Hibernating,Aadhya Nair,Female,45,South,Returning
CUST01855,2024-12-30,16,1565474.5,1,5,5,5,15,Champions,Mahi Joshi,Female,38,West,Returning
CUST01856,2024-10-20,11,277323.0,72,2,4,2,8,At Risk,Aditya Pillai,Male,64,East,New
CUST01857,2024-11-29,7,101774.0,32,4,1,1,6,Hibernating,Pooja Singh,Female,31,North,Returning
CUST01858,2024-12-31,10,363754.0,0,5,3,3,11,Loyal Customers,Aarav Verma,Male,50,North,Returning
CUST01859,2024-02-07,9,623561.0,328,1,2,4,7,At Risk,Anjali Chatterjee,Female,27,East,New
CUST01860,2024-06-06,7,109321.5,208,1,1,1,3,Lost,Kavya Gupta,Female,36,East,New
CUST01861,2023-08-05,3,36396.0,514,1,1,1,3,Lost,Kavya Bose,Female,47,North,Returning
CUST01862,2024-06-19,8,209090.0,195,1,2,2,5,Hibernating,Anjali Pillai,Female,39,North,New
CUST01863,2024-11-26,8,282749.0,35,4,2,2,8,At Risk,Prateek Yadav,Male,20,North,Returning
CUST01864,2024-12-31,9,393069.0,0,5,2,3,10,Loyal Customers,Vihaan Bose,Male,54,South,Returning
CUST01865,2024-11-18,8,163373.0,43,3,2,1,6,Hibernating,Divya Joshi,Female,58,West,Returning
CUST01866,2024-10-31,7,53556.0,61,3,1,1,5,Hibernating,Diya Chatterjee,Female,35,South,Returning
CUST01867,2024-11-10,6,866214.0,51,3,1,5,9,At Risk,Aditya Verma,Male,28,North,Returning
CUST01868,2024-07-21,9,216301.0,163,1,2,2,5,Hibernating,Ishaan Sharma,Male,19,East,New
CUST01869,2024-12-28,8,547313.0,3,5,2,4,11,Loyal Customers,Rohit Nair,Male,29,West,New
CUST01870,2024-11-13,9,433632.5,48,3,2,4,9,At Risk,Anika Patel,Female,23,Central,Returning
CUST01871,2024-12-21,10,615432.0,10,5,3,4,12,Loyal Customers,Priya Gupta,Female,60,East,Returning
CUST01872,2024-08-27,8,502889.0,126,2,2,4,8,At Risk,Suresh Gupta,Male,57,West,Returning
CUST01873,2024-12-31,8,251807.5,0,5,2,2,9,At Risk,Aditya Shah,Male,61,South,Returning
CUST01874,2024-10-02,7,297914.0,90,2,1,3,6,Hibernating,Pari Reddy,Female,46,East,New
CUST01875,2024-12-15,8,1494381.0,16,5,2,5,12,Loyal Customers,Simran Jain,Female,47,South,New
CUST01876,2024-10-27,9,223398.0,65,3,2,2,7,At Risk,Nikhil Sharma,Male,19,West,New
CUST01877,2024-12-28,14,481658.5,3,5,5,4,14,Champions,Kavya Gupta,Female,26,South,New
CUST01878,2024-09-07,11,829494.0,115,2,4,5,11,Loyal Customers,Manish Mishra,Male,64,Central,Returning
CUST01879,2024-12-26,12,542411.0,5,5,4,4,13,Champions,Sai Verma,Male,19,North,Returning
CUST01880,2024-12-31,9,975348.5,0,5,2,5,12,Loyal Customers,Anika Reddy,Female,46,Central,Returning
CUST01881,2024-11-04,4,42786.0,57,3,1,1,5,Hibernating,Mahi Mehta,Female,50,Central,Returning
CUST01882,2024-10-07,11,174585.0,85,2,4,2,8,At Risk,Kavya Shah,Female,27,North,New
CUST01883,2024-10-13,8,715927.0,79,2,2,5,9,At Risk,Meera Nair,Female,51,South,New
CUST01884,2024-10-11,13,473846.5,81,2,5,4,11,Loyal Customers,Riya Iyer,Female,61,North,New
CUST01885,2024-12-20,12,405454.0,11,5,4,3,12,Loyal Customers,Ayaan Singh,Male,25,East,Returning
CUST01886,2024-12-05,9,297268.0,26,4,2,3,9,At Risk,Vivaan Yadav,Male,54,East,Returning
CUST01887,2024-12-19,13,762583.0,12,5,5,5,15,Champions,Deepak Shah,Male,50,North,Returning
CUST01888,2024-11-10,8,420688.0,51,3,2,3,8,At Risk,Nikhil Kumar,Male,64,South,Returning
CUST01889,2024-10-25,10,282526.0,67,3,3,2,8,At Risk,Ananya Pillai,Female,23,West,New
CUST01890,2024-12-24,13,474467.0,7,5,5,4,14,Champions,Aadhya Mishra,Female,61,North,New
CUST01891,2024-10-13,14,123719.0,79,2,5,1,8,At Risk,Aditya Iyer,Male,57,North,Returning
CUST01892,2024-11-08,11,153838.5,53,3,4,1,8,At Risk,Manish Bose,Male,62,South,New
CUST01893,2024-12-11,15,377865.5,20,4,5,3,12,Loyal Customers,Mahi Singh,Female,36,East,Returning
CUST01894,2024-10-06,7,163086.0,86,2,1,1,4,Hibernating,Aarav Mehta,Male,49,West,Returning
CUST01895,2024-10-28,11,672187.5,64,3,4,5,12,Loyal Customers,Diya Iyer,Female,44,West,New
CUST01896,2024-11-26,12,180414.0,35,4,4,2,10,Loyal Customers,Pari Bose,Female,18,South,Returning
CUST01897,2024-12-05,13,679796.0,26,4,5,5,14,Champions,Anika Iyer,Female,60,East,Returning
CUST01898,2024-12-23,7,163309.0,8,5,1,1,7,At Risk,Suresh Bose,Male,50,East,Returning
CUST01899,2024-11-29,10,219034.0,32,4,3,2,9,At Risk,Nikhil Nair,Male,57,East,New
CUST01900,2024-11-09,6,771700.0,52,3,1,5,9,At Risk,Pari Shah,Female,49,South,Returning
CUST01901,2024-05-21,3,21380.0,224,1,1,1,3,Lost,Anjali Gupta,Female,22,North,Returning
CUST01902,2024-10-09,10,371126.5,83,2,3,3,8,At Risk,Amit Yadav,Male,34,Central,Returning
CUST01903,2024-11-11,13,466592.0,50,3,5,4,12,Loyal Customers,Sneha Gupta,Female,25,West,New
CUST01904,2024-11-27,12,204230.0,34,4,4,2,10,Loyal Customers,Kiran Verma,Male,59,East,Returning
CUST01905,2023-09-06,7,172296.0,482,1,1,2,4,Hibernating,Pooja Chatterjee,Female,51,North,Returning
CUST01906,2024-07-07,9,201310.5,177,1,2,2,5,Hibernating,Kiran Nair,Male,26,North,Returning
CUST01907,2024-12-26,6,419060.0,5,5,1,3,9,At Risk,Ishita Nair,Female,40,South,Returning
CUST01908,2024-11-07,8,241158.0,54,3,2,2,7,At Risk,Deepak Verma,Male,52,South,Returning
CUST01909,2024-12-23,13,340274.0,8,5,5,3,13,Champions,Arjun Singh,Male,24,West,Returning
CUST01910,2024-12-26,12,345878.0,5,5,4,3,12,Loyal Customers,Aditya Pillai,Male,32,South,New
CUST01911,2023-10-03,7,69862.0,455,1,1,1,3,Lost,Prateek Mishra,Male,37,East,Returning
CUST01912,2024-06-04,9,161595.0,210,1,2,1,4,Hibernating,Divya Joshi,Female,42,Central,New
CUST01913,2024-10-25,11,667096.0,67,3,4,5,12,Loyal Customers,Meera Verma,Female,20,West,Returning
CUST01914,2024-12-08,8,477591.0,23,4,2,4,10,Loyal Customers,Suresh Das,Male,63,Central,Returning
CUST01915,2023-12-01,7,312087.5,396,1,1,3,5,Hibernating,Ramesh Shah,Male,41,West,New
CUST01916,2024-12-01,11,172000.0,30,4,4,2,10,Loyal Customers,Nisha Agarwal,Female,51,North,Returning
CUST01917,2024-11-14,6,570498.0,47,3,1,4,8,At Risk,Ishita Bose,Female,63,West,Returning
CUST01918,2024-12-24,13,548932.0,7,5,5,4,14,Champions,Riya Patel,Female,39,Central,New
CUST01919,2024-11-15,11,631051.0,46,3,4,5,12,Loyal Customers,Suresh Verma,Male,28,South,Returning
CUST01920,2024-12-29,11,161174.0,2,5,4,1,10,Loyal Customers,Rahul Agarwal,Male,25,South,New
CUST01921,2024-10-26,16,658560.0,66,3,5,5,13,Champions,Sonal Agarwal,Female,56,South,Returning
CUST01922,2024-12-02,7,63044.0,29,4,1,1,6,Hibernating,Manish Kumar,Male,60,North,Returning
CUST01923,2024-02-29,13,509857.0,306,1,5,4,10,Loyal Customers,Anika Chatterjee,Female,52,South,Returning
CUST01924,2024-11-26,8,328329.0,35,4,2,3,9,At Risk,Sai Gupta,Male,63,North,Returning
CUST01925,2024-10-19,11,567696.0,73,2,4,4,10,Loyal Customers,Mahi Mehta,Female,55,East,Returning
CUST01926,2024-08-05,11,671392.0,148,1,4,5,10,Loyal Customers,Arjun Verma,Male,25,East,New
CUST01927,2024-12-11,8,260374.0,20,4,2,2,8,At Risk,Kavya Patel,Female,54,East,Returning
CUST01928,2024-12-08,8,107891.0,23,4,2,1,7,At Risk,Ramesh Mehta,Male,44,North,Returning
CUST01929,2024-08-17,7,718030.5,136,2,1,5,8,At Risk,Navya Jain,Female,45,South,Returning
CUST01930,2024-12-13,5,176730.0,18,4,1,2,7,At Risk,Krishna Reddy,Male,57,West,Returning
CUST01931,2024-09-30,12,271723.5,92,2,4,2,8,At Risk,Pari Patel,Female,51,East,Returning
CUST01932,2024-12-16,14,515617.0,15,5,5,4,14,Champions,Anjali Shah,Female,49,Central,Returning
CUST01933,2024-10-29,10,178042.0,63,3,3,2,8,At Risk,Anjali Shah,Female,32,West,New
CUST01934,2024-10-13,7,147121.5,79,2,1,1,4,Hibernating,Priya Nair,Female,61,South,Returning
CUST01935,2024-11-17,9,449740.0,44,3,2,4,9,At Risk,Sonal Chatterjee,Female,34,Central,Returning
CUST01936,2024-10-25,7,102823.0,67,3,1,1,5,Hibernating,Aadhya Jain,Female,50,South,New
CUST01937,2024-10-26,5,120884.0,66,3,1,1,5,Hibernating,Deepak Das,Male,64,South,Returning
CUST01938,2024-12-29,8,196190.0,2,5,2,2,9,At Risk,Kavya Singh,Female,63,South,Returning
CUST01939,2024-11-08,8,375831.0,53,3,2,3,8,At Risk,Ramesh Kumar,Male,33,South,Returning
CUST01940,2024-10-11,9,354539.0,81,2,2,3,7,At Risk,Arjun Agarwal,Male,46,North,Returning
CUST01941,2024-12-10,14,317416.0,21,4,5,3,12,Loyal Customers,Deepak Agarwal,Male,26,North,Returning
CUST01942,2024-12-23,9,501923.0,8,5,2,4,11,Loyal Customers,Vihaan Singh,Male,50,Central,Returning
CUST01943,2024-10-26,7,195898.5,66,3,1,2,6,Hibernating,Divya Singh,Female,46,West,Returning
CUST01944,2024-12-08,12,1126541.5,23,4,4,5,13,Champions,Riya Shah,Female,30,North,New
CUST01945,2024-11-24,15,646532.0,37,4,5,5,14,Champions,Sneha Mishra,Female,38,North,Returning
CUST01946,2024-10-30,9,746170.0,62,3,2,5,10,Loyal Customers,Krishna Yadav,Male,38,South,Returning
CUST01947,2024-11-13,9,548139.5,48,3,2,4,9,At Risk,Nikhil Agarwal,Male,22,North,Returning
CUST01948,2024-02-06,7,81187.0,329,1,1,1,3,Lost,Manish Bose,Male,27,East,Returning
CUST01949,2024-11-04,9,420966.0,57,3,2,3,8,At Risk,Vivaan Gupta,Male,23,East,New
CUST01950,2024-11-02,8,72231.5,59,3,2,1,6,Hibernating,Krishna Yadav,Male,30,North,New
CUST01951,2024-09-09,9,319036.5,113,2,2,3,7,At Risk,Arjun Jain,Male,18,West,Returning
CUST01952,2024-12-15,14,652864.5,16,5,5,5,15,Champions,Manish Yadav,Male,37,West,Returning
CUST01953,2024-07-29,13,636891.0,155,1,5,5,11,Loyal Customers,Ananya Yadav,Female,64,Central,Returning
CUST01954,2024-10-08,12,281362.5,84,2,4,2,8,At Risk,Priya Joshi,Female,63,North,Returning
CUST01955,2024-12-17,11,844885.5,14,5,4,5,14,Champions,Ananya Bose,Female,25,Central,New
CUST01956,2024-12-21,9,340053.0,10,5,2,3,10,Loyal Customers,Pooja Pillai,Female,27,South,New
CUST01957,2024-10-23,7,971399.0,69,3,1,5,9,At Risk,Aadhya Reddy,Female,26,East,Returning
CUST01958,2024-10-28,11,622548.5,64,3,4,4,11,Loyal Customers,Ishaan Iyer,Male,58,South,New
CUST01959,2024-11-20,10,349628.0,41,3,3,3,9,At Risk,Pooja Bose,Female,20,Central,Returning
CUST01960,2024-12-17,12,362909.0,14,5,4,3,12,Loyal Customers,Anika Joshi,Female,28,West,New
CUST01961,2024-10-27,12,414948.0,65,3,4,3,10,Loyal Customers,Arjun Iyer,Male,29,West,Returning
CUST01962,2024-05-13,11,304634.5,232,1,4,3,8,At Risk,Kiran Reddy,Male,27,South,New
CUST01963,2024-10-17,11,433555.0,75,2,4,4,10,Loyal Customers,Pooja Mishra,Female,42,North,New
CUST01964,2024-12-13,11,344773.0,18,4,4,3,11,Loyal Customers,Manish Patel,Male,42,North,Returning
CUST01965,2024-12-05,15,283198.0,26,4,5,2,11,Loyal Customers,Mahi Chatterjee,Female,28,East,Returning
CUST01966,2023-11-29,6,458270.0,398,1,1,4,6,Hibernating,Mahi Mishra,Female,53,North,New
CUST01967,2024-03-15,7,163822.0,291,1,1,1,3,Lost,Nikhil Das,Male,56,North,Returning
CUST01968,2024-11-24,11,800467.0,37,4,4,5,13,Champions,Amit Verma,Male,43,Central,New
CUST01969,2024-07-01,15,578836.0,183,1,5,4,10,Loyal Customers,Rahul Gupta,Male,31,Central,Returning
CUST01970,2024-10-18,7,95820.0,74,2,1,1,4,Hibernating,Aditya Iyer,Male,56,Central,New
CUST01971,2024-10-17,7,151274.0,75,2,1,1,4,Hibernating,Rahul Yadav,Male,57,North,New
CUST01972,2024-12-27,11,566761.0,4,5,4,4,13,Champions,Navya Das,Female,18,West,Returning
CUST01973,2024-02-09,6,138912.0,326,1,1,1,3,Lost,Deepak Sharma,Male,21,East,New
CUST01974,2024-12-29,16,1091175.0,2,5,5,5,15,Champions,Sai Mehta,Male,47,West,Returning
CUST01975,2024-11-01,14,791774.0,60,3,5,5,13,Champions,Reyansh Verma,Male,29,East,New
CUST01976,2024-10-18,7,586137.0,74,2,1,4,7,At Risk,Ishita Verma,Female,52,Central,Returning
CUST01977,2024-09-05,13,577279.0,117,2,5,4,11,Loyal Customers,Kiran Verma,Male,30,South,New
CUST01978,2024-10-10,10,523200.0,82,2,3,4,9,At Risk,Amit Mehta,Male,48,North,New
CUST01979,2024-12-05,10,222295.0,26,4,3,2,9,At Risk,Pooja Pillai,Female,55,North,New
CUST01980,2024-12-06,15,439408.0,25,4,5,4,13,Champions,Lakshmi Das,Female,60,North,Returning
CUST01981,2024-11-08,8,387661.0,53,3,2,3,8,At Risk,Suresh Singh,Male,40,West,Returning
CUST01982,2024-11-23,8,158756.0,38,4,2,1,7,At Risk,Aadhya Joshi,Female,21,East,Returning
CUST01983,2024-10-21,11,728964.0,71,2,4,5,11,Loyal Customers,Amit Bose,Male,33,East,Returning
CUST01984,2024-12-29,8,442652.0,2,5,2,4,11,Loyal Customers,Manish Chatterjee,Male,24,West,Returning
CUST01985,2024-08-15,12,711946.0,138,2,4,5,11,Loyal Customers,Sai Bose,Male,39,East,Returning
CUST01986,2024-12-28,10,522144.5,3,5,3,4,12,Loyal Customers,Deepak Shah,Male,46,North,New
CUST01987,2024-11-15,12,345067.0,46,3,4,3,10,Loyal Customers,Sneha Pillai,Female,28,South,New
CUST01988,2024-08-06,9,270868.0,147,2,2,2,6,Hibernating,Sai Nair,Male,50,South,Returning
CUST01989,2024-05-06,12,756671.0,239,1,4,5,10,Loyal Customers,Aditya Iyer,Male,46,West,Returning
CUST01990,2024-09-02,11,83922.5,120,2,4,1,7,At Risk,Aadhya Yadav,Female,56,North,New
CUST01991,2024-12-13,6,1075880.0,18,4,1,5,10,Loyal Customers,Ananya Gupta,Female,29,North,Returning
CUST01992,2024-11-02,10,817095.0,59,3,3,5,11,Loyal Customers,Deepak Mehta,Male,24,East,Returning
CUST01993,2024-04-25,13,82352.0,250,1,5,1,7,At Risk,Ishita Joshi,Female,56,North,Returning
CUST01994,2024-08-24,7,517892.0,129,2,1,4,7,At Risk,Reyansh Nair,Male,59,South,New
CUST01995,2024-12-07,10,266928.5,24,4,3,2,9,At Risk,Kavya Das,Female,43,South,Returning
CUST01996,2023-09-03,6,252297.5,485,1,1,2,4,Hibernating,Aadhya Sharma,Female,57,West,New
CUST01997,2024-07-16,10,147646.5,168,1,3,1,5,Hibernating,Nisha Kumar,Female,26,South,New
CUST01998,2024-10-07,12,115637.5,85,2,4,1,7,At Risk,Sai Jain,Male,58,North,Returning
CUST01999,2024-10-28,9,154471.0,64,3,2,1,6,Hibernating,Aarav Joshi,Male,51,North,New
CUST02000,2024-12-16,10,767535.5,15,5,3,5,13,Champions,Krishna Jain,Male,62,North,New
CUST02001,2024-12-29,15,504259.0,2,5,5,4,14,Champions,Ishaan Nair,Male,30,North,New
CUST02002,2024-12-16,10,273867.0,15,5,3,2,10,Loyal Customers,Ramesh Yadav,Male,53,South,Returning
CUST02003,2024-06-10,6,586230.0,204,1,1,4,6,Hibernating,Sneha Chatterjee,Female,42,South,New
CUST02004,2024-10-04,8,432182.0,88,2,2,4,8,At Risk,Krishna Mehta,Male,41,West,New
CUST02005,2024-01-25,11,563794.0,341,1,4,4,9,At Risk,Kiran Iyer,Male,61,South,Returning
CUST02006,2024-08-09,9,501333.0,144,2,2,4,8,At Risk,Sonal Jain,Female,34,East,Returning
CUST02007,2024-11-10,12,219009.0,51,3,4,2,9,At Risk,Suresh Agarwal,Male,19,North,Returning
CUST02008,2024-02-20,9,152157.0,315,1,2,1,4,Hibernating,Anika Sharma,Female,30,Central,New
CUST02009,2024-12-14,8,264232.5,17,5,2,2,9,At Risk,Rahul Pillai,Male,48,Central,New
CUST02010,2024-12-27,10,210523.0,4,5,3,2,10,Loyal Customers,Prateek Jain,Male,46,East,Returning
CUST02011,2024-11-15,11,399145.5,46,3,4,3,10,Loyal Customers,Manish Iyer,Male,45,South,New
CUST02012,2024-10-01,7,497315.5,91,2,1,4,7,At Risk,Ishaan Singh,Male,44,South,Returning
CUST02013,2024-11-10,10,436492.0,51,3,3,4,10,Loyal Customers,Nisha Patel,Female,32,North,Returning
CUST02014,2024-10-30,11,1031557.5,62,3,4,5,12,Loyal Customers,Rohit Nair,Male,48,South,New
CUST02015,2024-12-08,9,809390.0,23,4,2,5,11,Loyal Customers,Rohit Nair,Male,57,West,Returning
CUST02016,2024-08-17,11,205968.0,136,2,4,2,8,At Risk,Krishna Iyer,Male,32,North,New
CUST02017,2024-11-12,11,850850.0,49,3,4,5,12,Loyal Customers,Reyansh Kumar,Male,50,North,Returning
CUST02018,2024-12-05,17,466831.0,26,4,5,4,13,Champions,Sonal Joshi,Female,37,West,Returning
CUST02019,2024-12-26,4,30036.0,5,5,1,1,7,At Risk,Vivaan Jain,Male,59,West,Returning
CUST02020,2024-10-20,12,637295.0,72,2,4,5,11,Loyal Customers,Anjali Reddy,Female,29,Central,New
CUST02021,2024-08-06,11,672642.0,147,2,4,5,11,Loyal Customers,Navya Sharma,Female,54,North,New
CUST02022,2024-11-28,14,756399.0,33,4,5,5,14,Champions,Nisha Iyer,Female,26,East,New
CUST02023,2024-06-24,10,1759583.0,190,1,3,5,9,At Risk,Pooja Mishra,Female,40,North,New
CUST02024,2024-11-19,14,701816.5,42,3,5,5,13,Champions,Suresh Yadav,Male,25,West,Returning
CUST02025,2024-09-23,13,601473.0,99,2,5,4,11,Loyal Customers,Vivaan Agarwal,Male,49,North,Returning
CUST02026,2024-12-02,13,254940.5,29,4,5,2,11,Loyal Customers,Deepak Mehta,Male,31,West,Returning
CUST02027,2024-12-14,14,410501.0,17,5,5,3,13,Champions,Priya Joshi,Female,44,North,Returning
CUST02028,2024-07-18,13,1428490.5,166,1,5,5,11,Loyal Customers,Meera Bose,Female,42,South,Returning
CUST02029,2024-11-14,7,99178.0,47,3,1,1,5,Hibernating,Amit Das,Male,30,South,Returning
CUST02030,2024-09-30,6,213516.0,92,2,1,2,5,Hibernating,Riya Gupta,Female,38,East,New
CUST02031,2024-12-05,12,310563.0,26,4,4,3,11,Loyal Customers,Prateek Gupta,Male,62,East,Returning
CUST02032,2024-12-05,14,681554.0,26,4,5,5,14,Champions,Riya Singh,Female,48,South,Returning
CUST02033,2024-12-29,8,202668.0,2,5,2,2,9,At Risk,Nikhil Kumar,Male,54,East,Returning
CUST02034,2024-12-25,6,140798.5,6,5,1,1,7,At Risk,Pooja Shah,Female,60,West,Returning
CUST02035,2024-08-14,16,928717.0,139,2,5,5,12,Loyal Customers,Diya Reddy,Female,22,Central,Returning
CUST02036,2024-07-22,11,745141.0,162,1,4,5,10,Loyal Customers,Aditya Joshi,Male,30,Central,New
CUST02037,2024-11-24,14,796456.0,37,4,5,5,14,Champions,Amit Joshi,Male,45,East,Returning
CUST02038,2024-10-31,12,559930.5,61,3,4,4,11,Loyal Customers,Ishaan Mishra,Male,60,South,New
CUST02039,2024-12-29,12,519937.0,2,5,4,4,13,Champions,Rohit Pillai,Male,42,West,Returning
CUST02040,2024-10-03,12,532653.5,89,2,4,4,10,Loyal Customers,Krishna Agarwal,Male,52,North,Returning
CUST02041,2024-12-15,8,206855.0,16,5,2,2,9,At Risk,Riya Chatterjee,Female,64,Central,Returning
CUST02042,2024-03-01,8,65670.0,305,1,2,1,4,Hibernating,Anika Bose,Female,56,North,Returning
CUST02043,2024-12-07,16,569343.0,24,4,5,4,13,Champions,Vivaan Agarwal,Male,24,North,Returning
CUST02044,2024-08-18,12,323717.5,135,2,4,3,9,At Risk,Deepak Jain,Male,55,North,New
CUST02045,2024-08-20,9,278443.0,133,2,2,2,6,Hibernating,Pari Bose,Female,49,West,New
CUST02046,2024-12-01,8,148533.0,30,4,2,1,7,At Risk,Mahi Das,Female,20,South,Returning
CUST02047,2024-07-02,8,85348.0,182,1,2,1,4,Hibernating,Vihaan Yadav,Male,62,South,New
CUST02048,2024-12-12,9,392318.0,19,4,2,3,9,At Risk,Sonal Iyer,Female,56,North,New
CUST02049,2024-11-02,8,702916.0,59,3,2,5,10,Loyal Customers,Ramesh Verma,Male,54,North,New
CUST02050,2024-12-22,8,868551.0,9,5,2,5,12,Loyal Customers,Arjun Kumar,Male,39,South,Returning
CUST02051,2024-11-27,9,229521.5,34,4,2,2,8,At Risk,Reyansh Reddy,Male,25,Central,New
CUST02052,2024-11-28,16,1242120.5,33,4,5,5,14,Champions,Ramesh Agarwal,Male,34,West,Returning
CUST02053,2024-12-01,13,708762.5,30,4,5,5,14,Champions,Kiran Kumar,Male,44,East,Returning
CUST02054,2024-12-13,15,320506.0,18,4,5,3,12,Loyal Customers,Priya Gupta,Female,50,East,Returning
CUST02055,2024-07-31,8,90197.0,153,1,2,1,4,Hibernating,Pari Bose,Female,63,South,New
CUST02056,2024-12-22,7,34648.0,9,5,1,1,7,At Risk,Priya Gupta,Female,34,South,Returning
CUST02057,2024-09-22,7,78452.0,100,2,1,1,4,Hibernating,Rohit Verma,Male,59,South,Returning
CUST02058,2024-12-03,17,322863.0,28,4,5,3,12,Loyal Customers,Aarav Chatterjee,Male,29,North,Returning
CUST02059,2024-12-30,11,471900.0,1,5,4,4,13,Champions,Pooja Mehta,Female,63,West,Returning
CUST02060,2024-10-21,5,163385.0,71,2,1,1,4,Hibernating,Sai Agarwal,Male,44,West,Returning
CUST02061,2024-12-03,11,196840.0,28,4,4,2,10,Loyal Customers,Sai Bose,Male,25,West,New
CUST02062,2024-06-05,8,243637.0,209,1,2,2,5,Hibernating,Aditya Kumar,Male,40,North,Returning
CUST02063,2024-10-06,6,48730.0,86,2,1,1,4,Hibernating,Simran Mishra,Female,59,South,New
CUST02064,2024-11-18,7,555413.0,43,3,1,4,8,At Risk,Ramesh Yadav,Male,46,West,New
CUST02065,2024-12-25,14,1107358.5,6,5,5,5,15,Champions,Ramesh Bose,Male,37,South,Returning
CUST02066,2024-11-11,12,206077.0,50,3,4,2,9,At Risk,Anjali Sharma,Female,33,Central,Returning
CUST02067,2024-11-18,11,147248.0,43,3,4,1,8,At Risk,Vivaan Shah,Male,34,West,New
CUST02068,2024-05-06,9,136820.0,239,1,2,1,4,Hibernating,Reyansh Pillai,Male,33,West,Returning
CUST02069,2024-04-06,9,398360.0,269,1,2,3,6,Hibernating,Aarav Reddy,Male,36,North,Returning
CUST02070,2024-12-26,10,153277.0,5,5,3,1,9,At Risk,Rahul Mehta,Male,25,Central,New
CUST02071,2024-12-15,11,484591.0,16,5,4,4,13,Champions,Aadhya Sharma,Female,55,North,Returning
CUST02072,2024-10-04,10,257068.0,88,2,3,2,7,At Risk,Ayaan Joshi,Male,55,East,New
CUST02073,2024-12-13,12,371637.0,18,4,4,3,11,Loyal Customers,Amit Iyer,Male,46,South,New
CUST02074,2024-12-14,11,914827.0,17,5,4,5,14,Champions,Navya Singh,Female,58,North,New
CUST02075,2024-07-15,13,357837.0,169,1,5,3,9,At Risk,Anjali Das,Female,53,West,New
CUST02076,2024-10-01,11,276114.5,91,2,4,2,8,At Risk,Divya Iyer,Female,43,East,New
CUST02077,2024-10-08,6,98237.0,84,2,1,1,4,Hibernating,Sai Patel,Male,48,West,New
CUST02078,2024-07-16,9,214680.0,168,1,2,2,5,Hibernating,Vivaan Iyer,Male,61,South,Returning
CUST02079,2024-11-27,18,938239.0,34,4,5,5,14,Champions,Riya Chatterjee,Female,29,East,Returning
CUST02080,2024-11-19,9,506074.0,42,3,2,4,9,At Risk,Sonal Jain,Female,34,North,Returning
CUST02081,2024-12-01,9,493652.5,30,4,2,4,10,Loyal Customers,Rahul Reddy,Male,32,Central,Returning
CUST02082,2024-12-09,8,44774.5,22,4,2,1,7,At Risk,Ramesh Kumar,Male,26,East,New
CUST02083,2024-08-27,16,616603.0,126,2,5,4,11,Loyal Customers,Rohit Bose,Male,56,West,Returning
CUST02084,2024-12-25,12,873736.0,6,5,4,5,14,Champions,Sneha Mehta,Female,59,South,Returning
CUST02085,2024-09-19,10,625584.5,103,2,3,4,9,At Risk,Sai Yadav,Male,29,North,New
CUST02086,2024-09-25,14,422348.0,97,2,5,3,10,Loyal Customers,Aarav Joshi,Male,49,Central,New
CUST02087,2024-01-11,9,702156.0,355,1,2,5,8,At Risk,Ayaan Kumar,Male,42,Central,Returning
CUST02088,2024-04-20,9,98259.0,255,1,2,1,4,Hibernating,Mahi Sharma,Female,56,East,Returning
CUST02089,2024-12-18,9,196938.0,13,5,2,2,9,At Risk,Divya Das,Female,35,East,Returning
CUST02090,2024-12-26,8,320743.0,5,5,2,3,10,Loyal Customers,Sai Singh,Male,32,East,New
CUST02091,2024-09-16,15,393974.0,106,2,5,3,10,Loyal Customers,Sneha Verma,Female,49,North,New
CUST02092,2024-11-21,15,474056.0,40,3,5,4,12,Loyal Customers,Anjali Nair,Female,23,North,Returning
CUST02093,2024-11-28,13,791228.5,33,4,5,5,14,Champions,Prateek Jain,Male,61,Central,Returning
CUST02094,2024-11-02,11,631905.0,59,3,4,5,12,Loyal Customers,Vivaan Jain,Male,60,Central,New
CUST02095,2024-11-17,11,695855.5,44,3,4,5,12,Loyal Customers,Vivaan Singh,Male,52,East,New
CUST02096,2024-12-28,9,711163.0,3,5,2,5,12,Loyal Customers,Aadhya Verma,Female,51,North,Returning
CUST02097,2024-11-16,12,651170.0,45,3,4,5,12,Loyal Customers,Anika Mishra,Female,55,East,Returning
CUST02098,2024-10-13,8,51440.0,79,2,2,1,5,Hibernating,Lakshmi Yadav,Female,22,North,New
CUST02099,2024-08-21,6,30462.5,132,2,1,1,4,Hibernating,Anika Shah,Female,35,South,Returning
CUST02100,2024-07-08,13,631225.0,176,1,5,5,11,Loyal Customers,Krishna Bose,Male,33,East,Returning
CUST02101,2024-12-06,12,611040.0,25,4,4,4,12,Loyal Customers,Navya Mehta,Female,25,East,Returning
CUST02102,2024-11-17,7,197360.0,44,3,1,2,6,Hibernating,Aarav Iyer,Male,42,East,New
CUST02103,2024-07-31,7,178227.5,153,1,1,2,4,Hibernating,Ramesh Singh,Male,49,West,New
CUST02104,2024-07-14,7,186624.0,170,1,1,2,4,Hibernating,Sonal Nair,Female,43,Central,Returning
CUST02105,2024-12-17,13,765676.0,14,5,5,5,15,Champions,Simran Jain,Female,39,North,New
CUST02106,2024-12-16,11,725201.5,15,5,4,5,14,Champions,Arjun Mishra,Male,48,West,Returning
CUST02107,2024-07-27,5,371280.0,157,1,1,3,5,Hibernating,Anika Das,Female,60,South,Returning
CUST02108,2023-08-04,4,14800.0,515,1,1,1,3,Lost,Simran Singh,Female,27,North,New
CUST02109,2024-10-18,10,659953.0,74,2,3,5,10,Loyal Customers,Ishaan Singh,Male,29,North,Returning
CUST02110,2024-12-21,13,303185.0,10,5,5,3,13,Champions,Anika Bose,Female,45,West,Returning
CUST02111,2024-10-01,8,252831.0,91,2,2,2,6,Hibernating,Reyansh Jain,Male,23,South,Returning
CUST02112,2024-09-22,7,692408.0,100,2,1,5,8,At Risk,Reyansh Nair,Male,37,North,New
CUST02113,2024-08-08,11,594279.0,145,2,4,4,10,Loyal Customers,Rahul Mehta,Male,22,South,Returning
CUST02114,2024-11-23,9,676656.0,38,4,2,5,11,Loyal Customers,Sneha Mishra,Female,40,East,Returning
CUST02115,2024-09-26,6,315088.0,96,2,1,3,6,Hibernating,Riya Gupta,Female,26,North,Returning
CUST02116,2024-09-03,13,290731.0,119,2,5,3,10,Loyal Customers,Vivaan Shah,Male,46,North,Returning
CUST02117,2023-12-14,5,190703.5,383,1,1,2,4,Hibernating,Nikhil Mehta,Male,33,West,Returning
CUST02118,2024-08-30,14,439340.0,123,2,5,4,11,Loyal Customers,Nisha Reddy,Female,63,West,Returning
CUST02119,2023-10-26,3,44090.5,432,1,1,1,3,Lost,Ayaan Sharma,Male,39,West,Returning
CUST02120,2024-08-06,8,951120.0,147,2,2,5,9,At Risk,Aadhya Patel,Female,25,Central,New
CUST02121,2024-11-11,11,247773.5,50,3,4,2,9,At Risk,Anika Agarwal,Female,37,South,Returning
CUST02122,2024-01-30,7,343112.0,336,1,1,3,5,Hibernating,Nikhil Kumar,Male,31,East,Returning
CUST02123,2024-12-31,13,843607.0,0,5,5,5,15,Champions,Pari Das,Female,56,West,New
CUST02124,2024-10-11,7,287004.0,81,2,1,2,5,Hibernating,Aditya Singh,Male,54,East,New
CUST02125,2024-11-02,14,468107.5,59,3,5,4,12,Loyal Customers,Pooja Joshi,Female,51,East,Returning
CUST02126,2024-10-12,10,382699.0,80,2,3,3,8,At Risk,Lakshmi Iyer,Female,28,South,Returning
CUST02127,2024-12-27,9,593429.0,4,5,2,4,11,Loyal Customers,Pooja Chatterjee,Female,57,East,Returning
CUST02128,2024-12-15,15,510464.0,16,5,5,4,14,Champions,Vivaan Singh,Male,50,East,New
CUST02129,2024-12-03,13,801301.0,28,4,5,5,14,Champions,Diya Verma,Female,48,South,New
CUST02130,2024-12-25,15,774398.5,6,5,5,5,15,Champions,Ishaan Pillai,Male,61,Central,New
CUST02131,2024-11-29,10,831810.5,32,4,3,5,12,Loyal Customers,Rohit Mishra,Male,51,East,Returning
CUST02132,2024-10-17,13,528989.0,75,2,5,4,11,Loyal Customers,Vihaan Singh,Male,24,East,Returning
CUST02133,2024-07-16,3,19728.0,168,1,1,1,3,Lost,Ananya Sharma,Female,40,West,New
CUST02134,2024-02-02,9,1022204.0,333,1,2,5,8,At Risk,Arjun Gupta,Male,63,South,New
CUST02135,2024-11-25,12,311107.0,36,4,4,3,11,Loyal Customers,Priya Pillai,Female,24,East,Returning
CUST02136,2024-02-15,5,386694.0,320,1,1,3,5,Hibernating,Lakshmi Jain,Female,42,North,Returning
CUST02137,2024-09-11,17,980708.0,111,2,5,5,12,Loyal Customers,Krishna Patel,Male,20,South,New
CUST02138,2024-11-06,11,416032.0,55,3,4,3,10,Loyal Customers,Sneha Reddy,Female,55,Central,Returning
CUST02139,2024-12-10,10,688891.0,21,4,3,5,12,Loyal Customers,Sai Singh,Male,37,South,New
CUST02140,2024-11-23,11,440584.0,38,4,4,4,12,Loyal Customers,Anjali Yadav,Female,51,East,Returning
CUST02141,2024-10-31,11,502971.0,61,3,4,4,11,Loyal Customers,Lakshmi Nair,Female,61,North,Returning
CUST02142,2024-11-25,9,407749.0,36,4,2,3,9,At Risk,Suresh Bose,Male,61,North,Returning
CUST02143,2024-12-02,10,197700.0,29,4,3,2,9,At Risk,Kavya Gupta,Female,47,West,New
CUST02144,2024-08-17,9,116061.5,136,2,2,1,5,Hibernating,Vihaan Kumar,Male,34,West,New
CUST02145,2024-12-10,13,681441.0,21,4,5,5,14,Champions,Vivaan Gupta,Male,27,North,Returning
CUST02146,2024-12-03,11,412158.5,28,4,4,3,11,Loyal Customers,Anika Mishra,Female,52,North,New
CUST02147,2024-05-16,6,381820.0,229,1,1,3,5,Hibernating,Deepak Bose,Male,37,North,Returning
CUST02148,2024-12-24,13,885769.0,7,5,5,5,15,Champions,Deepak Chatterjee,Male,35,Central,Returning
CUST02149,2023-09-23,2,34336.0,465,1,1,1,3,Lost,Sai Jain,Male,62,South,Returning
CUST02150,2024-12-06,9,590310.0,25,4,2,4,10,Loyal Customers,Anjali Pillai,Female,61,South,Returning
CUST02151,2024-12-09,16,680369.5,22,4,5,5,14,Champions,Manish Sharma,Male,44,East,Returning
CUST02152,2024-11-21,15,199071.0,40,3,5,2,10,Loyal Customers,Arjun Bose,Male,53,South,Returning
CUST02153,2024-12-17,9,513243.0,14,5,2,4,11,Loyal Customers,Nisha Singh,Female,40,South,New
CUST02154,2024-12-09,14,652517.0,22,4,5,5,14,Champions,Kavya Chatterjee,Female,49,East,New
CUST02155,2024-11-02,13,802088.0,59,3,5,5,13,Champions,Vivaan Patel,Male,27,East,New
CUST02156,2024-04-29,8,28783.0,246,1,2,1,4,Hibernating,Krishna Reddy,Male,28,North,New
CUST02157,2024-12-06,17,445685.0,25,4,5,4,13,Champions,Aarav Das,Male,55,South,Returning
CUST02158,2024-11-08,15,781461.5,53,3,5,5,13,Champions,Deepak Agarwal,Male,23,East,Returning
CUST02159,2024-08-11,12,404597.0,142,2,4,3,9,At Risk,Ayaan Reddy,Male,58,North,Returning
CUST02160,2024-01-12,5,130438.0,354,1,1,1,3,Lost,Sonal Das,Female,64,Central,Returning
CUST02161,2024-10-08,14,918407.0,84,2,5,5,12,Loyal Customers,Simran Singh,Female,51,Central,Returning
CUST02162,2024-11-07,13,474159.0,54,3,5,4,12,Loyal Customers,Kavya Joshi,Female,53,South,Returning
CUST02163,2024-08-14,12,144208.5,139,2,4,1,7,At Risk,Nikhil Pillai,Male,54,Central,New
CUST02164,2024-07-26,11,326257.5,158,1,4,3,8,At Risk,Anjali Kumar,Female,34,Central,Returning
CUST02165,2024-04-16,12,523429.0,259,1,4,4,9,At Risk,Prateek Jain,Male,57,North,Returning
CUST02166,2024-12-29,12,711913.0,2,5,4,5,14,Champions,Ananya Sharma,Female,57,East,Returning
CUST02167,2024-01-27,9,144230.0,339,1,2,1,4,Hibernating,Diya Das,Female,29,North,New
CUST02168,2024-11-07,6,551493.5,54,3,1,4,8,At Risk,Nikhil Bose,Male,38,South,Returning
CUST02169,2024-04-18,7,356014.0,257,1,1,3,5,Hibernating,Diya Patel,Female,57,South,Returning
CUST02170,2024-12-12,12,261672.0,19,4,4,2,10,Loyal Customers,Nikhil Reddy,Male,36,North,Returning
CUST02171,2024-10-14,9,150461.0,78,2,2,1,5,Hibernating,Ishita Reddy,Female,20,South,Returning
CUST02172,2024-06-06,9,304033.0,208,1,2,3,6,Hibernating,Krishna Verma,Male,35,North,Returning
CUST02173,2024-12-30,10,401321.0,1,5,3,3,11,Loyal Customers,Rahul Joshi,Male,36,North,New
CUST02174,2024-09-27,8,459486.0,95,2,2,4,8,At Risk,Meera Yadav,Female,64,West,New
CUST02175,2024-05-27,6,157096.0,218,1,1,1,3,Lost,Suresh Joshi,Male,23,East,Returning
CUST02176,2023-11-03,6,35440.0,424,1,1,1,3,Lost,Pari Chatterjee,Female,33,East,New
CUST02177,2024-12-09,11,441710.0,22,4,4,4,12,Loyal Customers,Kiran Agarwal,Male,25,West,Returning
CUST02178,2024-11-18,16,565385.0,43,3,5,4,12,Loyal Customers,Lakshmi Patel,Female,35,South,Returning
CUST02179,2024-05-27,7,516602.5,218,1,1,4,6,Hibernating,Nisha Chatterjee,Female,60,North,New
CUST02180,2024-11-05,11,656862.0,56,3,4,5,12,Loyal Customers,Rohit Singh,Male,56,South,New
CUST02181,2024-10-26,7,95568.0,66,3,1,1,5,Hibernating,Nikhil Sharma,Male,29,North,New
CUST02182,2024-12-19,10,420715.0,12,5,3,3,11,Loyal Customers,Vihaan Yadav,Male,62,South,New
CUST02183,2024-09-07,4,22709.0,115,2,1,1,4,Hibernating,Ramesh Verma,Male,27,North,Returning
CUST02184,2024-05-06,10,365053.0,239,1,3,3,7,At Risk,Prateek Shah,Male,24,North,Returning
CUST02185,2024-12-10,10,203219.0,21,4,3,2,9,At Risk,Aadhya Patel,Female,63,South,Returning
CUST02186,2024-07-09,8,248506.5,175,1,2,2,5,Hibernating,Simran Jain,Female,18,South,New
CUST02187,2024-04-18,8,227104.0,257,1,2,2,5,Hibernating,Riya Das,Female,53,Central,Returning
CUST02188,2024-12-11,16,901194.0,20,4,5,5,14,Champions,Meera Mehta,Female,38,West,New
CUST02189,2024-03-14,4,106002.0,292,1,1,1,3,Lost,Lakshmi Reddy,Female,54,East,Returning
CUST02190,2024-11-08,5,254083.0,53,3,1,2,6,Hibernating,Sneha Verma,Female,41,South,Returning
CUST02191,2024-12-12,11,527856.0,19,4,4,4,12,Loyal Customers,Ayaan Chatterjee,Male,42,West,Returning
CUST02192,2024-09-08,8,122639.0,114,2,2,1,5,Hibernating,Priya Shah,Female,24,East,Returning
CUST02193,2024-11-23,11,326565.0,38,4,4,3,11,Loyal Customers,Simran Jain,Female,59,South,New
CUST02194,2024-02-27,9,338615.5,308,1,2,3,6,Hibernating,Nisha Pillai,Female,34,South,New
CUST02195,2024-09-04,14,1084007.5,118,2,5,5,12,Loyal Customers,Kiran Singh,Male,46,North,Returning
CUST02196,2024-12-16,14,445786.0,15,5,5,4,14,Champions,Vihaan Joshi,Male,47,South,New
CUST02197,2024-12-06,13,141139.0,25,4,5,1,10,Loyal Customers,Aarav Reddy,Male,24,North,New
CUST02198,2024-11-27,10,471547.0,34,4,3,4,11,Loyal Customers,Sneha Iyer,Female,50,East,New
CUST02199,2024-11-05,14,915280.5,56,3,5,5,13,Champions,Prateek Das,Male,24,North,New
CUST02200,2024-03-05,12,351077.5,301,1,4,3,8,At Risk,Amit Singh,Male,41,North,Returning
CUST02201,2024-07-20,18,448586.0,164,1,5,4,10,Loyal Customers,Ananya Gupta,Female,28,North,Returning
CUST02202,2024-12-31,9,901890.0,0,5,2,5,12,Loyal Customers,Nikhil Kumar,Male,26,Central,New
CUST02203,2024-09-01,11,283618.0,121,2,4,2,8,At Risk,Ramesh Singh,Male,29,South,New
CUST02204,2024-08-14,7,40470.0,139,2,1,1,4,Hibernating,Krishna Jain,Male,52,North,Returning
CUST02205,2024-10-28,12,536900.0,64,3,4,4,11,Loyal Customers,Mahi Mehta,Female,21,North,Returning
CUST02206,2024-11-03,14,426936.0,58,3,5,3,11,Loyal Customers,Anika Yadav,Female,53,North,Returning
CUST02207,2024-10-25,10,632434.0,67,3,3,5,11,Loyal Customers,Reyansh Chatterjee,Male,45,South,Returning
CUST02208,2024-11-07,9,801360.0,54,3,3,5,11,Loyal Customers,Mahi Reddy,Female,30,West,Returning
CUST02209,2024-12-19,5,260265.0,12,5,1,2,8,At Risk,Vihaan Mishra,Male,40,South,Returning
CUST02210,2024-12-20,11,166491.0,11,5,4,1,10,Loyal Customers,Ananya Agarwal,Female,36,North,Returning
CUST02211,2024-05-20,5,370881.0,225,1,1,3,5,Hibernating,Anika Chatterjee,Female,59,East,New
CUST02212,2024-01-11,8,115084.0,355,1,2,1,4,Hibernating,Lakshmi Agarwal,Female,54,East,Returning
CUST02213,2024-12-31,6,201100.0,0,5,1,2,8,At Risk,Rahul Kumar,Male,56,South,New
CUST02214,2024-08-03,5,162288.0,150,1,1,1,3,Lost,Nisha Sharma,Female,41,Central,Returning
CUST02215,2024-11-04,7,152284.0,57,3,1,1,5,Hibernating,Sonal Verma,Female,33,West,Returning
CUST02216,2024-12-29,7,909402.0,2,5,1,5,11,Loyal Customers,Prateek Mishra,Male,50,South,Returning
CUST02217,2024-10-31,8,169841.0,61,3,2,2,7,At Risk,Divya Bose,Female,29,West,New
CUST02218,2024-11-01,10,110055.0,60,3,3,1,7,At Risk,Rahul Gupta,Male,51,South,Returning
CUST02219,2024-11-29,13,771025.0,32,4,5,5,14,Champions,Divya Gupta,Female,24,South,New
CUST02220,2024-10-03,12,457666.5,89,2,4,4,10,Loyal Customers,Arjun Singh,Male,28,West,New
CUST02221,2024-11-09,13,412552.0,52,3,5,3,11,Loyal Customers,Anjali Jain,Female,48,South,New
CUST02222,2024-11-22,13,442066.0,39,3,5,4,12,Loyal Customers,Manish Reddy,Male,46,East,New
CUST02223,2024-11-26,21,1053604.0,35,4,5,5,14,Champions,Rahul Yadav,Male,30,North,Returning
CUST02224,2024-07-30,6,55662.0,154,1,1,1,3,Lost,Ramesh Jain,Male,48,South,Returning
CUST02225,2024-12-13,12,952659.0,18,4,4,5,13,Champions,Ayaan Nair,Male,19,South,Returning
CUST02226,2024-10-31,9,417461.0,61,3,3,3,9,At Risk,Suresh Reddy,Male,56,South,Returning
CUST02227,2024-01-20,13,283953.0,346,1,5,2,8,At Risk,Ishaan Chatterjee,Male,32,West,New
CUST02228,2024-10-02,9,587864.0,90,2,3,4,9,At Risk,Navya Kumar,Female,28,North,Returning
CUST02229,2024-11-24,14,674109.0,37,4,5,5,14,Champions,Ramesh Jain,Male,51,West,Returning
CUST02230,2024-10-15,8,202384.5,77,2,2,2,6,Hibernating,Rahul Iyer,Male,56,West,Returning
CUST02231,2024-12-31,18,634485.0,0,5,5,5,15,Champions,Meera Reddy,Female,21,North,Returning
CUST02232,2024-02-04,10,562980.0,331,1,3,4,8,At Risk,Prateek Mehta,Male,28,North,Returning
CUST02233,2024-05-22,7,313910.5,223,1,1,3,5,Hibernating,Mahi Mehta,Female,46,South,New
CUST02234,2024-02-23,11,659680.0,312,1,4,5,10,Loyal Customers,Simran Iyer,Female,19,East,New
CUST02235,2024-12-21,12,1093644.0,10,5,4,5,14,Champions,Sneha Kumar,Female,33,East,Returning
CUST02236,2024-05-04,7,180223.0,241,1,1,2,4,Hibernating,Diya Das,Female,56,South,New
CUST02237,2024-12-08,11,497711.5,23,4,4,4,12,Loyal Customers,Meera Reddy,Female,30,North,Returning
CUST02238,2023-12-01,9,259930.5,396,1,3,2,6,Hibernating,Vihaan Pillai,Male,54,Central,Returning
CUST02239,2024-12-14,9,138862.5,17,5,3,1,9,At Risk,Prateek Bose,Male,34,West,Returning
CUST02240,2024-10-19,9,97608.0,73,2,3,1,6,Hibernating,Deepak Agarwal,Male,38,Central,Returning
CUST02241,2024-10-18,13,1701237.5,74,2,5,5,12,Loyal Customers,Kavya Shah,Female,61,West,New
CUST02242,2024-10-16,12,1140913.0,76,2,4,5,11,Loyal Customers,Ishaan Mishra,Male,36,North,Returning
CUST02243,2024-12-16,10,145263.0,15,5,3,1,9,At Risk,Aadhya Das,Female,24,East,Returning
CUST02244,2023-07-22,6,124551.0,528,1,1,1,3,Lost,Anika Sharma,Female,55,South,Returning
CUST02245,2024-10-18,10,310183.0,74,2,3,3,8,At Risk,Anjali Kumar,Female,25,East,Returning
CUST02246,2024-07-22,7,375224.0,162,1,1,3,5,Hibernating,Vivaan Verma,Male,30,North,New
CUST02247,2024-07-29,8,40911.0,155,1,2,1,4,Hibernating,Reyansh Nair,Male,54,West,Returning
CUST02248,2024-11-29,5,32559.0,32,4,1,1,6,Hibernating,Diya Iyer,Female,19,North,New
CUST02249,2024-12-06,14,383204.0,25,4,5,3,12,Loyal Customers,Pooja Kumar,Female,58,East,New
CUST02250,2024-12-16,10,723926.0,15,5,3,5,13,Champions,Vivaan Iyer,Male,28,North,New
CUST02251,2024-10-01,13,653424.0,91,2,5,5,12,Loyal Customers,Reyansh Shah,Male,41,South,New
CUST02252,2024-06-28,9,338023.5,186,1,3,3,7,At Risk,Ananya Pillai,Female,23,South,New
CUST02253,2024-12-18,14,270646.0,13,5,5,2,12,Loyal Customers,Lakshmi Singh,Female,43,Central,Returning
CUST02254,2024-12-02,7,285879.0,29,4,1,2,7,At Risk,Simran Shah,Female,24,West,Returning
CUST02255,2024-05-01,11,177377.0,244,1,4,2,7,At Risk,Ishita Shah,Female,56,South,New
CUST02256,2024-12-14,8,71891.5,17,5,2,1,8,At Risk,Anjali Joshi,Female,36,Central,New
CUST02257,2024-04-26,12,373355.0,249,1,4,3,8,At Risk,Rahul Iyer,Male,23,East,Returning
CUST02258,2024-09-12,4,139536.0,110,2,1,1,4,Hibernating,Vivaan Yadav,Male,60,West,New
CUST02259,2024-12-24,12,186626.0,7,5,4,2,11,Loyal Customers,Suresh Mishra,Male,46,South,New
CUST02260,2023-11-14,8,114787.0,413,1,2,1,4,Hibernating,Rohit Shah,Male,60,North,Returning
CUST02261,2024-11-20,15,739569.0,41,3,5,5,13,Champions,Ananya Sharma,Female,56,West,Returning
CUST02262,2024-11-21,12,500387.0,40,3,4,4,11,Loyal Customers,Pooja Mehta,Female,19,South,New
CUST02263,2024-11-30,10,749793.0,31,4,3,5,12,Loyal Customers,Simran Chatterjee,Female,36,North,Returning
CUST02264,2024-12-19,17,673782.0,12,5,5,5,15,Champions,Ayaan Pillai,Male,21,East,Returning
CUST02265,2024-12-15,11,368187.0,16,5,4,3,12,Loyal Customers,Divya Shah,Female,23,Central,New
CUST02266,2024-11-07,12,481116.0,54,3,4,4,11,Loyal Customers,Simran Mehta,Female,54,South,Returning
CUST02267,2024-12-30,16,436556.0,1,5,5,4,14,Champions,Mahi Iyer,Female,45,West,Returning
CUST02268,2024-10-16,8,132864.0,76,2,2,1,5,Hibernating,Lakshmi Gupta,Female,47,South,New
CUST02269,2024-11-22,8,509778.0,39,3,2,4,9,At Risk,Aditya Gupta,Male,24,North,New
CUST02270,2024-08-21,11,299573.5,132,2,4,3,9,At Risk,Sai Das,Male,26,South,New
CUST02271,2024-10-17,11,220472.0,75,2,4,2,8,At Risk,Vihaan Yadav,Male,42,South,Returning
CUST02272,2024-12-31,3,57919.5,0,5,1,1,7,At Risk,Vivaan Mishra,Male,50,West,New
CUST02273,2024-12-21,15,354528.0,10,5,5,3,13,Champions,Krishna Shah,Male,18,North,Returning
CUST02274,2024-12-19,8,161476.5,12,5,2,1,8,At Risk,Pooja Kumar,Female,23,North,New
CUST02275,2024-12-26,13,291630.0,5,5,5,3,13,Champions,Diya Agarwal,Female,35,Central,Returning
CUST02276,2024-10-13,12,236587.0,79,2,4,2,8,At Risk,Pooja Sharma,Female,27,North,Returning
CUST02277,2024-11-19,14,564868.0,42,3,5,4,12,Loyal Customers,Priya Chatterjee,Female,45,North,Returning
CUST02278,2024-09-10,5,170180.0,112,2,1,2,5,Hibernating,Arjun Verma,Male,28,North,Returning
CUST02279,2024-07-05,8,473287.5,179,1,2,4,7,At Risk,Navya Reddy,Female,50,North,Returning
CUST02280,2024-12-07,9,528304.0,24,4,3,4,11,Loyal Customers,Manish Verma,Male,18,East,Returning
CUST02281,2024-11-26,11,1222430.5,35,4,4,5,13,Champions,Manish Iyer,Male,30,South,New
CUST02282,2024-12-06,15,644322.0,25,4,5,5,14,Champions,Nikhil Agarwal,Male,54,Central,Returning
CUST02283,2024-12-19,7,412331.0,12,5,1,3,9,At Risk,Prateek Pillai,Male,37,North,Returning
CUST02284,2024-10-24,10,357793.0,68,3,3,3,9,At Risk,Aditya Reddy,Male,18,East,New
CUST02285,2024-11-20,9,313656.0,41,3,3,3,9,At Risk,Rahul Joshi,Male,20,East,New
CUST02286,2024-12-18,9,68022.0,13,5,3,1,9,At Risk,Sai Das,Male,35,Central,Returning
CUST02287,2024-12-23,8,513388.0,8,5,2,4,11,Loyal Customers,Pari Das,Female,58,North,Returning
CUST02288,2024-12-28,7,253624.0,3,5,1,2,8,At Risk,Sai Mishra,Male,31,Central,Returning
CUST02289,2024-06-16,8,230895.0,198,1,2,2,5,Hibernating,Prateek Shah,Male,48,South,New
CUST02290,2024-12-20,8,127438.0,11,5,2,1,8,At Risk,Suresh Patel,Male,44,North,New
CUST02291,2024-08-04,12,832900.0,149,1,4,5,10,Loyal Customers,Sneha Joshi,Female,34,West,Returning
CUST02292,2024-11-16,8,275552.0,45,3,2,2,7,At Risk,Reyansh Reddy,Male,63,North,New
CUST02293,2024-08-05,8,272166.0,148,1,2,2,5,Hibernating,Rohit Pillai,Male,46,South,New
CUST02294,2024-02-27,9,166523.5,308,1,3,1,5,Hibernating,Ishaan Mehta,Male,53,South,Returning
CUST02295,2024-09-17,13,773094.0,105,2,5,5,12,Loyal Customers,Manish Das,Male,54,North,Returning
CUST02296,2024-12-29,10,343509.0,2,5,3,3,11,Loyal Customers,Nikhil Shah,Male,43,East,Returning
CUST02297,2024-11-17,5,488352.0,44,3,1,4,8,At Risk,Aarav Singh,Male,34,South,Returning
CUST02298,2024-07-23,9,227015.0,161,1,3,2,6,Hibernating,Amit Chatterjee,Male,39,Central,New
CUST02299,2024-11-04,6,259918.0,57,3,1,2,6,Hibernating,Ayaan Jain,Male,42,North,New
CUST02300,2024-11-17,7,705370.0,44,3,1,5,9,At Risk,Manish Joshi,Male,19,Central,New
CUST02301,2024-07-21,5,59266.0,163,1,1,1,3,Lost,Ananya Reddy,Female,39,East,Returning
CUST02302,2024-09-30,17,844919.0,92,2,5,5,12,Loyal Customers,Anjali Singh,Female,22,East,Returning
CUST02303,2024-06-24,10,597036.0,190,1,3,4,8,At Risk,Suresh Nair,Male,21,South,New
CUST02304,2024-12-09,12,469756.0,22,4,4,4,12,Loyal Customers,Prateek Iyer,Male,53,South,Returning
CUST02305,2024-07-14,11,1062808.0,170,1,4,5,10,Loyal Customers,Aadhya Das,Female,23,North,New
CUST02306,2024-12-18,17,675084.0,13,5,5,5,15,Champions,Amit Das,Male,38,West,Returning
CUST02307,2024-11-22,10,322160.0,39,3,3,3,9,At Risk,Rahul Chatterjee,Male,30,North,Returning
CUST02308,2024-12-04,11,595306.0,27,4,4,4,12,Loyal Customers,Nisha Verma,Female,54,South,New
CUST02309,2024-12-07,10,268878.0,24,4,3,2,9,At Risk,Ishaan Mehta,Male,42,Central,New
CUST02310,2024-12-24,13,360091.0,7,5,5,3,13,Champions,Rohit Das,Male,43,North,New
CUST02311,2023-11-13,6,260604.0,414,1,1,2,4,Hibernating,Aditya Singh,Male,56,Central,New
CUST02312,2024-10-22,11,427175.5,70,3,4,3,10,Loyal Customers,Diya Shah,Female,37,North,New
CUST02313,2024-11-18,13,326143.0,43,3,5,3,11,Loyal Customers,Prateek Sharma,Male,50,South,Returning
CUST02314,2024-11-09,11,292368.0,52,3,4,3,10,Loyal Customers,Pari Mehta,Female,31,North,New
CUST02315,2024-12-24,10,303950.0,7,5,3,3,11,Loyal Customers,Mahi Mishra,Female,53,East,Returning
CUST02316,2024-11-07,13,296433.0,54,3,5,3,11,Loyal Customers,Vihaan Mehta,Male,34,South,New
CUST02317,2024-12-31,11,686158.0,0,5,4,5,14,Champions,Prateek Mishra,Male,38,West,New
CUST02318,2024-12-26,12,121760.5,5,5,4,1,10,Loyal Customers,Aditya Kumar,Male,63,West,New
CUST02319,2023-06-05,5,66622.0,575,1,1,1,3,Lost,Aarav Chatterjee,Male,33,East,Returning
CUST02320,2024-07-31,10,444817.0,153,1,3,4,8,At Risk,Rohit Verma,Male,63,East,Returning
CUST02321,2024-12-11,11,698161.5,20,4,4,5,13,Champions,Pari Patel,Female,33,West,Returning
CUST02322,2024-10-20,8,195040.0,72,2,2,2,6,Hibernating,Ananya Gupta,Female,37,West,Returning
CUST02323,2024-09-28,6,210767.0,94,2,1,2,5,Hibernating,Pooja Shah,Female,46,West,Returning
CUST02324,2024-06-06,9,1168580.0,208,1,3,5,9,At Risk,Aditya Agarwal,Male,45,East,Returning
CUST02325,2024-11-09,7,176785.0,52,3,1,2,6,Hibernating,Ishita Nair,Female,25,Central,New
CUST02326,2024-11-02,11,231430.0,59,3,4,2,9,At Risk,Kavya Yadav,Female,41,South,Returning
CUST02327,2024-12-18,12,628493.0,13,5,4,5,14,Champions,Lakshmi Yadav,Female,20,Central,Returning
CUST02328,2024-10-10,13,744485.0,82,2,5,5,12,Loyal Customers,Ramesh Reddy,Male,42,East,Returning
CUST02329,2024-04-18,9,1293956.0,257,1,3,5,9,At Risk,Aadhya Yadav,Female,36,North,New
CUST02330,2024-01-24,5,365415.0,342,1,1,3,5,Hibernating,Vihaan Shah,Male,50,East,Returning
CUST02331,2024-11-11,9,94704.5,50,3,3,1,7,At Risk,Aarav Jain,Male,19,North,New
CUST02332,2024-07-25,9,668966.0,159,1,3,5,9,At Risk,Aditya Agarwal,Male,32,Central,New
CUST02333,2024-11-03,8,390220.0,58,3,2,3,8,At Risk,Ananya Patel,Female,39,East,Returning
CUST02334,2024-12-08,14,679439.0,23,4,5,5,14,Champions,Sneha Das,Female,27,North,Returning
CUST02335,2024-12-18,10,331371.0,13,5,3,3,11,Loyal Customers,Vihaan Iyer,Male,35,North,Returning
CUST02336,2024-08-22,7,268464.0,131,2,1,2,5,Hibernating,Ishaan Jain,Male,39,North,Returning
CUST02337,2024-10-19,9,245011.0,73,2,3,2,7,At Risk,Aditya Iyer,Male,63,South,New
CUST02338,2024-12-15,9,716939.0,16,5,3,5,13,Champions,Kiran Yadav,Male,44,West,New
CUST02339,2023-07-21,3,65920.0,529,1,1,1,3,Lost,Suresh Sharma,Male,30,West,Returning
CUST02340,2024-07-04,8,175606.5,180,1,2,2,5,Hibernating,Nikhil Gupta,Male,50,North,New
CUST02341,2024-12-20,12,101947.0,11,5,4,1,10,Loyal Customers,Meera Joshi,Female,22,East,Returning
CUST02342,2024-12-06,10,334922.0,25,4,3,3,10,Loyal Customers,Arjun Yadav,Male,43,South,New
CUST02343,2024-12-18,8,95882.0,13,5,2,1,8,At Risk,Prateek Iyer,Male,30,North,Returning
CUST02344,2024-03-01,10,299090.0,305,1,3,3,7,At Risk,Arjun Iyer,Male,44,East,Returning
CUST02345,2024-12-19,9,349511.0,12,5,3,3,11,Loyal Customers,Sneha Sharma,Female,31,West,New
CUST02346,2024-10-19,15,586949.5,73,2,5,4,11,Loyal Customers,Meera Shah,Female,41,South,Returning
CUST02347,2024-10-10,9,196518.0,82,2,3,2,7,At Risk,Navya Singh,Female,20,West,Returning
CUST02348,2024-10-16,8,275355.0,76,2,2,2,6,Hibernating,Vivaan Sharma,Male,64,East,Returning
CUST02349,2024-12-10,6,761222.0,21,4,1,5,10,Loyal Customers,Divya Jain,Female,47,West,Returning
CUST02350,2024-12-11,8,465358.0,20,4,2,4,10,Loyal Customers,Suresh Shah,Male,52,East,New
CUST02351,2024-10-01,9,498431.0,91,2,3,4,9,At Risk,Meera Patel,Female,31,Central,Returning
CUST02352,2024-09-21,10,288819.0,101,2,3,3,8,At Risk,Riya Mehta,Female,29,East,New
CUST02353,2024-09-19,13,339702.0,103,2,5,3,10,Loyal Customers,Sneha Mehta,Female,45,West,New
CUST02354,2024-08-10,9,578506.0,143,2,3,4,9,At Risk,Kavya Das,Female,61,South,Returning
CUST02355,2024-11-27,14,586583.0,34,4,5,4,13,Champions,Navya Gupta,Female,46,West,Returning
CUST02356,2024-12-24,10,348127.0,7,5,3,3,11,Loyal Customers,Sai Joshi,Male,60,South,New
CUST02357,2024-12-31,11,384057.5,0,5,4,3,12,Loyal Customers,Simran Nair,Female,34,North,Returning
CUST02358,2024-10-15,10,640935.0,77,2,3,5,10,Loyal Customers,Reyansh Singh,Male,57,West,Returning
CUST02359,2024-04-17,8,584119.0,258,1,2,4,7,At Risk,Sai Agarwal,Male,38,East,New
CUST02360,2024-11-19,7,206934.0,42,3,1,2,6,Hibernating,Vivaan Shah,Male,40,South,New
CUST02361,2024-12-05,7,396168.5,26,4,1,3,8,At Risk,Kiran Shah,Male,37,West,Returning
CUST02362,2024-04-18,9,146388.5,257,1,3,1,5,Hibernating,Aditya Iyer,Male,28,West,New
CUST02363,2024-07-08,8,449678.0,176,1,2,4,7,At Risk,Aditya Nair,Male,51,Central,New
CUST02364,2024-10-06,11,988436.0,86,2,4,5,11,Loyal Customers,Vihaan Mehta,Male,27,East,Returning
CUST02365,2024-07-17,16,1078839.0,167,1,5,5,11,Loyal Customers,Divya Bose,Female,27,North,New
CUST02366,2024-12-09,13,250236.5,22,4,5,2,11,Loyal Customers,Rohit Pillai,Male,60,South,Returning
CUST02367,2024-06-07,12,183278.0,207,1,4,2,7,At Risk,Arjun Joshi,Male,23,West,Returning
CUST02368,2024-10-11,17,952068.0,81,2,5,5,12,Loyal Customers,Anika Iyer,Female,53,Central,Returning
CUST02369,2024-12-29,11,459416.0,2,5,4,4,13,Champions,Manish Patel,Male,41,West,Returning
CUST02370,2024-09-05,7,136264.0,117,2,1,1,4,Hibernating,Mahi Reddy,Female,29,South,Returning
CUST02371,2024-11-16,11,1115674.5,45,3,4,5,12,Loyal Customers,Nisha Chatterjee,Female,60,North,New
CUST02372,2024-05-17,7,203767.5,228,1,1,2,4,Hibernating,Priya Jain,Female,40,East,New
CUST02373,2024-10-03,9,205882.0,89,2,3,2,7,At Risk,Riya Agarwal,Female,44,East,Returning
CUST02374,2024-11-13,9,402254.5,48,3,3,3,9,At Risk,Arjun Agarwal,Male,62,East,New
CUST02375,2024-11-21,11,406074.5,40,3,4,3,10,Loyal Customers,Divya Pillai,Female,54,North,New
CUST02376,2024-06-18,10,660417.0,196,1,3,5,9,At Risk,Rohit Mishra,Male,23,West,Returning
CUST02377,2024-07-20,12,647224.0,164,1,4,5,10,Loyal Customers,Sai Sharma,Male,18,East,Returning
CUST02378,2024-12-03,17,410143.0,28,4,5,3,12,Loyal Customers,Priya Joshi,Female,23,North,New
CUST02379,2024-12-17,10,532281.0,14,5,3,4,12,Loyal Customers,Ayaan Mishra,Male,39,South,New
CUST02380,2024-12-07,12,600350.0,24,4,4,4,12,Loyal Customers,Pooja Pillai,Female,58,South,Returning
CUST02381,2024-01-11,10,203461.0,355,1,3,2,6,Hibernating,Navya Reddy,Female,41,West,Returning
CUST02382,2024-07-14,7,359160.0,170,1,1,3,5,Hibernating,Nisha Chatterjee,Female,42,North,New
CUST02383,2024-12-23,9,568809.0,8,5,3,4,12,Loyal Customers,Lakshmi Pillai,Female,32,North,New
CUST02384,2024-11-20,10,292441.0,41,3,3,3,9,At Risk,Ishaan Bose,Male,43,North,Returning
CUST02385,2024-11-29,9,502999.0,32,4,3,4,11,Loyal Customers,Prateek Singh,Male,25,Central,Returning
CUST02386,2024-10-08,13,946764.0,84,2,5,5,12,Loyal Customers,Diya Jain,Female,41,North,Returning
CUST02387,2024-11-27,14,410598.0,34,4,5,3,12,Loyal Customers,Aditya Nair,Male,55,South,New
CUST02388,2024-12-26,6,284478.0,5,5,1,2,8,At Risk,Navya Shah,Female,23,North,Returning
CUST02389,2024-12-07,10,215129.0,24,4,3,2,9,At Risk,Mahi Nair,Female,52,West,Returning
CUST02390,2024-10-15,17,826575.0,77,2,5,5,12,Loyal Customers,Pari Patel,Female,59,Central,New
CUST02391,2023-12-06,12,471294.0,391,1,4,4,9,At Risk,Aarav Das,Male,18,North,New
CUST02392,2024-10-20,4,104933.0,72,2,1,1,4,Hibernating,Aarav Agarwal,Male,63,South,New
CUST02393,2024-09-30,13,475617.0,92,2,5,4,11,Loyal Customers,Deepak Yadav,Male,53,North,Returning
CUST02394,2024-10-29,9,72976.5,63,3,3,1,7,At Risk,Deepak Mehta,Male,29,East,Returning
CUST02395,2024-10-09,12,461374.0,83,2,4,4,10,Loyal Customers,Ananya Shah,Female,55,North,Returning
CUST02396,2024-10-18,8,616126.0,74,2,2,4,8,At Risk,Krishna Shah,Male,28,South,Returning
CUST02397,2024-10-12,8,90458.0,80,2,2,1,5,Hibernating,Prateek Bose,Male,29,North,Returning
CUST02398,2024-10-28,14,389202.5,64,3,5,3,11,Loyal Customers,Arjun Pillai,Male,59,South,Returning
CUST02399,2023-12-22,12,333547.0,375,1,4,3,8,At Risk,Anjali Joshi,Female,56,South,New
CUST02400,2024-10-23,6,258991.0,69,3,1,2,6,Hibernating,Divya Iyer,Female,24,South,New
CUST02401,2024-06-30,10,102780.0,184,1,3,1,5,Hibernating,Arjun Chatterjee,Male,28,South,Returning
CUST02402,2023-07-01,3,128344.0,549,1,1,1,3,Lost,Rahul Das,Male,53,Central,New
CUST02403,2024-12-30,9,260120.0,1,5,3,2,10,Loyal Customers,Aditya Yadav,Male,48,East,Returning
CUST02404,2024-11-29,4,45155.0,32,4,1,1,6,Hibernating,Amit Das,Male,50,Central,New
CUST02405,2024-10-28,14,669932.0,64,3,5,5,13,Champions,Aadhya Joshi,Female,30,West,New
CUST02406,2024-12-29,12,239462.0,2,5,4,2,11,Loyal Customers,Simran Gupta,Female,35,North,Returning
CUST02407,2024-12-26,10,291519.0,5,5,3,3,11,Loyal Customers,Rahul Kumar,Male,58,West,Returning
CUST02408,2024-08-22,9,141741.0,131,2,3,1,6,Hibernating,Kiran Gupta,Male,41,North,Returning
CUST02409,2024-12-13,10,130002.0,18,4,3,1,8,At Risk,Diya Agarwal,Female,26,South,Returning
CUST02410,2024-12-19,10,179064.0,12,5,3,2,10,Loyal Customers,Deepak Kumar,Male,48,West,New
CUST02411,2024-01-06,8,472424.0,360,1,2,4,7,At Risk,Nisha Pillai,Female,58,Central,New
CUST02412,2024-10-09,9,87845.0,83,2,3,1,6,Hibernating,Vivaan Joshi,Male,27,Central,Returning
CUST02413,2024-11-24,11,383436.0,37,4,4,3,11,Loyal Customers,Nikhil Joshi,Male,19,South,New
CUST02414,2024-12-06,14,497666.0,25,4,5,4,13,Champions,Aditya Nair,Male,55,North,New
CUST02415,2024-12-04,21,1094605.0,27,4,5,5,14,Champions,Amit Joshi,Male,32,Central,Returning
CUST02416,2024-12-17,17,458524.0,14,5,5,4,14,Champions,Ananya Mehta,Female,20,North,New
CUST02417,2024-12-13,12,162815.0,18,4,4,1,9,At Risk,Rahul Pillai,Male,60,East,Returning
CUST02418,2024-11-08,10,161814.0,53,3,3,1,7,At Risk,Suresh Bose,Male,48,South,Returning
CUST02419,2024-12-28,12,284289.0,3,5,4,2,11,Loyal Customers,Kiran Verma,Male,23,North,Returning
CUST02420,2024-10-04,18,951007.0,88,2,5,5,12,Loyal Customers,Vivaan Reddy,Male,20,North,Returning
CUST02421,2024-06-23,9,313214.0,191,1,3,3,7,At Risk,Vihaan Das,Male,28,West,New
CUST02422,2024-10-20,15,575112.5,72,2,5,4,11,Loyal Customers,Krishna Nair,Male,32,North,Returning
CUST02423,2024-11-25,14,516771.0,36,4,5,4,13,Champions,Divya Shah,Female,62,East,New
CUST02424,2024-11-10,18,629433.0,51,3,5,5,13,Champions,Deepak Gupta,Male,45,South,New
CUST02425,2024-12-19,9,255936.0,12,5,3,2,10,Loyal Customers,Suresh Yadav,Male,27,West,Returning
CUST02426,2024-11-17,8,448354.0,44,3,2,4,9,At Risk,Sneha Agarwal,Female,55,East,New
CUST02427,2024-12-11,8,146581.0,20,4,2,1,7,At Risk,Aditya Das,Male,64,South,Returning
CUST02428,2024-10-26,13,892378.0,66,3,5,5,13,Champions,Pooja Yadav,Female,24,Central,Returning
CUST02429,2024-12-21,15,290280.0,10,5,5,3,13,Champions,Ayaan Das,Male,32,West,Returning
CUST02430,2024-12-21,11,405427.0,10,5,4,3,12,Loyal Customers,Anjali Pillai,Female,35,North,Returning
CUST02431,2024-11-16,8,174597.0,45,3,2,2,7,At Risk,Sneha Bose,Female,35,East,New
CUST02432,2024-12-24,11,725948.0,7,5,4,5,14,Champions,Nisha Jain,Female,58,West,New
CUST02433,2024-12-31,7,38263.0,0,5,1,1,7,At Risk,Aadhya Das,Female,41,East,New
CUST02434,2024-12-08,10,172200.0,23,4,3,2,9,At Risk,Arjun Chatterjee,Male,19,South,New
CUST02435,2024-12-31,17,753033.0,0,5,5,5,15,Champions,Diya Joshi,Female,57,East,New
CUST02436,2024-12-23,13,512759.0,8,5,5,4,14,Champions,Aditya Das,Male,37,Central,New
CUST02437,2024-12-21,8,145641.0,10,5,2,1,8,At Risk,Krishna Mehta,Male,51,East,Returning
CUST02438,2024-11-06,10,712775.5,55,3,3,5,11,Loyal Customers,Arjun Gupta,Male,60,East,Returning
CUST02439,2024-05-01,4,453495.0,244,1,1,4,6,Hibernating,Sai Pillai,Male,43,East,Returning
CUST02440,2024-11-09,8,316159.0,52,3,2,3,8,At Risk,Manish Singh,Male,24,West,Returning
CUST02441,2024-10-14,8,223401.0,78,2,2,2,6,Hibernating,Ishita Mishra,Female,55,East,Returning
CUST02442,2024-12-17,11,480611.0,14,5,4,4,13,Champions,Rohit Singh,Male,47,South,Returning
CUST02443,2024-10-11,11,287360.0,81,2,4,2,8,At Risk,Nisha Bose,Female,59,Central,Returning
CUST02444,2024-12-17,11,323879.5,14,5,4,3,12,Loyal Customers,Nisha Mehta,Female,22,South,New
CUST02445,2024-12-01,11,895824.0,30,4,4,5,13,Champions,Deepak Gupta,Male,28,Central,Returning
CUST02446,2024-12-21,8,450497.0,10,5,2,4,11,Loyal Customers,Ramesh Sharma,Male,18,South,Returning
CUST02447,2024-11-09,12,342652.0,52,3,4,3,10,Loyal Customers,Ayaan Verma,Male,51,South,New
CUST02448,2024-02-03,8,176808.0,332,1,2,2,5,Hibernating,Arjun Agarwal,Male,18,North,New
CUST02449,2024-11-04,9,535168.0,57,3,3,4,10,Loyal Customers,Deepak Gupta,Male,36,South,New
CUST02450,2024-01-17,6,697305.0,349,1,1,5,7,At Risk,Arjun Das,Male,19,East,Returning
CUST02451,2024-12-24,13,340622.0,7,5,5,3,13,Champions,Vivaan Agarwal,Male,38,East,Returning
CUST02452,2024-10-03,7,380198.0,89,2,1,3,6,Hibernating,Navya Verma,Female,37,West,New
CUST02453,2024-10-13,8,414745.0,79,2,2,3,7,At Risk,Diya Nair,Female,40,South,New
CUST02454,2024-12-15,16,707108.0,16,5,5,5,15,Champions,Sai Das,Male,38,West,Returning
CUST02455,2024-10-07,10,470680.0,85,2,3,4,9,At Risk,Anjali Jain,Female,41,Central,New
CUST02456,2024-06-28,12,253109.0,186,1,4,2,7,At Risk,Deepak Sharma,Male,21,Central,New
CUST02457,2024-12-27,12,394489.0,4,5,4,3,12,Loyal Customers,Ishaan Patel,Male,29,North,New
CUST02458,2024-12-01,11,556114.0,30,4,4,4,12,Loyal Customers,Mahi Chatterjee,Female,39,North,Returning
CUST02459,2024-12-14,7,515350.0,17,5,1,4,10,Loyal Customers,Manish Bose,Male,37,Central,Returning
CUST02460,2024-09-23,7,109771.0,99,2,1,1,4,Hibernating,Nikhil Gupta,Male,35,Central,Returning
CUST02461,2024-01-25,8,400991.0,341,1,2,3,6,Hibernating,Ishita Mishra,Female,18,West,Returning
CUST02462,2024-12-13,14,1079803.5,18,4,5,5,14,Champions,Simran Kumar,Female,47,West,Returning
CUST02463,2024-03-27,7,140517.0,279,1,1,1,3,Lost,Divya Gupta,Female,50,East,New
CUST02464,2024-07-25,12,151603.0,159,1,4,1,6,Hibernating,Simran Das,Female,41,West,Returning
CUST02465,2024-08-30,6,552753.0,123,2,1,4,7,At Risk,Pooja Gupta,Female,31,Central,New
CUST02466,2024-02-11,4,176334.0,324,1,1,2,4,Hibernating,Rohit Chatterjee,Male,53,West,Returning
CUST02467,2024-11-11,9,813989.0,50,3,3,5,11,Loyal Customers,Manish Agarwal,Male,22,East,New
CUST02468,2024-12-13,9,529488.5,18,4,3,4,11,Loyal Customers,Aditya Joshi,Male,28,East,Returning
CUST02469,2024-01-28,7,55754.0,338,1,1,1,3,Lost,Suresh Yadav,Male,41,North,New
CUST02470,2024-09-20,12,781420.0,102,2,4,5,11,Loyal Customers,Arjun Singh,Male,48,South,Returning
CUST02471,2024-11-20,11,342246.0,41,3,4,3,10,Loyal Customers,Aarav Mehta,Male,30,West,New
CUST02472,2024-09-01,12,343872.0,121,2,4,3,9,At Risk,Sonal Das,Female,33,Central,Returning
CUST02473,2024-10-14,12,342357.0,78,2,4,3,9,At Risk,Kavya Kumar,Female,41,Central,New
CUST02474,2024-12-18,7,228386.5,13,5,1,2,8,At Risk,Simran Singh,Female,30,North,Returning
CUST02475,2024-06-14,7,283762.0,200,1,1,2,4,Hibernating,Sai Bose,Male,41,East,Returning
CUST02476,2024-11-12,9,666705.5,49,3,3,5,11,Loyal Customers,Simran Jain,Female,43,West,New
CUST02477,2024-12-01,11,98226.0,30,4,4,1,9,At Risk,Vivaan Shah,Male,19,South,Returning
CUST02478,2024-11-03,7,168150.0,58,3,1,1,5,Hibernating,Sonal Singh,Female,33,East,New
CUST02479,2024-04-01,5,616356.0,274,1,1,4,6,Hibernating,Aditya Bose,Male,55,East,Returning
CUST02480,2024-12-05,10,268737.0,26,4,3,2,9,At Risk,Navya Jain,Female,63,East,Returning
CUST02481,2024-12-19,5,112216.0,12,5,1,1,7,At Risk,Prateek Sharma,Male,18,East,New
CUST02482,2024-12-30,16,413623.5,1,5,5,3,13,Champions,Kavya Das,Female,28,South,Returning
CUST02483,2024-11-14,9,207436.0,47,3,3,2,8,At Risk,Kavya Pillai,Female,52,West,New
CUST02484,2024-12-23,12,736619.5,8,5,4,5,14,Champions,Vivaan Das,Male,60,East,New
CUST02485,2024-09-16,9,652513.0,106,2,3,5,10,Loyal Customers,Ramesh Joshi,Male,46,South,Returning
CUST02486,2024-11-24,14,755022.0,37,4,5,5,14,Champions,Nisha Yadav,Female,54,North,Returning
CUST02487,2024-10-07,11,601751.0,85,2,4,4,10,Loyal Customers,Amit Agarwal,Male,34,Central,New
CUST02488,2024-12-30,6,41687.0,1,5,1,1,7,At Risk,Divya Singh,Female,56,Central,New
CUST02489,2024-12-28,8,201512.0,3,5,2,2,9,At Risk,Kavya Kumar,Female,59,North,Returning
CUST02490,2024-10-01,16,388695.5,91,2,5,3,10,Loyal Customers,Krishna Bose,Male,45,East,New
CUST02491,2024-10-09,8,148530.0,83,2,2,1,5,Hibernating,Ayaan Patel,Male,46,North,Returning
CUST02492,2024-12-02,8,221534.0,29,4,2,2,8,At Risk,Ishaan Jain,Male,60,East,Returning
CUST02493,2024-11-09,12,357933.0,52,3,4,3,10,Loyal Customers,Meera Mishra,Female,20,North,New
CUST02494,2024-12-08,8,156015.0,23,4,2,1,7,At Risk,Krishna Mehta,Male,27,South,New
CUST02495,2024-10-10,2,136800.0,82,2,1,1,4,Hibernating,Aarav Sharma,Male,59,East,Returning
CUST02496,2024-07-17,10,404291.0,167,1,3,3,7,At Risk,Deepak Das,Male,31,North,New
CUST02497,2024-09-20,5,80820.0,102,2,1,1,4,Hibernating,Anika Das,Female,29,South,Returning
CUST02498,2024-12-08,11,278913.0,23,4,4,2,10,Loyal Customers,Aadhya Yadav,Female,64,North,Returning
CUST02499,2024-07-26,6,366021.0,158,1,1,3,5,Hibernating,Mahi Reddy,Female,59,North,Returning
CUST02500,2024-12-20,13,815578.0,11,5,5,5,15,Champions,Ramesh Pillai,Male,47,North,Returning
CUST02501,2024-12-22,11,1141792.5,9,5,4,5,14,Champions,Anika Kumar,Female,49,East,New
CUST02502,2024-12-31,8,555744.0,0,5,2,4,11,Loyal Customers,Kavya Agarwal,Female,49,West,Returning
CUST02503,2024-06-07,7,338388.0,207,1,1,3,5,Hibernating,Pooja Nair,Female,59,West,Returning
CUST02504,2024-12-21,9,415617.0,10,5,3,3,11,Loyal Customers,Meera Mishra,Female,49,East,Returning
CUST02505,2024-07-22,10,570979.0,162,1,3,4,8,At Risk,Deepak Pillai,Male,43,Central,New
CUST02506,2024-09-10,13,367045.0,112,2,5,3,10,Loyal Customers,Manish Nair,Male,18,Central,Returning
CUST02507,2024-11-10,10,71244.0,51,3,3,1,7,At Risk,Anjali Mehta,Female,59,South,New
CUST02508,2024-11-23,7,487902.0,38,4,1,4,9,At Risk,Ramesh Shah,Male,19,East,Returning
CUST02509,2024-09-07,8,277781.0,115,2,2,2,6,Hibernating,Meera Bose,Female,34,North,Returning
CUST02510,2024-10-20,12,458841.0,72,2,4,4,10,Loyal Customers,Diya Pillai,Female,47,East,Returning
CUST02511,2024-12-22,10,256842.0,9,5,3,2,10,Loyal Customers,Prateek Shah,Male,56,South,New
CUST02512,2024-11-10,15,122762.0,51,3,5,1,9,At Risk,Nisha Nair,Female,24,East,Returning
CUST02513,2024-11-11,14,533872.0,50,3,5,4,12,Loyal Customers,Ishaan Agarwal,Male,44,East,New
CUST02514,2024-10-09,13,273507.0,83,2,5,2,9,At Risk,Amit Yadav,Male,26,South,Returning
CUST02515,2024-12-26,5,142591.0,5,5,1,1,7,At Risk,Navya Singh,Female,39,Central,New
CUST02516,2024-12-17,9,399592.0,14,5,3,3,11,Loyal Customers,Ishita Chatterjee,Female,51,Central,New
CUST02517,2024-10-23,6,120646.0,69,3,1,1,5,Hibernating,Sai Singh,Male,63,West,New
CUST02518,2024-12-01,8,494300.0,30,4,2,4,10,Loyal Customers,Reyansh Das,Male,18,South,Returning
CUST02519,2024-12-30,12,319690.0,1,5,4,3,12,Loyal Customers,Anjali Reddy,Female,26,Central,Returning
CUST02520,2024-11-30,11,311144.0,31,4,4,3,11,Loyal Customers,Meera Jain,Female,37,West,Returning
CUST02521,2024-01-17,7,282308.0,349,1,1,2,4,Hibernating,Ananya Gupta,Female,36,East,Returning
CUST02522,2024-12-03,4,16952.0,28,4,1,1,6,Hibernating,Suresh Sharma,Male,53,Central,Returning
CUST02523,2024-10-22,6,191527.0,70,3,1,2,6,Hibernating,Aditya Kumar,Male,57,West,New
CUST02524,2024-08-11,12,401096.0,142,2,4,3,9,At Risk,Nikhil Jain,Male,62,North,Returning
CUST02525,2024-09-05,16,820867.0,117,2,5,5,12,Loyal Customers,Kavya Patel,Female,21,West,Returning
CUST02526,2024-02-08,9,174285.0,327,1,3,2,6,Hibernating,Aditya Nair,Male,26,North,New
CUST02527,2024-12-21,11,266864.0,10,5,4,2,11,Loyal Customers,Ayaan Pillai,Male,58,East,New
CUST02528,2024-07-15,7,532732.0,169,1,1,4,6,Hibernating,Pari Jain,Female,39,North,New
CUST02529,2024-12-31,5,416002.0,0,5,1,3,9,At Risk,Vivaan Yadav,Male,35,Central,New
CUST02530,2024-10-22,10,1125767.0,70,3,3,5,11,Loyal Customers,Anjali Jain,Female,29,East,New
CUST02531,2024-10-20,5,19930.0,72,2,1,1,4,Hibernating,Sonal Iyer,Female,59,Central,New
CUST02532,2024-12-06,7,151906.0,25,4,1,1,6,Hibernating,Simran Verma,Female,60,West,Returning
CUST02533,2024-10-20,14,250863.5,72,2,5,2,9,At Risk,Sai Bose,Male,56,East,New
CUST02534,2024-12-15,14,833035.5,16,5,5,5,15,Champions,Kiran Sharma,Male,26,Central,New
CUST02535,2024-11-07,14,364678.0,54,3,5,3,11,Loyal Customers,Mahi Das,Female,23,West,Returning
CUST02536,2024-05-28,13,297113.0,217,1,5,3,9,At Risk,Riya Mehta,Female,36,South,Returning
CUST02537,2024-08-06,9,143946.0,147,2,3,1,6,Hibernating,Ananya Jain,Female,64,Central,New
CUST02538,2024-12-12,15,377832.0,19,4,5,3,12,Loyal Customers,Rahul Das,Male,24,West,Returning
CUST02539,2024-11-04,13,328581.0,57,3,5,3,11,Loyal Customers,Ishita Jain,Female,33,South,New
CUST02540,2024-11-21,8,360849.5,40,3,2,3,8,At Risk,Diya Verma,Female,22,Central,New
CUST02541,2024-07-06,6,520933.5,178,1,1,4,6,Hibernating,Sneha Joshi,Female,33,South,New
CUST02542,2024-12-07,7,203146.5,24,4,1,2,7,At Risk,Aadhya Gupta,Female,18,West,Returning
CUST02543,2024-10-13,9,416228.5,79,2,3,3,8,At Risk,Pari Nair,Female,54,North,Returning
CUST02544,2024-12-16,10,412665.0,15,5,3,3,11,Loyal Customers,Anjali Pillai,Female,56,South,Returning
CUST02545,2024-12-15,12,811696.0,16,5,4,5,14,Champions,Suresh Yadav,Male,36,West,Returning
CUST02546,2024-11-15,10,1013928.0,46,3,3,5,11,Loyal Customers,Deepak Mehta,Male,54,West,Returning
CUST02547,2024-12-28,19,529693.0,3,5,5,4,14,Champions,Rahul Sharma,Male,34,South,Returning
CUST02548,2024-11-06,6,93171.0,55,3,1,1,5,Hibernating,Aditya Patel,Male,43,East,Returning
CUST02549,2024-12-19,16,1060504.0,12,5,5,5,15,Champions,Prateek Iyer,Male,39,East,New
CUST02550,2024-12-10,7,137687.0,21,4,1,1,6,Hibernating,Prateek Agarwal,Male,25,North,New
CUST02551,2024-10-24,7,185464.0,68,3,1,2,6,Hibernating,Amit Pillai,Male,50,South,Returning
CUST02552,2024-10-19,11,653177.0,73,2,4,5,11,Loyal Customers,Krishna Joshi,Male,19,North,Returning
CUST02553,2024-07-26,11,348750.0,158,1,4,3,8,At Risk,Simran Mehta,Female,47,Central,Returning
CUST02554,2024-08-22,13,846240.0,131,2,5,5,12,Loyal Customers,Lakshmi Yadav,Female,64,North,Returning
CUST02555,2024-10-14,9,56049.0,78,2,3,1,6,Hibernating,Deepak Sharma,Male,37,West,Returning
CUST02556,2024-01-07,7,58006.0,359,1,1,1,3,Lost,Pooja Gupta,Female,35,South,Returning
CUST02557,2024-11-24,10,171540.0,37,4,3,2,9,At Risk,Ramesh Das,Male,60,East,New
CUST02558,2024-12-15,13,434005.5,16,5,5,4,14,Champions,Vihaan Shah,Male,27,North,Returning
CUST02559,2024-12-25,9,148000.0,6,5,3,1,9,At Risk,Aditya Das,Male,41,North,Returning
CUST02560,2024-12-02,13,651047.0,29,4,5,5,14,Champions,Ishaan Reddy,Male,21,East,Returning
CUST02561,2024-11-06,14,454084.0,55,3,5,4,12,Loyal Customers,Anika Das,Female,54,North,Returning
CUST02562,2024-12-17,10,725688.5,14,5,3,5,13,Champions,Pooja Shah,Female,21,East,New
CUST02563,2024-11-28,14,740080.0,33,4,5,5,14,Champions,Deepak Nair,Male,30,South,Returning
CUST02564,2024-12-19,11,863928.0,12,5,4,5,14,Champions,Kiran Yadav,Male,42,South,Returning
CUST02565,2024-12-17,14,164075.0,14,5,5,1,11,Loyal Customers,Deepak Bose,Male,30,South,Returning
CUST02566,2024-10-19,9,232845.0,73,2,3,2,7,At Risk,Ayaan Reddy,Male,35,North,Returning
CUST02567,2024-11-24,8,227648.0,37,4,2,2,8,At Risk,Kiran Chatterjee,Male,41,East,New
CUST02568,2024-10-25,11,963216.0,67,3,4,5,12,Loyal Customers,Deepak Sharma,Male,19,North,New
CUST02569,2024-11-17,8,378002.5,44,3,2,3,8,At Risk,Nisha Singh,Female,50,South,New
CUST02570,2024-10-13,11,267002.0,79,2,4,2,8,At Risk,Pooja Patel,Female,36,North,Returning
CUST02571,2024-11-26,7,458057.0,35,4,1,4,9,At Risk,Suresh Joshi,Male,26,North,Returning
CUST02572,2024-05-31,8,245729.0,214,1,2,2,5,Hibernating,Ishita Reddy,Female,45,West,Returning
CUST02573,2024-10-16,15,460257.0,76,2,5,4,11,Loyal Customers,Ramesh Pillai,Male,52,North,New
CUST02574,2024-08-25,9,731450.0,128,2,3,5,10,Loyal Customers,Rahul Shah,Male,56,North,New
CUST02575,2024-10-14,7,184719.0,78,2,1,2,5,Hibernating,Aarav Nair,Male,27,North,Returning
CUST02576,2024-03-28,13,688238.5,278,1,5,5,11,Loyal Customers,Ishita Iyer,Female,18,West,Returning
CUST02577,2024-10-31,12,153495.0,61,3,4,1,8,At Risk,Pari Yadav,Female,59,West,Returning
CUST02578,2024-10-10,12,276585.0,82,2,4,2,8,At Risk,Priya Patel,Female,38,West,Returning
CUST02579,2024-07-07,11,328612.0,177,1,4,3,8,At Risk,Prateek Gupta,Male,26,West,Returning
CUST02580,2024-10-05,6,313724.0,87,2,1,3,6,Hibernating,Nisha Reddy,Female,64,North,New
CUST02581,2024-04-18,11,425721.0,257,1,4,3,8,At Risk,Amit Mehta,Male,32,Central,Returning
CUST02582,2024-02-27,8,496342.0,308,1,2,4,7,At Risk,Divya Nair,Female,52,West,New
CUST02583,2024-12-04,9,283790.0,27,4,3,2,9,At Risk,Sai Mehta,Male,22,North,Returning
CUST02584,2024-09-02,11,196007.0,120,2,4,2,8,At Risk,Nikhil Mehta,Male,58,West,Returning
CUST02585,2024-10-30,10,246874.0,62,3,3,2,8,At Risk,Ishita Joshi,Female,39,North,Returning
CUST02586,2024-08-25,10,512801.0,128,2,3,4,9,At Risk,Pooja Mehta,Female,58,East,New
CUST02587,2024-11-22,13,564966.0,39,3,5,4,12,Loyal Customers,Ayaan Mehta,Male,40,West,New
CUST02588,2024-12-16,13,371609.0,15,5,5,3,13,Champions,Ishita Jain,Female,24,West,Returning
CUST02589,2024-10-06,12,236109.0,86,2,4,2,8,At Risk,Amit Kumar,Male,40,East,New
CUST02590,2024-12-31,13,885706.0,0,5,5,5,15,Champions,Anika Singh,Female,61,North,New
CUST02591,2024-08-22,7,147146.0,131,2,1,1,4,Hibernating,Pari Bose,Female,42,East,Returning
CUST02592,2023-10-18,8,211999.5,440,1,2,2,5,Hibernating,Simran Sharma,Female,44,East,Returning
CUST02593,2023-01-04,5,108409.5,727,1,1,1,3,Lost,Meera Verma,Female,58,East,Returning
CUST02594,2024-10-05,11,64025.0,87,2,4,1,7,At Risk,Nikhil Pillai,Male,23,East,New
CUST02595,2024-11-22,12,404471.0,39,3,4,3,10,Loyal Customers,Manish Reddy,Male,51,North,Returning
CUST02596,2024-10-31,14,442819.5,61,3,5,4,12,Loyal Customers,Nisha Agarwal,Female,26,Central,New
CUST02597,2024-12-22,14,356449.0,9,5,5,3,13,Champions,Krishna Bose,Male,50,North,Returning
CUST02598,2024-02-02,8,45832.0,333,1,2,1,4,Hibernating,Sai Das,Male,23,East,Returning
CUST02599,2024-10-16,8,257009.0,76,2,2,2,6,Hibernating,Krishna Yadav,Male,54,South,Returning
CUST02600,2024-11-09,6,344770.0,52,3,1,3,7,At Risk,Ayaan Agarwal,Male,48,East,Returning
CUST02601,2024-11-10,14,769397.0,51,3,5,5,13,Champions,Navya Verma,Female,51,North,New
CUST02602,2024-11-08,12,398947.5,53,3,4,3,10,Loyal Customers,Rahul Mishra,Male,58,East,New
CUST02603,2024-10-15,11,194361.0,77,2,4,2,8,At Risk,Nisha Shah,Female,46,East,Returning
CUST02604,2024-09-08,9,380710.0,114,2,3,3,8,At Risk,Vivaan Das,Male,31,East,New
CUST02605,2024-08-25,9,126160.0,128,2,3,1,6,Hibernating,Amit Yadav,Male,53,Central,Returning
CUST02606,2024-07-20,10,460916.0,164,1,3,4,8,At Risk,Sai Chatterjee,Male,53,Central,New
CUST02607,2024-12-23,6,117830.0,8,5,1,1,7,At Risk,Vihaan Das,Male,32,East,Returning
CUST02608,2024-12-11,9,419926.0,20,4,3,3,10,Loyal Customers,Kiran Reddy,Male,25,Central,Returning
CUST02609,2024-11-14,6,14761.0,47,3,1,1,5,Hibernating,Aadhya Sharma,Female,43,North,New
CUST02610,2024-12-23,12,110152.0,8,5,4,1,10,Loyal Customers,Reyansh Yadav,Male,53,South,Returning
CUST02611,2024-12-27,10,318275.0,4,5,3,3,11,Loyal Customers,Divya Singh,Female,38,North,New
CUST02612,2024-12-19,6,138038.5,12,5,1,1,7,At Risk,Rohit Pillai,Male,45,West,New
CUST02613,2024-12-05,11,309931.0,26,4,4,3,11,Loyal Customers,Manish Nair,Male,21,North,New
CUST02614,2024-12-19,13,527832.0,12,5,5,4,14,Champions,Diya Shah,Female,33,East,Returning
CUST02615,2024-11-26,13,751023.0,35,4,5,5,14,Champions,Krishna Joshi,Male,39,North,Returning
CUST02616,2024-11-17,14,569825.0,44,3,5,4,12,Loyal Customers,Krishna Bose,Male,29,East,Returning
CUST02617,2024-12-08,6,148335.0,23,4,1,1,6,Hibernating,Manish Reddy,Male,33,East,New
CUST02618,2024-12-19,13,485874.0,12,5,5,4,14,Champions,Amit Gupta,Male,57,West,Returning
CUST02619,2024-10-31,9,198949.0,61,3,3,2,8,At Risk,Nisha Mishra,Female,55,East,Returning
CUST02620,2024-09-15,11,797852.0,107,2,4,5,11,Loyal Customers,Reyansh Mishra,Male,59,South,New
CUST02621,2024-05-27,11,592430.0,218,1,4,4,9,At Risk,Sneha Pillai,Female,54,North,Returning
CUST02622,2024-11-03,11,925295.0,58,3,4,5,12,Loyal Customers,Anjali Nair,Female,46,East,Returning
CUST02623,2024-08-26,10,198314.0,127,2,3,2,7,At Risk,Kiran Gupta,Male,35,West,New
CUST02624,2024-06-29,6,65999.0,185,1,1,1,3,Lost,Divya Kumar,Female,27,South,New
CUST02625,2024-12-14,8,212373.5,17,5,2,2,9,At Risk,Deepak Joshi,Male,59,North,New
CUST02626,2024-11-20,8,739616.0,41,3,2,5,10,Loyal Customers,Anika Nair,Female,56,East,Returning
CUST02627,2024-11-22,14,294362.0,39,3,5,3,11,Loyal Customers,Ayaan Shah,Male,35,Central,Returning
CUST02628,2024-07-23,13,413480.5,161,1,5,3,9,At Risk,Kavya Yadav,Female,18,South,New
CUST02629,2024-10-26,12,367603.5,66,3,4,3,10,Loyal Customers,Reyansh Kumar,Male,56,West,New
CUST02630,2024-10-21,8,404021.0,71,2,2,3,7,At Risk,Arjun Bose,Male,38,North,Returning
CUST02631,2024-08-23,5,294922.0,130,2,1,3,6,Hibernating,Aadhya Gupta,Female,18,East,Returning
CUST02632,2024-11-24,13,314435.0,37,4,5,3,12,Loyal Customers,Kavya Bose,Female,32,South,Returning
CUST02633,2024-11-23,8,492859.0,38,4,2,4,10,Loyal Customers,Arjun Das,Male,21,East,Returning
CUST02634,2024-09-29,8,703333.0,93,2,2,5,9,At Risk,Prateek Reddy,Male,37,North,Returning
CUST02635,2023-02-01,5,68223.0,699,1,1,1,3,Lost,Nisha Iyer,Female,27,South,Returning
CUST02636,2024-12-22,12,355455.0,9,5,4,3,12,Loyal Customers,Pooja Shah,Female,40,South,New
CUST02637,2024-12-25,4,282634.0,6,5,1,2,8,At Risk,Divya Verma,Female,58,Central,Returning
CUST02638,2024-04-02,7,283494.0,273,1,1,2,4,Hibernating,Anjali Singh,Female,51,West,New
CUST02639,2024-11-03,7,166418.0,58,3,1,1,5,Hibernating,Diya Verma,Female,63,Central,New
CUST02640,2024-12-19,13,529305.5,12,5,5,4,14,Champions,Mahi Nair,Female,50,North,Returning
CUST02641,2024-09-04,11,743845.0,118,2,4,5,11,Loyal Customers,Nikhil Singh,Male,51,West,New
CUST02642,2024-12-12,11,842852.0,19,4,4,5,13,Champions,Kiran Reddy,Male,56,West,New
CUST02643,2024-12-04,12,838566.0,27,4,4,5,13,Champions,Pooja Pillai,Female,27,East,Returning
CUST02644,2024-12-02,3,183440.0,29,4,1,2,7,At Risk,Sneha Shah,Female,37,South,New
CUST02645,2024-10-29,11,301199.0,63,3,4,3,10,Loyal Customers,Prateek Nair,Male,18,Central,New
CUST02646,2024-11-10,10,570403.0,51,3,3,4,10,Loyal Customers,Amit Sharma,Male,30,South,Returning
CUST02647,2024-11-01,7,219704.0,60,3,1,2,6,Hibernating,Kavya Singh,Female,18,North,Returning
CUST02648,2024-12-29,11,925159.0,2,5,4,5,14,Champions,Amit Jain,Male,22,South,New
CUST02649,2024-12-15,11,410304.5,16,5,4,3,12,Loyal Customers,Reyansh Agarwal,Male,33,South,Returning
CUST02650,2024-01-10,3,404270.0,356,1,1,3,5,Hibernating,Deepak Shah,Male,32,West,New
CUST02651,2024-12-17,10,209853.5,14,5,3,2,10,Loyal Customers,Sai Iyer,Male,45,North,Returning
CUST02652,2024-12-23,5,438789.0,8,5,1,4,10,Loyal Customers,Amit Reddy,Male,48,East,New
CUST02653,2024-10-20,10,299202.0,72,2,3,3,8,At Risk,Rahul Bose,Male,40,South,Returning
CUST02654,2024-12-29,11,563382.0,2,5,4,4,13,Champions,Kiran Patel,Male,62,South,New
CUST02655,2024-09-29,15,451894.0,93,2,5,4,11,Loyal Customers,Anjali Jain,Female,60,West,New
CUST02656,2024-12-19,16,720319.0,12,5,5,5,15,Champions,Ishaan Chatterjee,Male,34,South,New
CUST02657,2024-10-18,4,127538.0,74,2,1,1,4,Hibernating,Navya Gupta,Female,51,West,Returning
CUST02658,2024-09-22,6,140589.0,100,2,1,1,4,Hibernating,Priya Mishra,Female,30,Central,Returning
CUST02659,2024-11-24,10,319252.5,37,4,3,3,10,Loyal Customers,Manish Agarwal,Male,31,East,New
CUST02660,2024-10-16,12,487730.0,76,2,4,4,10,Loyal Customers,Anjali Patel,Female,28,North,Returning
CUST02661,2024-08-09,7,133905.0,144,2,1,1,4,Hibernating,Aditya Gupta,Male,45,South,New
CUST02662,2024-12-29,14,166112.0,2,5,5,1,11,Loyal Customers,Priya Joshi,Female,59,North,Returning
CUST02663,2024-02-10,11,449062.0,325,1,4,4,9,At Risk,Rohit Reddy,Male,49,Central,New
CUST02664,2024-12-20,9,345871.0,11,5,3,3,11,Loyal Customers,Riya Nair,Female,52,West,Returning
CUST02665,2024-01-14,8,107070.0,352,1,2,1,4,Hibernating,Simran Yadav,Female,48,South,Returning
CUST02666,2024-11-13,14,555479.0,48,3,5,4,12,Loyal Customers,Krishna Chatterjee,Male,34,North,Returning
CUST02667,2024-04-21,7,113298.0,254,1,1,1,3,Lost,Amit Agarwal,Male,64,North,New
CUST02668,2024-12-09,9,837961.5,22,4,3,5,12,Loyal Customers,Sonal Chatterjee,Female,26,West,New
CUST02669,2024-11-04,10,559493.5,57,3,3,4,10,Loyal Customers,Kavya Gupta,Female,27,South,Returning
CUST02670,2024-10-05,10,335476.5,87,2,3,3,8,At Risk,Sai Sharma,Male,25,South,New
CUST02671,2023-12-10,10,496825.0,387,1,3,4,8,At Risk,Navya Joshi,Female,38,North,New
CUST02672,2024-09-06,11,131951.0,116,2,4,1,7,At Risk,Krishna Patel,Male,30,East,New
CUST02673,2024-11-06,12,153732.5,55,3,4,1,8,At Risk,Mahi Gupta,Female,22,South,New
CUST02674,2024-10-13,9,304079.5,79,2,3,3,8,At Risk,Suresh Singh,Male,23,North,New
CUST02675,2024-09-15,13,494055.5,107,2,5,4,11,Loyal Customers,Anika Patel,Female,47,North,Returning
CUST02676,2024-11-02,12,392200.0,59,3,4,3,10,Loyal Customers,Nikhil Shah,Male,48,East,Returning
CUST02677,2023-12-14,8,45467.0,383,1,2,1,4,Hibernating,Vivaan Sharma,Male,34,Central,Returning
CUST02678,2024-10-09,11,469170.0,83,2,4,4,10,Loyal Customers,Suresh Das,Male,28,South,New
CUST02679,2024-10-31,12,554166.0,61,3,4,4,11,Loyal Customers,Aditya Singh,Male,37,South,Returning
CUST02680,2024-10-20,9,280520.0,72,2,3,2,7,At Risk,Krishna Jain,Male,26,East,Returning
CUST02681,2024-11-05,13,439864.5,56,3,5,4,12,Loyal Customers,Arjun Patel,Male,19,South,Returning
CUST02682,2024-01-30,5,110148.0,336,1,1,1,3,Lost,Anjali Iyer,Female,54,North,New
CUST02683,2024-12-27,10,397247.0,4,5,3,3,11,Loyal Customers,Ayaan Joshi,Male,18,North,Returning
CUST02684,2024-11-21,7,453681.0,40,3,1,4,8,At Risk,Ishaan Chatterjee,Male,21,West,Returning
CUST02685,2024-12-17,9,159067.0,14,5,3,1,9,At Risk,Arjun Kumar,Male,53,North,Returning
CUST02686,2024-05-26,8,68581.0,219,1,2,1,4,Hibernating,Rahul Gupta,Male,42,Central,New
CUST02687,2024-12-31,9,185365.0,0,5,3,2,10,Loyal Customers,Aarav Verma,Male,20,East,New
CUST02688,2023-12-05,10,548778.0,392,1,3,4,8,At Risk,Amit Reddy,Male,26,South,New
CUST02689,2024-12-06,6,275490.0,25,4,1,2,7,At Risk,Nikhil Chatterjee,Male,39,West,Returning
CUST02690,2024-12-04,7,172624.0,27,4,1,2,7,At Risk,Prateek Nair,Male,40,West,New
CUST02691,2024-10-11,6,178412.0,81,2,1,2,5,Hibernating,Prateek Chatterjee,Male,29,North,Returning
CUST02692,2024-11-10,9,786836.0,51,3,3,5,11,Loyal Customers,Navya Shah,Female,27,West,Returning
CUST02693,2023-11-28,8,314093.5,399,1,2,3,6,Hibernating,Sai Agarwal,Male,51,North,Returning
CUST02694,2024-11-30,14,1114409.5,31,4,5,5,14,Champions,Manish Chatterjee,Male,60,West,Returning
CUST02695,2024-03-12,8,260095.0,294,1,2,2,5,Hibernating,Divya Mishra,Female,27,Central,Returning
CUST02696,2024-11-22,11,277064.0,39,3,4,2,9,At Risk,Rahul Shah,Male,47,North,Returning
CUST02697,2024-11-25,10,318236.0,36,4,3,3,10,Loyal Customers,Riya Pillai,Female,39,North,New
CUST02698,2024-11-24,8,147526.0,37,4,2,1,7,At Risk,Nikhil Shah,Male,23,Central,Returning
CUST02699,2024-10-03,9,575370.0,89,2,3,4,9,At Risk,Ishita Patel,Female,19,South,Returning
CUST02700,2024-06-13,13,707549.0,201,1,5,5,11,Loyal Customers,Lakshmi Iyer,Female,47,East,New
CUST02701,2024-12-02,18,842154.0,29,4,5,5,14,Champions,Amit Mishra,Male,19,West,Returning
CUST02702,2024-10-22,17,1107059.0,70,3,5,5,13,Champions,Pooja Kumar,Female,49,North,New
CUST02703,2024-12-14,14,765949.0,17,5,5,5,15,Champions,Ishaan Sharma,Male,59,West,New
CUST02704,2024-12-22,14,339282.0,9,5,5,3,13,Champions,Aarav Das,Male,33,East,New
CUST02705,2024-09-26,16,432861.0,96,2,5,4,11,Loyal Customers,Navya Pillai,Female,29,North,New
CUST02706,2023-12-04,8,368954.0,393,1,2,3,6,Hibernating,Riya Bose,Female,18,Central,Returning
CUST02707,2024-05-27,8,80558.0,218,1,2,1,4,Hibernating,Prateek Sharma,Male,25,East,Returning
CUST02708,2024-12-13,7,412165.0,18,4,1,3,8,At Risk,Nikhil Bose,Male,30,West,Returning
CUST02709,2024-11-05,12,772586.5,56,3,4,5,12,Loyal Customers,Ishaan Sharma,Male,32,West,Returning
CUST02710,2024-01-13,7,559146.0,353,1,1,4,6,Hibernating,Ramesh Iyer,Male,61,East,New
CUST02711,2023-11-02,3,46260.0,425,1,1,1,3,Lost,Simran Joshi,Female,25,South,New
CUST02712,2024-07-14,13,405359.0,170,1,5,3,9,At Risk,Aarav Shah,Male,27,East,Returning
CUST02713,2024-11-03,8,230124.0,58,3,2,2,7,At Risk,Amit Mehta,Male,63,South,Returning
CUST02714,2024-11-30,9,214768.5,31,4,3,2,9,At Risk,Ramesh Shah,Male,22,South,New
CUST02715,2024-11-21,13,808564.0,40,3,5,5,13,Champions,Ramesh Yadav,Male,36,East,Returning
CUST02716,2024-10-14,9,422070.0,78,2,3,3,8,At Risk,Ayaan Gupta,Male,64,West,Returning
CUST02717,2024-12-21,9,290006.0,10,5,3,3,11,Loyal Customers,Anjali Yadav,Female,55,West,Returning
CUST02718,2023-11-13,7,324160.0,414,1,1,3,5,Hibernating,Ishita Nair,Female,28,South,New
CUST02719,2024-12-30,8,261878.0,1,5,2,2,9,At Risk,Pari Mishra,Female,60,West,Returning
CUST02720,2024-12-13,12,345795.0,18,4,4,3,11,Loyal Customers,Ayaan Das,Male,37,North,Returning
CUST02721,2024-09-22,8,79731.0,100,2,2,1,5,Hibernating,Simran Nair,Female,37,North,Returning
CUST02722,2024-07-09,6,208518.5,175,1,1,2,4,Hibernating,Riya Shah,Female,38,East,New
CUST02723,2024-12-11,10,856298.0,20,4,3,5,12,Loyal Customers,Pooja Mishra,Female,35,West,Returning
CUST02724,2024-12-17,6,135900.0,14,5,1,1,7,At Risk,Reyansh Patel,Male,27,West,Returning
CUST02725,2024-12-08,9,408650.0,23,4,3,3,10,Loyal Customers,Sai Kumar,Male,51,South,New
CUST02726,2024-11-02,12,368738.0,59,3,4,3,10,Loyal Customers,Ishaan Singh,Male,43,North,New
CUST02727,2024-12-05,9,261352.0,26,4,3,2,9,At Risk,Kiran Jain,Male,47,Central,Returning
CUST02728,2024-12-19,14,402724.5,12,5,5,3,13,Champions,Kiran Nair,Male,26,West,Returning
CUST02729,2023-07-07,11,278116.0,543,1,4,2,7,At Risk,Manish Bose,Male,63,North,Returning
CUST02730,2024-08-26,9,381198.0,127,2,3,3,8,At Risk,Reyansh Reddy,Male,48,East,New
CUST02731,2023-07-13,2,23592.0,537,1,1,1,3,Lost,Aadhya Kumar,Female,59,North,Returning
CUST02732,2024-11-04,8,115036.0,57,3,2,1,6,Hibernating,Vivaan Shah,Male,21,West,Returning
CUST02733,2024-07-27,5,39955.0,157,1,1,1,3,Lost,Aarav Gupta,Male,23,West,New
CUST02734,2024-12-21,10,911923.0,10,5,3,5,13,Champions,Anika Iyer,Female,31,West,Returning
CUST02735,2024-10-18,10,270153.5,74,2,3,2,7,At Risk,Pooja Kumar,Female,21,North,New
CUST02736,2024-12-06,10,368873.5,25,4,3,3,10,Loyal Customers,Lakshmi Sharma,Female,43,North,New
CUST02737,2024-05-14,6,46356.0,231,1,1,1,3,Lost,Ishita Patel,Female,64,North,Returning
CUST02738,2024-10-18,6,54992.0,74,2,1,1,4,Hibernating,Arjun Sharma,Male,56,North,Returning
CUST02739,2024-10-31,5,377178.0,61,3,1,3,7,At Risk,Nisha Mehta,Female,34,North,New
CUST02740,2024-12-24,15,626401.0,7,5,5,5,15,Champions,Rohit Mishra,Male,36,East,New
CUST02741,2024-04-17,8,397666.0,258,1,2,3,6,Hibernating,Ishaan Bose,Male,23,North,New
CUST02742,2024-04-22,10,331785.0,253,1,3,3,7,At Risk,Amit Chatterjee,Male,46,North,New
CUST02743,2024-04-29,12,1148583.0,246,1,4,5,10,Loyal Customers,Vivaan Reddy,Male,28,South,Returning
CUST02744,2024-12-24,14,1002326.5,7,5,5,5,15,Champions,Aditya Kumar,Male,33,East,Returning
CUST02745,2024-10-13,13,479099.0,79,2,5,4,11,Loyal Customers,Ananya Nair,Female,47,Central,New
CUST02746,2024-03-21,8,130804.0,285,1,2,1,4,Hibernating,Anjali Patel,Female,42,East,Returning
CUST02747,2024-10-20,10,590830.5,72,2,3,4,9,At Risk,Meera Bose,Female,57,Central,New
CUST02748,2024-10-06,8,294464.5,86,2,2,3,7,At Risk,Sai Mehta,Male,28,East,Returning
CUST02749,2024-11-09,16,404428.0,52,3,5,3,11,Loyal Customers,Pooja Yadav,Female,24,East,Returning
CUST02750,2024-08-15,10,538102.0,138,2,3,4,9,At Risk,Aadhya Singh,Female,43,West,Returning
CUST02751,2024-07-27,6,230339.0,157,1,1,2,4,Hibernating,Ayaan Yadav,Male,39,East,New
CUST02752,2024-12-07,17,741258.5,24,4,5,5,14,Champions,Lakshmi Joshi,Female,42,North,Returning
CUST02753,2024-08-05,7,309120.0,148,1,1,3,5,Hibernating,Vivaan Mehta,Male,36,East,Returning
CUST02754,2024-08-17,9,586959.0,136,2,3,4,9,At Risk,Kiran Singh,Male,48,East,Returning
CUST02755,2024-12-19,14,248973.0,12,5,5,2,12,Loyal Customers,Sonal Mehta,Female,43,East,Returning
CUST02756,2024-08-20,14,738134.5,133,2,5,5,12,Loyal Customers,Nikhil Yadav,Male,59,West,Returning
CUST02757,2024-12-15,7,201346.0,16,5,1,2,8,At Risk,Ishaan Reddy,Male,58,West,Returning
CUST02758,2024-06-08,4,101177.5,206,1,1,1,3,Lost,Diya Verma,Female,53,East,Returning
CUST02759,2024-07-12,5,66317.0,172,1,1,1,3,Lost,Meera Das,Female,40,East,Returning
CUST02760,2024-10-15,12,692830.0,77,2,4,5,11,Loyal Customers,Vihaan Nair,Male,64,South,Returning
CUST02761,2024-12-13,13,471741.0,18,4,5,4,13,Champions,Nikhil Iyer,Male,30,North,Returning
CUST02762,2024-10-03,6,171760.0,89,2,1,2,5,Hibernating,Reyansh Pillai,Male,42,West,Returning
CUST02763,2024-11-18,10,278950.0,43,3,3,2,8,At Risk,Ananya Mehta,Female,19,South,Returning
CUST02764,2024-09-29,5,51989.5,93,2,1,1,4,Hibernating,Vihaan Joshi,Male,19,South,Returning
CUST02765,2024-11-14,7,324276.0,47,3,1,3,7,At Risk,Ramesh Reddy,Male,33,East,New
CUST02766,2024-10-29,11,875203.0,63,3,4,5,12,Loyal Customers,Aadhya Gupta,Female,26,West,Returning
CUST02767,2024-10-17,11,190073.0,75,2,4,2,8,At Risk,Krishna Agarwal,Male,45,North,Returning
CUST02768,2024-11-03,7,180250.0,58,3,1,2,6,Hibernating,Vihaan Yadav,Male,30,South,New
CUST02769,2024-12-17,16,445889.0,14,5,5,4,14,Champions,Ayaan Sharma,Male,52,East,New
CUST02770,2024-12-16,10,348074.0,15,5,3,3,11,Loyal Customers,Ananya Agarwal,Female,58,East,Returning
CUST02771,2024-12-04,13,553271.0,27,4,5,4,13,Champions,Nikhil Jain,Male,30,East,Returning
CUST02772,2024-11-03,13,194736.0,58,3,5,2,10,Loyal Customers,Arjun Pillai,Male,48,North,New
CUST02773,2024-10-19,13,880968.0,73,2,5,5,12,Loyal Customers,Pari Joshi,Female,38,East,Returning
CUST02774,2024-12-17,15,634441.5,14,5,5,5,15,Champions,Sai Bose,Male,49,East,Returning
CUST02775,2024-12-09,11,469440.0,22,4,4,4,12,Loyal Customers,Aditya Jain,Male,51,West,Returning
CUST02776,2024-09-26,9,511465.0,96,2,3,4,9,At Risk,Rohit Verma,Male,25,West,New
CUST02777,2024-10-22,7,394390.0,70,3,1,3,7,At Risk,Vivaan Pillai,Male,58,North,Returning
CUST02778,2024-12-18,6,360154.0,13,5,1,3,9,At Risk,Arjun Shah,Male,19,South,Returning
CUST02779,2024-12-27,10,210829.0,4,5,3,2,10,Loyal Customers,Vihaan Kumar,Male,55,South,New
CUST02780,2024-12-19,16,798100.0,12,5,5,5,15,Champions,Nikhil Joshi,Male,49,West,New
CUST02781,2024-12-18,8,189941.0,13,5,2,2,9,At Risk,Rohit Shah,Male,57,Central,Returning
CUST02782,2024-11-24,11,152304.0,37,4,4,1,9,At Risk,Sneha Chatterjee,Female,45,West,Returning
CUST02783,2024-10-07,8,215165.0,85,2,2,2,6,Hibernating,Mahi Sharma,Female,54,West,New
CUST02784,2024-12-07,14,419536.5,24,4,5,3,12,Loyal Customers,Anjali Pillai,Female,58,West,Returning
CUST02785,2024-05-09,9,133589.0,236,1,3,1,5,Hibernating,Navya Nair,Female,18,East,Returning
CUST02786,2024-08-14,10,567307.0,139,2,3,4,9,At Risk,Vivaan Bose,Male,58,West,Returning
CUST02787,2024-06-19,10,194012.5,195,1,3,2,6,Hibernating,Lakshmi Shah,Female,27,West,Returning
CUST02788,2023-03-19,3,39951.0,653,1,1,1,3,Lost,Ishaan Shah,Male,21,South,Returning
CUST02789,2024-10-23,9,399784.0,69,3,3,3,9,At Risk,Nisha Mehta,Female,52,North,Returning
CUST02790,2024-12-18,13,372273.0,13,5,5,3,13,Champions,Divya Gupta,Female,27,North,New
CUST02791,2024-12-03,14,759502.0,28,4,5,5,14,Champions,Meera Pillai,Female,64,North,New
CUST02792,2024-11-28,8,85534.0,33,4,2,1,7,At Risk,Priya Chatterjee,Female,28,North,Returning
CUST02793,2024-11-30,10,81836.0,31,4,3,1,8,At Risk,Pooja Jain,Female,31,East,New
CUST02794,2024-12-16,12,425305.0,15,5,4,3,12,Loyal Customers,Prateek Gupta,Male,55,East,Returning
CUST02795,2024-12-31,8,58491.0,0,5,2,1,8,At Risk,Aditya Das,Male,29,South,New
CUST02796,2024-11-12,9,91767.0,49,3,3,1,7,At Risk,Navya Chatterjee,Female,62,West,New
CUST02797,2024-02-18,13,137480.0,317,1,5,1,7,At Risk,Ishaan Nair,Male,34,West,Returning
CUST02798,2024-12-16,10,231714.0,15,5,3,2,10,Loyal Customers,Meera Pillai,Female,33,East,Returning
CUST02799,2024-12-13,9,93329.5,18,4,3,1,8,At Risk,Lakshmi Sharma,Female,52,Central,Returning
CUST02800,2024-03-31,6,280642.0,275,1,1,2,4,Hibernating,Rahul Yadav,Male,19,East,New
CUST02801,2024-12-20,12,261872.0,11,5,4,2,11,Loyal Customers,Diya Sharma,Female,28,North,New
CUST02802,2024-10-28,6,733823.0,64,3,1,5,9,At Risk,Simran Pillai,Female,58,North,Returning
CUST02803,2024-12-27,7,379460.0,4,5,1,3,9,At Risk,Simran Joshi,Female,20,East,New
CUST02804,2024-12-20,16,996280.5,11,5,5,5,15,Champions,Priya Patel,Female,46,East,Returning
CUST02805,2023-12-21,7,293692.0,376,1,1,3,5,Hibernating,Prateek Yadav,Male,35,North,New
CUST02806,2024-10-17,7,131068.0,75,2,1,1,4,Hibernating,Mahi Das,Female,37,West,New
CUST02807,2024-12-18,11,85645.0,13,5,4,1,10,Loyal Customers,Nisha Shah,Female,64,South,Returning
CUST02808,2024-11-28,10,186183.0,33,4,3,2,9,At Risk,Arjun Jain,Male,31,North,Returning
CUST02809,2024-11-20,12,831299.0,41,3,4,5,12,Loyal Customers,Ishaan Reddy,Male,51,North,Returning
CUST02810,2024-12-30,12,417374.0,1,5,4,3,12,Loyal Customers,Kavya Reddy,Female,48,East,Returning
CUST02811,2024-11-16,11,98903.0,45,3,4,1,8,At Risk,Vihaan Singh,Male,57,North,Returning
CUST02812,2024-12-22,13,517509.0,9,5,5,4,14,Champions,Sonal Patel,Female,59,West,Returning
CUST02813,2024-07-26,12,411042.0,158,1,4,3,8,At Risk,Ananya Kumar,Female,35,Central,Returning
CUST02814,2024-12-15,11,774328.5,16,5,4,5,14,Champions,Sai Verma,Male,47,South,New
CUST02815,2024-12-23,6,585124.0,8,5,1,4,10,Loyal Customers,Mahi Singh,Female,42,East,New
CUST02816,2024-02-15,14,533029.0,320,1,5,4,10,Loyal Customers,Nisha Mehta,Female,36,South,Returning
CUST02817,2024-12-18,15,878736.0,13,5,5,5,15,Champions,Vihaan Verma,Male,25,Central,New
CUST02818,2024-12-02,11,134682.5,29,4,4,1,9,At Risk,Deepak Yadav,Male,45,North,New
CUST02819,2024-12-05,12,292097.0,26,4,4,3,11,Loyal Customers,Nikhil Das,Male,25,East,Returning
CUST02820,2024-11-23,17,967660.0,38,4,5,5,14,Champions,Manish Agarwal,Male,48,Central,Returning
CUST02821,2024-06-10,9,36692.0,204,1,3,1,5,Hibernating,Pooja Verma,Female,20,North,Returning
CUST02822,2024-12-25,11,396351.5,6,5,4,3,12,Loyal Customers,Amit Joshi,Male,20,South,New
CUST02823,2024-11-15,11,135513.0,46,3,4,1,8,At Risk,Simran Patel,Female,61,North,Returning
CUST02824,2024-12-11,12,989140.0,20,4,4,5,13,Champions,Aarav Mehta,Male,39,East,Returning
CUST02825,2024-10-30,13,463072.0,62,3,5,4,12,Loyal Customers,Nikhil Patel,Male,34,Central,Returning
CUST02826,2024-10-13,7,590519.5,79,2,1,4,7,At Risk,Lakshmi Verma,Female,53,South,New
CUST02827,2024-12-22,6,72644.0,9,5,1,1,7,At Risk,Sneha Shah,Female,34,West,New
CUST02828,2024-10-17,6,38401.0,75,2,1,1,4,Hibernating,Ramesh Pillai,Male,31,North,New
CUST02829,2024-12-06,14,820289.0,25,4,5,5,14,Champions,Vivaan Jain,Male,26,South,New
CUST02830,2024-12-29,10,793224.0,2,5,3,5,13,Champions,Krishna Das,Male,47,North,New
CUST02831,2024-11-10,12,251312.0,51,3,4,2,9,At Risk,Vivaan Patel,Male,38,South,New
CUST02832,2024-12-06,15,102317.0,25,4,5,1,10,Loyal Customers,Riya Patel,Female,29,North,Returning
CUST02833,2024-10-19,7,500204.0,73,2,1,4,7,At Risk,Reyansh Das,Male,54,Central,Returning
CUST02834,2024-12-23,8,599408.0,8,5,2,4,11,Loyal Customers,Vihaan Singh,Male,49,Central,Returning
CUST02835,2024-10-26,5,40124.0,66,3,1,1,5,Hibernating,Ayaan Shah,Male,28,West,New
CUST02836,2024-02-22,6,108464.0,313,1,1,1,3,Lost,Anjali Mehta,Female,37,East,Returning
CUST02837,2024-04-07,8,307559.0,268,1,2,3,6,Hibernating,Mahi Das,Female,52,Central,New
CUST02838,2024-12-05,8,50800.0,26,4,2,1,7,At Risk,Ayaan Agarwal,Male,64,Central,Returning
CUST02839,2024-06-10,13,307838.0,204,1,5,3,9,At Risk,Diya Shah,Female,63,North,Returning
CUST02840,2024-05-17,10,223783.0,228,1,3,2,6,Hibernating,Prateek Mishra,Male,28,Central,Returning
CUST02841,2024-12-29,10,536736.0,2,5,3,4,12,Loyal Customers,Vihaan Agarwal,Male,25,South,Returning
CUST02842,2024-10-12,11,487924.0,80,2,4,4,10,Loyal Customers,Sneha Chatterjee,Female,21,West,Returning
CUST02843,2024-09-06,8,102073.0,116,2,2,1,5,Hibernating,Kavya Singh,Female,44,South,Returning
CUST02844,2024-12-25,17,399560.0,6,5,5,3,13,Champions,Diya Gupta,Female,61,West,Returning
CUST02845,2024-11-12,14,456823.0,49,3,5,4,12,Loyal Customers,Meera Yadav,Female,57,North,Returning
CUST02846,2024-12-06,5,29251.5,25,4,1,1,6,Hibernating,Rahul Reddy,Male,55,South,Returning
CUST02847,2024-11-28,9,214413.0,33,4,3,2,9,At Risk,Diya Shah,Female,64,South,Returning
CUST02848,2024-11-17,15,1159749.5,44,3,5,5,13,Champions,Manish Chatterjee,Male,47,West,Returning
CUST02849,2024-07-25,10,276990.0,159,1,3,2,6,Hibernating,Sneha Reddy,Female,61,East,Returning
CUST02850,2024-12-23,11,490452.0,8,5,4,4,13,Champions,Prateek Reddy,Male,44,East,New
CUST02851,2024-10-27,9,214011.0,65,3,3,2,8,At Risk,Sneha Mishra,Female,38,Central,Returning
CUST02852,2024-07-13,8,64461.0,171,1,2,1,4,Hibernating,Ramesh Reddy,Male,37,Central,Returning
CUST02853,2024-12-10,12,273883.0,21,4,4,2,10,Loyal Customers,Manish Joshi,Male,21,West,Returning
CUST02854,2024-11-18,11,319627.0,43,3,4,3,10,Loyal Customers,Divya Shah,Female,28,North,New
CUST02855,2024-07-05,8,174990.0,179,1,2,2,5,Hibernating,Reyansh Yadav,Male,30,West,New
CUST02856,2024-12-17,6,181000.0,14,5,1,2,8,At Risk,Prateek Nair,Male,26,East,Returning
CUST02857,2024-10-09,14,966141.0,83,2,5,5,12,Loyal Customers,Amit Chatterjee,Male,21,North,Returning
CUST02858,2024-12-27,13,130051.0,4,5,5,1,11,Loyal Customers,Kiran Yadav,Male,29,East,New
CUST02859,2024-10-26,8,192351.0,66,3,2,2,7,At Risk,Aarav Verma,Male,26,West,Returning
CUST02860,2024-10-11,17,1050701.0,81,2,5,5,12,Loyal Customers,Ishaan Jain,Male,30,North,Returning
CUST02861,2024-10-03,13,333356.5,89,2,5,3,10,Loyal Customers,Aadhya Das,Female,43,East,New
CUST02862,2023-12-01,6,117624.0,396,1,1,1,3,Lost,Arjun Iyer,Male,55,West,Returning
CUST02863,2024-09-01,7,201626.5,121,2,1,2,5,Hibernating,Aadhya Iyer,Female,59,Central,New
CUST02864,2024-12-01,15,579128.5,30,4,5,4,13,Champions,Ishita Mehta,Female,30,South,Returning
CUST02865,2024-11-29,13,183736.0,32,4,5,2,11,Loyal Customers,Rohit Sharma,Male,56,West,Returning
CUST02866,2024-09-26,11,736428.0,96,2,4,5,11,Loyal Customers,Pooja Shah,Female,45,East,Returning
CUST02867,2024-12-16,13,504807.5,15,5,5,4,14,Champions,Rahul Shah,Male,36,West,Returning
CUST02868,2024-12-08,9,767357.0,23,4,3,5,12,Loyal Customers,Divya Agarwal,Female,41,East,Returning
CUST02869,2024-12-05,7,159157.5,26,4,1,1,6,Hibernating,Arjun Singh,Male,36,North,Returning
CUST02870,2024-12-05,4,364758.0,26,4,1,3,8,At Risk,Vivaan Chatterjee,Male,30,East,Returning
CUST02871,2024-10-08,8,53789.0,84,2,2,1,5,Hibernating,Sneha Kumar,Female,30,South,Returning
CUST02872,2024-08-27,14,554797.0,126,2,5,4,11,Loyal Customers,Navya Nair,Female,45,Central,Returning
CUST02873,2024-11-09,8,186965.0,52,3,2,2,7,At Risk,Sneha Agarwal,Female,19,North,New
CUST02874,2024-12-17,8,657277.0,14,5,2,5,12,Loyal Customers,Ayaan Joshi,Male,27,West,Returning
CUST02875,2024-10-04,6,149896.0,88,2,1,1,4,Hibernating,Pooja Iyer,Female,39,North,Returning
CUST02876,2024-07-21,7,306063.0,163,1,1,3,5,Hibernating,Aditya Agarwal,Male,30,East,New
CUST02877,2024-09-21,8,373128.5,101,2,2,3,7,At Risk,Suresh Agarwal,Male,26,South,Returning
CUST02878,2024-11-05,5,58554.0,56,3,1,1,5,Hibernating,Reyansh Patel,Male,50,West,Returning
CUST02879,2024-10-21,11,661243.5,71,2,4,5,11,Loyal Customers,Priya Bose,Female,31,East,Returning
CUST02880,2024-12-02,5,529936.0,29,4,1,4,9,At Risk,Sai Bose,Male,37,West,Returning
CUST02881,2024-10-07,4,355208.0,85,2,1,3,6,Hibernating,Deepak Singh,Male,32,Central,Returning
CUST02882,2024-11-03,10,250920.0,58,3,3,2,8,At Risk,Simran Iyer,Female,49,East,Returning
CUST02883,2024-10-14,10,172553.5,78,2,3,2,7,At Risk,Vivaan Agarwal,Male,50,West,Returning
CUST02884,2024-11-13,7,144753.0,48,3,1,1,5,Hibernating,Suresh Patel,Male,34,East,Returning
CUST02885,2024-11-23,14,784714.5,38,4,5,5,14,Champions,Vivaan Reddy,Male,41,North,Returning
CUST02886,2024-12-04,5,118522.5,27,4,1,1,6,Hibernating,Sneha Mishra,Female,47,North,Returning
CUST02887,2024-12-21,14,969020.0,10,5,5,5,15,Champions,Ramesh Singh,Male,30,South,Returning
CUST02888,2024-12-29,12,605172.0,2,5,4,4,13,Champions,Ayaan Jain,Male,64,West,New
CUST02889,2024-12-08,11,254193.5,23,4,4,2,10,Loyal Customers,Aadhya Yadav,Female,33,Central,New
CUST02890,2024-09-17,7,152966.0,105,2,1,1,4,Hibernating,Ananya Iyer,Female,19,North,Returning
CUST02891,2024-09-24,6,258410.0,98,2,1,2,5,Hibernating,Rahul Verma,Male,34,West,New
CUST02892,2024-11-22,11,224410.5,39,3,4,2,9,At Risk,Priya Shah,Female,49,South,Returning
CUST02893,2024-11-23,12,853915.5,38,4,4,5,13,Champions,Divya Kumar,Female,60,South,Returning
CUST02894,2024-07-12,3,39860.0,172,1,1,1,3,Lost,Priya Das,Female,25,South,New
CUST02895,2024-08-19,14,891534.0,134,2,5,5,12,Loyal Customers,Ayaan Kumar,Male,20,North,New
CUST02896,2024-12-20,13,505657.0,11,5,5,4,14,Champions,Ananya Yadav,Female,29,East,Returning
CUST02897,2024-11-18,13,367866.0,43,3,5,3,11,Loyal Customers,Kiran Jain,Male,37,West,Returning
CUST02898,2024-10-24,12,183513.0,68,3,4,2,9,At Risk,Deepak Das,Male,33,West,Returning
CUST02899,2024-12-20,10,207102.0,11,5,3,2,10,Loyal Customers,Aditya Joshi,Male,31,East,Returning
CUST02900,2024-08-06,11,722667.0,147,2,4,5,11,Loyal Customers,Ramesh Iyer,Male,33,East,New
CUST02901,2024-07-18,8,65590.0,166,1,2,1,4,Hibernating,Suresh Kumar,Male,60,North,New
CUST02902,2024-10-17,11,945770.0,75,2,4,5,11,Loyal Customers,Navya Reddy,Female,50,Central,Returning
CUST02903,2024-10-01,10,185763.0,91,2,3,2,7,At Risk,Aditya Bose,Male,47,South,Returning
CUST02904,2024-11-28,6,680586.0,33,4,1,5,10,Loyal Customers,Deepak Verma,Male,29,South,Returning
CUST02905,2024-12-19,7,116641.0,12,5,1,1,7,At Risk,Prateek Yadav,Male,32,North,Returning
CUST02906,2024-11-27,6,401072.0,34,4,1,3,8,At Risk,Krishna Patel,Male,35,South,Returning
CUST02907,2024-11-06,8,600633.0,55,3,2,4,9,At Risk,Anjali Das,Female,45,North,New
CUST02908,2024-11-05,8,575365.0,56,3,2,4,9,At Risk,Ramesh Kumar,Male,40,West,New
CUST02909,2024-06-20,14,565512.0,194,1,5,4,10,Loyal Customers,Arjun Bose,Male,31,East,Returning
CUST02910,2024-12-31,11,205141.0,0,5,4,2,11,Loyal Customers,Prateek Mehta,Male,47,North,New
CUST02911,2024-04-06,14,736942.0,269,1,5,5,11,Loyal Customers,Nikhil Yadav,Male,50,South,New
CUST02912,2024-10-27,13,401044.5,65,3,5,3,11,Loyal Customers,Deepak Mehta,Male,62,South,Returning
CUST02913,2023-12-01,6,665276.0,396,1,1,5,7,At Risk,Meera Jain,Female,32,East,Returning
CUST02914,2024-12-20,5,97058.0,11,5,1,1,7,At Risk,Sonal Joshi,Female,24,North,Returning
CUST02915,2024-11-28,18,177066.0,33,4,5,2,11,Loyal Customers,Ayaan Patel,Male,32,West,New
CUST02916,2024-12-29,9,414760.5,2,5,3,3,11,Loyal Customers,Pooja Mishra,Female,59,South,Returning
CUST02917,2024-10-08,12,110599.0,84,2,4,1,7,At Risk,Priya Agarwal,Female,63,North,Returning
CUST02918,2024-06-19,16,167134.0,195,1,5,1,7,At Risk,Pari Singh,Female,55,North,New
CUST02919,2024-01-17,9,249106.0,349,1,3,2,6,Hibernating,Ramesh Mishra,Male,63,North,New
CUST02920,2024-12-24,16,430332.5,7,5,5,3,13,Champions,Amit Pillai,Male,61,West,Returning
CUST02921,2024-08-14,8,154106.0,139,2,2,1,5,Hibernating,Reyansh Reddy,Male,28,East,Returning
CUST02922,2024-12-27,17,892252.0,4,5,5,5,15,Champions,Sneha Jain,Female,46,North,Returning
CUST02923,2024-09-23,10,335065.0,99,2,3,3,8,At Risk,Aadhya Iyer,Female,48,Central,New
CUST02924,2024-12-13,12,189790.0,18,4,4,2,10,Loyal Customers,Sai Pillai,Male,42,South,Returning
CUST02925,2024-12-04,15,421592.0,27,4,5,3,12,Loyal Customers,Manish Chatterjee,Male,41,South,Returning
CUST02926,2024-12-28,21,940776.5,3,5,5,5,15,Champions,Simran Kumar,Female,36,East,Returning
CUST02927,2024-06-12,9,724324.0,202,1,3,5,9,At Risk,Lakshmi Verma,Female,19,West,Returning
CUST02928,2024-11-19,14,615955.0,42,3,5,4,12,Loyal Customers,Ishita Mehta,Female,39,East,New
CUST02929,2024-12-28,8,496404.0,3,5,2,4,11,Loyal Customers,Sneha Kumar,Female,37,North,Returning
CUST02930,2024-12-15,12,948214.5,16,5,4,5,14,Champions,Aditya Singh,Male,50,North,New
CUST02931,2024-12-24,7,116077.0,7,5,1,1,7,At Risk,Ananya Joshi,Female,25,East,New
CUST02932,2024-01-30,8,216975.5,336,1,2,2,5,Hibernating,Simran Kumar,Female,42,South,Returning
CUST02933,2024-11-02,8,653906.0,59,3,2,5,10,Loyal Customers,Ishaan Sharma,Male,63,West,Returning
CUST02934,2024-09-17,16,570426.0,105,2,5,4,11,Loyal Customers,Rohit Singh,Male,26,East,New
CUST02935,2024-10-11,15,461566.5,81,2,5,4,11,Loyal Customers,Riya Chatterjee,Female,51,West,Returning
CUST02936,2024-12-09,10,112400.0,22,4,3,1,8,At Risk,Nikhil Sharma,Male,40,South,New
CUST02937,2024-06-13,8,765812.0,201,1,2,5,8,At Risk,Priya Mehta,Female,22,West,Returning
CUST02938,2024-10-10,9,272365.0,82,2,3,2,7,At Risk,Meera Mehta,Female,42,West,Returning
CUST02939,2024-11-09,9,239749.0,52,3,3,2,8,At Risk,Mahi Shah,Female,25,West,New
CUST02940,2024-12-24,16,528350.0,7,5,5,4,14,Champions,Rahul Nair,Male,33,West,New
CUST02941,2024-02-29,9,683549.0,306,1,3,5,9,At Risk,Prateek Bose,Male,62,West,Returning
CUST02942,2024-12-30,5,14730.0,1,5,1,1,7,At Risk,Simran Kumar,Female,32,West,New
CUST02943,2024-12-29,9,735408.0,2,5,3,5,13,Champions,Aarav Yadav,Male,18,West,New
CUST02944,2024-12-30,16,349940.0,1,5,5,3,13,Champions,Divya Das,Female,39,East,Returning
CUST02945,2024-09-15,12,299788.0,107,2,4,3,9,At Risk,Ananya Nair,Female,20,West,Returning
CUST02946,2023-11-10,10,372691.0,417,1,3,3,7,At Risk,Sai Verma,Male,55,South,Returning
CUST02947,2024-12-27,12,157192.5,4,5,4,1,10,Loyal Customers,Ishaan Mehta,Male,31,North,New
CUST02948,2024-12-20,9,391786.5,11,5,3,3,11,Loyal Customers,Manish Nair,Male,53,South,Returning
CUST02949,2024-12-27,17,614721.0,4,5,5,4,14,Champions,Vivaan Chatterjee,Male,35,West,Returning
CUST02950,2024-12-25,9,682550.0,6,5,3,5,13,Champions,Aadhya Patel,Female,64,West,New
CUST02951,2024-10-09,8,36398.0,83,2,2,1,5,Hibernating,Anjali Nair,Female,58,South,Returning
CUST02952,2024-12-29,12,590938.0,2,5,4,4,13,Champions,Sneha Singh,Female,35,East,New
CUST02953,2024-12-14,13,857548.0,17,5,5,5,15,Champions,Aadhya Iyer,Female,20,North,Returning
CUST02954,2024-12-26,8,163075.5,5,5,2,1,8,At Risk,Suresh Joshi,Male,27,West,Returning
CUST02955,2024-02-22,6,535216.0,313,1,1,4,6,Hibernating,Anjali Das,Female,56,South,Returning
CUST02956,2024-02-25,10,375778.0,310,1,3,3,7,At Risk,Anika Reddy,Female,64,South,New
CUST02957,2024-08-19,11,620730.0,134,2,4,4,10,Loyal Customers,Nisha Jain,Female,18,South,New
CUST02958,2024-10-03,9,180354.0,89,2,3,2,7,At Risk,Meera Patel,Female,44,East,Returning
CUST02959,2024-10-30,6,351963.0,62,3,1,3,7,At Risk,Sai Mehta,Male,44,North,Returning
CUST02960,2024-11-06,15,209500.5,55,3,5,2,10,Loyal Customers,Sonal Chatterjee,Female,28,East,New
CUST02961,2024-04-26,5,196240.0,249,1,1,2,4,Hibernating,Prateek Sharma,Male,22,Central,New
CUST02962,2024-12-11,6,224966.0,20,4,1,2,7,At Risk,Vivaan Joshi,Male,24,West,New
CUST02963,2024-12-10,13,584781.5,21,4,5,4,13,Champions,Rahul Iyer,Male,36,West,Returning
CUST02964,2024-10-27,9,305020.0,65,3,3,3,9,At Risk,Priya Bose,Female,46,West,New
CUST02965,2024-02-13,9,208261.0,322,1,3,2,6,Hibernating,Anjali Gupta,Female,32,East,Returning
CUST02966,2024-03-05,10,202327.0,301,1,3,2,6,Hibernating,Aadhya Pillai,Female,52,North,New
CUST02967,2024-12-29,10,349895.5,2,5,3,3,11,Loyal Customers,Sneha Pillai,Female,64,East,Returning
CUST02968,2023-11-07,11,587406.0,420,1,4,4,9,At Risk,Riya Joshi,Female,54,South,New
CUST02969,2024-01-04,10,185726.0,362,1,3,2,6,Hibernating,Sonal Nair,Female,29,North,Returning
CUST02970,2024-12-10,6,268690.0,21,4,1,2,7,At Risk,Vivaan Nair,Male,47,North,New
CUST02971,2024-11-27,10,175306.0,34,4,3,2,9,At Risk,Suresh Sharma,Male,37,South,New
CUST02972,2024-11-07,9,667824.0,54,3,3,5,11,Loyal Customers,Prateek Nair,Male,54,West,Returning
CUST02973,2024-10-23,7,333857.0,69,3,1,3,7,At Risk,Ishita Kumar,Female,20,North,New
CUST02974,2024-12-23,10,402577.0,8,5,3,3,11,Loyal Customers,Priya Yadav,Female,26,North,New
CUST02975,2024-11-19,11,506355.0,42,3,4,4,11,Loyal Customers,Arjun Patel,Male,58,West,Returning
CUST02976,2024-10-09,10,668032.0,83,2,3,5,10,Loyal Customers,Suresh Das,Male,56,North,Returning
CUST02977,2024-12-14,12,860095.0,17,5,4,5,14,Champions,Simran Joshi,Female,43,East,New
CUST02978,2024-10-22,11,317100.5,70,3,4,3,10,Loyal Customers,Ramesh Joshi,Male,19,East,Returning
CUST02979,2024-12-10,11,275278.0,21,4,4,2,10,Loyal Customers,Divya Kumar,Female,40,West,Returning
CUST02980,2024-12-16,9,190636.0,15,5,3,2,10,Loyal Customers,Kavya Iyer,Female,40,South,New
CUST02981,2024-12-15,6,256817.0,16,5,1,2,8,At Risk,Manish Reddy,Male,38,North,Returning
CUST02982,2024-12-14,14,709366.0,17,5,5,5,15,Champions,Kiran Shah,Male,33,North,Returning
CUST02983,2024-12-29,5,70913.0,2,5,1,1,7,At Risk,Navya Mehta,Female,26,Central,Returning
CUST02984,2024-05-19,12,1012982.0,226,1,4,5,10,Loyal Customers,Navya Agarwal,Female,30,South,New
CUST02985,2024-10-10,13,662505.5,82,2,5,5,12,Loyal Customers,Prateek Mehta,Male,45,South,New
CUST02986,2024-02-18,10,687567.5,317,1,3,5,9,At Risk,Navya Iyer,Female,44,West,Returning
CUST02987,2024-10-13,10,297057.5,79,2,3,3,8,At Risk,Rahul Kumar,Male,34,West,Returning
CUST02988,2024-11-16,10,267954.0,45,3,3,2,8,At Risk,Ramesh Kumar,Male,55,North,New
CUST02989,2024-12-09,15,652781.5,22,4,5,5,14,Champions,Divya Gupta,Female,53,South,Returning
CUST02990,2024-10-19,10,251469.5,73,2,3,2,7,At Risk,Priya Patel,Female,18,East,Returning
CUST02991,2024-11-27,5,202292.0,34,4,1,2,7,At Risk,Prateek Shah,Male,35,East,Returning
CUST02992,2024-11-08,14,507120.0,53,3,5,4,12,Loyal Customers,Anika Gupta,Female,26,South,Returning
CUST02993,2024-10-16,10,543789.0,76,2,3,4,9,At Risk,Priya Kumar,Female,30,North,Returning
CUST02994,2024-11-26,13,284404.0,35,4,5,2,11,Loyal Customers,Aarav Reddy,Male,57,South,New
CUST02995,2024-10-29,7,374974.0,63,3,1,3,7,At Risk,Ramesh Mishra,Male,62,West,Returning
CUST02996,2024-12-22,19,701540.5,9,5,5,5,15,Champions,Riya Chatterjee,Female,32,West,New
CUST02997,2023-10-21,3,200178.0,437,1,1,2,4,Hibernating,Krishna Kumar,Male,60,West,New
CUST02998,2024-09-19,7,43970.0,103,2,1,1,4,Hibernating,Reyansh Singh,Male,61,North,Returning
CUST02999,2024-08-05,6,217529.0,148,1,1,2,4,Hibernating,Arjun Gupta,Male,63,South,Returning
CUST03000,2024-11-09,10,714352.5,52,3,3,5,11,Loyal Customers,Aadhya Jain,Female,21,East,Returning
CUST03001,2024-11-27,4,116060.0,34,4,1,1,6,Hibernating,Simran Nair,Female,50,North,Returning
CUST03002,2024-12-17,8,184353.0,14,5,2,2,9,At Risk,Simran Agarwal,Female,41,North,Returning
CUST03003,2024-12-04,16,551786.0,27,4,5,4,13,Champions,Manish Joshi,Male,53,South,Returning
CUST03004,2024-12-04,5,131720.0,27,4,1,1,6,Hibernating,Simran Joshi,Female,58,South,New
CUST03005,2024-12-31,12,458706.0,0,5,4,4,13,Champions,Ishita Sharma,Female,27,West,Returning
CUST03006,2024-08-12,10,560604.0,141,2,3,4,9,At Risk,Sneha Patel,Female,53,East,Returning
CUST03007,2024-12-06,14,296196.0,25,4,5,3,12,Loyal Customers,Nisha Kumar,Female,37,Central,New
CUST03008,2023-11-07,8,652047.5,420,1,2,5,8,At Risk,Rahul Jain,Male,58,North,Returning
CUST03009,2024-11-28,7,123170.5,33,4,1,1,6,Hibernating,Nisha Pillai,Female,62,Central,Returning
CUST03010,2024-10-25,9,609888.5,67,3,3,4,10,Loyal Customers,Sai Yadav,Male,61,North,Returning
CUST03011,2024-12-12,10,821113.0,19,4,3,5,12,Loyal Customers,Nikhil Bose,Male,28,South,New
CUST03012,2024-10-16,9,112564.0,76,2,3,1,6,Hibernating,Arjun Gupta,Male,29,South,Returning
CUST03013,2024-10-18,13,509540.0,74,2,5,4,11,Loyal Customers,Reyansh Joshi,Male,35,South,New
CUST03014,2024-09-05,12,378469.0,117,2,4,3,9,At Risk,Vivaan Mishra,Male,47,South,Returning
CUST03015,2024-10-05,12,581071.5,87,2,4,4,10,Loyal Customers,Aadhya Nair,Female,61,North,Returning
CUST03016,2024-12-09,14,243996.0,22,4,5,2,11,Loyal Customers,Ramesh Joshi,Male,54,West,Returning
CUST03017,2024-12-29,15,445704.0,2,5,5,4,14,Champions,Mahi Mehta,Female,37,North,New
CUST03018,2024-04-22,7,467495.0,253,1,1,4,6,Hibernating,Aditya Gupta,Male,42,Central,New
CUST03019,2024-11-19,8,929436.0,42,3,2,5,10,Loyal Customers,Kiran Jain,Male,29,South,Returning
CUST03020,2024-02-28,8,746612.5,307,1,2,5,8,At Risk,Nisha Reddy,Female,38,West,Returning
CUST03021,2024-12-14,4,221596.0,17,5,1,2,8,At Risk,Kiran Joshi,Male,42,South,Returning
CUST03022,2024-07-28,11,302159.0,156,1,4,3,8,At Risk,Ramesh Yadav,Male,28,North,Returning
CUST03023,2024-12-23,11,214535.0,8,5,4,2,11,Loyal Customers,Ananya Jain,Female,26,South,New
CUST03024,2024-09-07,11,204668.0,115,2,4,2,8,At Risk,Suresh Reddy,Male,42,South,New
CUST03025,2024-08-18,8,278278.0,135,2,2,2,6,Hibernating,Suresh Jain,Male,52,North,New
CUST03026,2024-12-09,3,525476.0,22,4,1,4,9,At Risk,Deepak Jain,Male,49,East,New
CUST03027,2024-10-23,9,231168.0,69,3,3,2,8,At Risk,Meera Das,Female,31,West,New
CUST03028,2024-11-10,9,509013.0,51,3,3,4,10,Loyal Customers,Ananya Das,Female,18,North,New
CUST03029,2024-05-07,8,540062.0,238,1,2,4,7,At Risk,Anika Chatterjee,Female,34,Central,Returning
CUST03030,2024-12-07,8,469865.0,24,4,2,4,10,Loyal Customers,Lakshmi Verma,Female,42,West,New
CUST03031,2024-12-09,9,221467.0,22,4,3,2,9,At Risk,Ayaan Das,Male,25,South,Returning
CUST03032,2023-07-26,5,248070.0,524,1,1,2,4,Hibernating,Prateek Yadav,Male,22,South,Returning
CUST03033,2024-12-09,17,608894.0,22,4,5,4,13,Champions,Ananya Shah,Female,22,North,Returning
CUST03034,2024-09-16,9,238545.0,106,2,3,2,7,At Risk,Suresh Das,Male,58,South,Returning
CUST03035,2024-10-09,10,673385.0,83,2,3,5,10,Loyal Customers,Vivaan Mehta,Male,52,North,Returning
CUST03036,2024-12-09,12,221592.0,22,4,4,2,10,Loyal Customers,Ishaan Chatterjee,Male,36,West,New
CUST03037,2024-01-27,8,243537.0,339,1,2,2,5,Hibernating,Suresh Iyer,Male,40,Central,New
CUST03038,2024-11-30,11,629491.0,31,4,4,5,13,Champions,Riya Chatterjee,Female,26,West,New
CUST03039,2024-10-08,9,566400.0,84,2,3,4,9,At Risk,Sai Mishra,Male,47,East,New
CUST03040,2024-11-15,10,397591.5,46,3,3,3,9,At Risk,Ishaan Jain,Male,33,South,Returning
CUST03041,2024-06-10,4,657072.0,204,1,1,5,7,At Risk,Vivaan Das,Male,50,West,Returning
CUST03042,2024-10-06,10,167934.0,86,2,3,1,6,Hibernating,Navya Chatterjee,Female,19,South,Returning
CUST03043,2024-12-29,13,448370.0,2,5,5,4,14,Champions,Kiran Patel,Male,31,East,New
CUST03044,2024-06-04,11,390922.0,210,1,4,3,8,At Risk,Rahul Singh,Male,63,North,Returning
CUST03045,2024-12-12,12,558597.5,19,4,4,4,12,Loyal Customers,Diya Agarwal,Female,18,South,New
CUST03046,2024-12-06,13,248186.5,25,4,5,2,11,Loyal Customers,Meera Kumar,Female,43,North,Returning
CUST03047,2024-12-07,10,307009.0,24,4,3,3,10,Loyal Customers,Suresh Mishra,Male,42,East,New
CUST03048,2023-10-21,10,179475.5,437,1,3,2,6,Hibernating,Rohit Chatterjee,Male,33,North,New
CUST03049,2024-09-30,14,522890.0,92,2,5,4,11,Loyal Customers,Aarav Gupta,Male,32,South,New
CUST03050,2024-11-30,9,446142.0,31,4,3,4,11,Loyal Customers,Kiran Agarwal,Male,43,North,Returning
CUST03051,2024-11-24,8,558729.0,37,4,2,4,10,Loyal Customers,Reyansh Chatterjee,Male,64,South,New
CUST03052,2024-11-21,15,586644.5,40,3,5,4,12,Loyal Customers,Aditya Nair,Male,61,North,New
CUST03053,2024-01-28,4,177588.0,338,1,1,2,4,Hibernating,Rohit Gupta,Male,33,West,Returning
CUST03054,2024-11-21,11,556378.0,40,3,4,4,11,Loyal Customers,Vihaan Patel,Male,31,North,Returning
CUST03055,2024-10-09,6,439196.0,83,2,1,4,7,At Risk,Anika Chatterjee,Female,46,South,New
CUST03056,2024-10-01,8,238189.0,91,2,2,2,6,Hibernating,Sneha Patel,Female,41,North,Returning
CUST03057,2024-12-06,7,283458.5,25,4,1,2,7,At Risk,Sonal Yadav,Female,64,South,New
CUST03058,2024-10-30,5,34920.0,62,3,1,1,5,Hibernating,Rahul Jain,Male,32,Central,New
CUST03059,2024-06-07,10,240024.0,207,1,3,2,6,Hibernating,Sai Yadav,Male,36,Central,Returning
CUST03060,2024-04-02,8,31606.5,273,1,2,1,4,Hibernating,Meera Yadav,Female,25,South,Returning
CUST03061,2024-12-15,8,341711.5,16,5,2,3,10,Loyal Customers,Vivaan Gupta,Male,51,South,Returning
CUST03062,2024-11-27,12,264437.0,34,4,4,2,10,Loyal Customers,Rohit Agarwal,Male,19,West,Returning
CUST03063,2024-12-13,14,418143.0,18,4,5,3,12,Loyal Customers,Navya Gupta,Female,44,North,Returning
CUST03064,2023-11-18,8,385342.0,409,1,2,3,6,Hibernating,Navya Gupta,Female,27,Central,Returning
CUST03065,2024-10-02,8,175945.0,90,2,2,2,6,Hibernating,Ananya Mishra,Female,52,North,Returning
CUST03066,2024-12-19,16,717719.0,12,5,5,5,15,Champions,Ishaan Iyer,Male,40,South,Returning
CUST03067,2024-01-29,9,208154.0,337,1,3,2,6,Hibernating,Kiran Iyer,Male,25,Central,New
CUST03068,2024-11-14,8,246914.0,47,3,2,2,7,At Risk,Diya Singh,Female,45,West,Returning
CUST03069,2024-09-23,9,240170.0,99,2,3,2,7,At Risk,Arjun Mehta,Male,40,East,Returning
CUST03070,2024-12-29,11,298987.0,2,5,4,3,12,Loyal Customers,Aadhya Jain,Female,21,South,Returning
CUST03071,2024-12-18,8,160267.0,13,5,2,1,8,At Risk,Pooja Sharma,Female,31,West,Returning
CUST03072,2024-06-20,6,287575.0,194,1,1,2,4,Hibernating,Lakshmi Bose,Female,59,North,New
CUST03073,2024-10-27,9,603344.0,65,3,3,4,10,Loyal Customers,Nikhil Shah,Male,46,West,Returning
CUST03074,2024-11-12,5,176528.0,49,3,1,2,6,Hibernating,Aarav Jain,Male,18,East,New
CUST03075,2024-11-21,9,570721.0,40,3,3,4,10,Loyal Customers,Nisha Joshi,Female,21,Central,Returning
CUST03076,2024-09-14,9,516038.0,108,2,3,4,9,At Risk,Mahi Agarwal,Female,49,Central,Returning
CUST03077,2024-06-18,11,420368.0,196,1,4,3,8,At Risk,Nisha Chatterjee,Female,50,East,New
CUST03078,2024-12-03,13,442624.0,28,4,5,4,13,Champions,Ramesh Chatterjee,Male,43,West,Returning
CUST03079,2024-11-19,12,638434.0,42,3,4,5,12,Loyal Customers,Aditya Jain,Male,34,East,Returning
CUST03080,2024-12-25,15,157057.0,6,5,5,1,11,Loyal Customers,Simran Sharma,Female,56,Central,New
CUST03081,2024-10-31,9,773052.0,61,3,3,5,11,Loyal Customers,Ishita Shah,Female,40,West,Returning
CUST03082,2024-12-09,9,219507.0,22,4,3,2,9,At Risk,Pooja Jain,Female,49,Central,Returning
CUST03083,2024-10-04,9,575688.0,88,2,3,4,9,At Risk,Prateek Mehta,Male,32,South,Returning
CUST03084,2024-12-28,6,221730.0,3,5,1,2,8,At Risk,Ananya Gupta,Female,30,North,New
CUST03085,2024-11-28,10,341888.0,33,4,3,3,10,Loyal Customers,Navya Verma,Female,19,Central,Returning
CUST03086,2024-06-21,4,144382.0,193,1,1,1,3,Lost,Sneha Verma,Female,36,South,Returning
CUST03087,2024-04-21,9,137534.0,254,1,3,1,5,Hibernating,Arjun Verma,Male,41,North,Returning
CUST03088,2024-10-27,13,606395.0,65,3,5,4,12,Loyal Customers,Deepak Jain,Male,62,North,Returning
CUST03089,2024-11-08,12,411826.0,53,3,4,3,10,Loyal Customers,Riya Reddy,Female,41,West,Returning
CUST03090,2024-05-31,7,404268.0,214,1,1,3,5,Hibernating,Aditya Verma,Male,28,West,Returning
CUST03091,2024-12-17,6,84488.0,14,5,1,1,7,At Risk,Vihaan Mishra,Male,39,East,Returning
CUST03092,2024-09-27,8,301126.0,95,2,2,3,7,At Risk,Diya Gupta,Female,32,West,Returning
CUST03093,2024-12-16,13,453038.0,15,5,5,4,14,Champions,Ishaan Jain,Male,27,West,New
CUST03094,2024-11-28,12,354293.5,33,4,4,3,11,Loyal Customers,Simran Agarwal,Female,58,South,Returning
CUST03095,2024-10-18,11,360182.5,74,2,4,3,9,At Risk,Prateek Gupta,Male,44,North,Returning
CUST03096,2023-09-23,5,971232.0,465,1,1,5,7,At Risk,Lakshmi Agarwal,Female,26,South,Returning
CUST03097,2024-12-17,13,445549.0,14,5,5,4,14,Champions,Sneha Verma,Female,45,South,Returning
CUST03098,2024-11-26,10,169332.0,35,4,3,2,9,At Risk,Aditya Iyer,Male,18,South,Returning
CUST03099,2024-12-31,11,656492.0,0,5,4,5,14,Champions,Rohit Pillai,Male,34,West,New
CUST03100,2024-05-02,9,381776.0,243,1,3,3,7,At Risk,Suresh Patel,Male,48,North,New
CUST03101,2024-12-15,7,709598.0,16,5,1,5,11,Loyal Customers,Ramesh Shah,Male,61,West,New
CUST03102,2024-11-11,14,468162.0,50,3,5,4,12,Loyal Customers,Pari Iyer,Female,27,North,Returning
CUST03103,2024-07-19,10,296046.0,165,1,3,3,7,At Risk,Nisha Kumar,Female,54,West,New
CUST03104,2024-11-17,13,367349.0,44,3,5,3,11,Loyal Customers,Vihaan Nair,Male,46,North,Returning
CUST03105,2024-07-15,3,136969.0,169,1,1,1,3,Lost,Rohit Das,Male,35,East,New
CUST03106,2024-10-06,8,615878.0,86,2,2,4,8,At Risk,Ramesh Das,Male,64,West,Returning
CUST03107,2024-10-04,12,166765.0,88,2,4,1,7,At Risk,Mahi Mehta,Female,55,North,Returning
CUST03108,2024-06-28,12,513167.0,186,1,4,4,9,At Risk,Manish Verma,Male,56,North,Returning
CUST03109,2024-08-14,10,156185.0,139,2,3,1,6,Hibernating,Anika Agarwal,Female,23,East,New
CUST03110,2024-11-03,9,266642.0,58,3,3,2,8,At Risk,Sonal Patel,Female,57,South,Returning
CUST03111,2024-11-04,15,526009.0,57,3,5,4,12,Loyal Customers,Nisha Jain,Female,29,Central,New
CUST03112,2024-12-30,8,844925.0,1,5,2,5,12,Loyal Customers,Ishaan Mishra,Male,31,North,New
CUST03113,2023-11-07,7,130934.0,420,1,1,1,3,Lost,Simran Reddy,Female,61,North,New
CUST03114,2024-11-15,9,574730.0,46,3,3,4,10,Loyal Customers,Krishna Das,Male,27,Central,New
CUST03115,2024-12-21,9,338762.0,10,5,3,3,11,Loyal Customers,Deepak Jain,Male,37,North,New
CUST03116,2024-05-05,5,50210.0,240,1,1,1,3,Lost,Sneha Kumar,Female,32,East,New
CUST03117,2024-10-10,15,1099713.0,82,2,5,5,12,Loyal Customers,Simran Agarwal,Female,48,South,New
CUST03118,2024-10-12,9,334744.5,80,2,3,3,8,At Risk,Nikhil Das,Male,24,East,Returning
CUST03119,2024-11-29,12,802908.0,32,4,4,5,13,Champions,Nikhil Bose,Male,58,West,Returning
CUST03120,2023-11-01,8,703468.0,426,1,2,5,8,At Risk,Sai Jain,Male,27,South,Returning
CUST03121,2024-10-15,12,615700.0,77,2,4,4,10,Loyal Customers,Ayaan Iyer,Male,27,South,New
CUST03122,2024-10-26,6,696894.5,66,3,1,5,9,At Risk,Reyansh Sharma,Male,56,Central,Returning
CUST03123,2024-12-17,10,821146.5,14,5,3,5,13,Champions,Vihaan Sharma,Male,45,South,Returning
CUST03124,2024-06-06,11,661728.0,208,1,4,5,10,Loyal Customers,Kiran Singh,Male,47,South,New
CUST03125,2024-08-14,12,330215.5,139,2,4,3,9,At Risk,Mahi Jain,Female,54,East,Returning
CUST03126,2024-06-07,7,119134.0,207,1,1,1,3,Lost,Kavya Mishra,Female,20,South,Returning
CUST03127,2024-12-30,12,255119.0,1,5,4,2,11,Loyal Customers,Ananya Reddy,Female,60,East,Returning
CUST03128,2024-12-04,8,119532.5,27,4,2,1,7,At Risk,Amit Shah,Male,32,West,Returning
CUST03129,2024-12-07,15,930867.5,24,4,5,5,14,Champions,Mahi Sharma,Female,38,East,Returning
CUST03130,2024-12-28,9,673225.0,3,5,3,5,13,Champions,Mahi Iyer,Female,54,East,Returning
CUST03131,2024-12-29,13,630906.0,2,5,5,5,15,Champions,Pooja Patel,Female,29,West,New
CUST03132,2024-11-19,11,271011.5,42,3,4,2,9,At Risk,Riya Iyer,Female,21,Central,New
CUST03133,2024-01-14,7,226608.0,352,1,1,2,4,Hibernating,Sonal Shah,Female,64,South,Returning
CUST03134,2024-12-27,14,295306.0,4,5,5,3,13,Champions,Rohit Sharma,Male,26,South,New
CUST03135,2024-12-15,15,899733.0,16,5,5,5,15,Champions,Vihaan Reddy,Male,56,Central,New
CUST03136,2024-12-09,13,1255477.0,22,4,5,5,14,Champions,Priya Yadav,Female,59,North,New
CUST03137,2024-09-03,6,266174.0,119,2,1,2,5,Hibernating,Divya Jain,Female,45,South,Returning
CUST03138,2023-06-26,4,253720.0,554,1,1,2,4,Hibernating,Aadhya Gupta,Female,40,South,New
CUST03139,2024-11-02,11,616401.0,59,3,4,4,11,Loyal Customers,Reyansh Reddy,Male,62,West,New
CUST03140,2024-01-24,6,533528.0,342,1,1,4,6,Hibernating,Rohit Bose,Male,57,North,Returning
CUST03141,2024-12-31,12,530507.5,0,5,4,4,13,Champions,Nikhil Verma,Male,61,West,Returning
CUST03142,2024-10-21,15,362375.5,71,2,5,3,10,Loyal Customers,Navya Bose,Female,39,South,New
CUST03143,2024-11-25,11,510553.0,36,4,4,4,12,Loyal Customers,Navya Chatterjee,Female,41,West,Returning
CUST03144,2024-10-23,10,510472.0,69,3,3,4,10,Loyal Customers,Prateek Reddy,Male,43,West,Returning
CUST03145,2024-11-16,8,641849.0,45,3,2,5,10,Loyal Customers,Kiran Mishra,Male,47,East,Returning
CUST03146,2024-11-07,9,168032.0,54,3,3,1,7,At Risk,Vivaan Das,Male,50,East,New
CUST03147,2024-12-10,14,810107.5,21,4,5,5,14,Champions,Riya Agarwal,Female,33,East,Returning
CUST03148,2024-06-17,13,349033.0,197,1,5,3,9,At Risk,Priya Shah,Female,39,East,Returning
CUST03149,2024-12-06,12,190568.5,25,4,4,2,10,Loyal Customers,Meera Sharma,Female,60,East,New
CUST03150,2024-10-22,8,240809.0,70,3,2,2,7,At Risk,Reyansh Agarwal,Male,35,North,New
CUST03151,2024-12-14,8,156462.0,17,5,2,1,8,At Risk,Priya Pillai,Female,24,Central,New
CUST03152,2024-12-18,14,398775.0,13,5,5,3,13,Champions,Aditya Kumar,Male,43,North,Returning
CUST03153,2024-12-22,9,556410.5,9,5,3,4,12,Loyal Customers,Pooja Sharma,Female,25,Central,New
CUST03154,2024-12-19,10,242377.0,12,5,3,2,10,Loyal Customers,Rohit Yadav,Male,23,Central,Returning
CUST03155,2024-11-07,8,124742.5,54,3,2,1,6,Hibernating,Prateek Gupta,Male,47,North,New
CUST03156,2024-12-20,10,618076.0,11,5,3,4,12,Loyal Customers,Divya Jain,Female,56,Central,Returning
CUST03157,2024-11-27,6,231573.0,34,4,1,2,7,At Risk,Anjali Gupta,Female,40,East,Returning
CUST03158,2024-12-10,11,369644.5,21,4,4,3,11,Loyal Customers,Manish Singh,Male,49,West,New
CUST03159,2024-12-11,7,497510.0,20,4,1,4,9,At Risk,Riya Reddy,Female,39,West,Returning
CUST03160,2024-12-05,14,356309.0,26,4,5,3,12,Loyal Customers,Vivaan Nair,Male,59,East,New
CUST03161,2024-11-17,14,1306503.0,44,3,5,5,13,Champions,Ramesh Patel,Male,60,Central,New
CUST03162,2024-12-12,15,238779.0,19,4,5,2,11,Loyal Customers,Nikhil Joshi,Male,62,South,Returning
CUST03163,2024-12-27,15,825457.0,4,5,5,5,15,Champions,Amit Chatterjee,Male,26,Central,New
CUST03164,2024-12-05,12,221265.0,26,4,4,2,10,Loyal Customers,Ishaan Mehta,Male,48,North,Returning
CUST03165,2023-04-20,7,114298.0,621,1,1,1,3,Lost,Rahul Iyer,Male,24,West,New
CUST03166,2024-12-21,11,698255.0,10,5,4,5,14,Champions,Sai Singh,Male,26,East,New
CUST03167,2024-08-06,21,523263.5,147,2,5,4,11,Loyal Customers,Sneha Verma,Female,30,South,Returning
CUST03168,2024-12-28,10,585724.0,3,5,3,4,12,Loyal Customers,Reyansh Patel,Male,20,East,Returning
CUST03169,2024-12-24,10,474952.5,7,5,3,4,12,Loyal Customers,Lakshmi Das,Female,52,Central,New
CUST03170,2024-12-16,13,317983.0,15,5,5,3,13,Champions,Aarav Bose,Male,50,East,Returning
CUST03171,2024-11-04,7,55806.0,57,3,1,1,5,Hibernating,Sonal Kumar,Female,38,East,New
CUST03172,2024-12-15,6,467071.0,16,5,1,4,10,Loyal Customers,Reyansh Reddy,Male,48,North,Returning
CUST03173,2023-11-30,6,36398.0,397,1,1,1,3,Lost,Nikhil Das,Male,51,South,New
CUST03174,2024-12-31,12,143148.0,0,5,4,1,10,Loyal Customers,Ishaan Reddy,Male,49,West,New
CUST03175,2024-03-05,10,386443.0,301,1,3,3,7,At Risk,Arjun Singh,Male,52,West,Returning
CUST03176,2024-08-07,7,217241.0,146,2,1,2,5,Hibernating,Rahul Kumar,Male,32,North,New
CUST03177,2024-12-31,18,865813.0,0,5,5,5,15,Champions,Mahi Verma,Female,49,Central,New
CUST03178,2023-12-21,8,596370.0,376,1,2,4,7,At Risk,Lakshmi Yadav,Female,23,South,New
CUST03179,2024-09-12,16,520368.0,110,2,5,4,11,Loyal Customers,Sonal Singh,Female,62,Central,Returning
CUST03180,2024-11-25,8,269246.0,36,4,2,2,8,At Risk,Aadhya Iyer,Female,38,Central,Returning
CUST03181,2024-12-09,7,357426.0,22,4,1,3,8,At Risk,Vivaan Jain,Male,50,North,Returning
CUST03182,2024-11-04,4,30652.5,57,3,1,1,5,Hibernating,Aditya Reddy,Male,49,East,Returning
CUST03183,2024-10-18,8,75470.0,74,2,2,1,5,Hibernating,Kiran Verma,Male,36,North,Returning
CUST03184,2024-12-17,10,871396.5,14,5,3,5,13,Champions,Vihaan Das,Male,50,East,Returning
CUST03185,2024-12-01,13,852059.5,30,4,5,5,14,Champions,Ishaan Sharma,Male,45,Central,New
CUST03186,2024-08-01,11,248568.0,152,1,4,2,7,At Risk,Deepak Iyer,Male,48,East,Returning
CUST03187,2024-10-22,11,278349.0,70,3,4,2,9,At Risk,Reyansh Reddy,Male,38,Central,New
CUST03188,2024-10-27,7,65346.0,65,3,1,1,5,Hibernating,Reyansh Mehta,Male,51,South,New
CUST03189,2024-12-13,7,401666.0,18,4,1,3,8,At Risk,Riya Nair,Female,32,East,Returning
CUST03190,2024-11-29,8,39868.0,32,4,2,1,7,At Risk,Meera Reddy,Female,31,North,Returning
CUST03191,2024-11-09,12,375079.0,52,3,4,3,10,Loyal Customers,Kiran Singh,Male,36,East,New
CUST03192,2024-07-05,8,412938.0,179,1,2,3,6,Hibernating,Pooja Kumar,Female,60,North,New
CUST03193,2024-12-27,7,193470.0,4,5,1,2,8,At Risk,Diya Nair,Female,32,North,Returning
CUST03194,2024-11-26,5,68185.0,35,4,1,1,6,Hibernating,Vihaan Sharma,Male,23,West,Returning
CUST03195,2024-01-14,5,268555.5,352,1,1,2,4,Hibernating,Manish Shah,Male,26,West,Returning
CUST03196,2024-11-22,14,505234.0,39,3,5,4,12,Loyal Customers,Rahul Singh,Male,54,East,New
CUST03197,2024-12-09,12,1184524.0,22,4,4,5,13,Champions,Mahi Shah,Female,37,South,Returning
CUST03198,2024-12-10,9,726650.0,21,4,3,5,12,Loyal Customers,Sneha Shah,Female,51,Central,New
CUST03199,2024-09-04,12,585643.0,118,2,4,4,10,Loyal Customers,Rohit Nair,Male,55,Central,Returning
CUST03200,2024-12-21,15,411037.0,10,5,5,3,13,Champions,Arjun Iyer,Male,43,North,Returning
CUST03201,2024-08-17,8,365860.0,136,2,2,3,7,At Risk,Divya Joshi,Female,35,North,New
CUST03202,2024-10-03,13,872232.0,89,2,5,5,12,Loyal Customers,Sai Patel,Male,45,North,New
CUST03203,2024-04-10,8,259066.0,265,1,2,2,5,Hibernating,Ishaan Jain,Male,26,West,Returning
CUST03204,2024-12-26,10,143575.5,5,5,3,1,9,At Risk,Priya Shah,Female,49,Central,Returning
CUST03205,2024-12-25,19,741207.0,6,5,5,5,15,Champions,Lakshmi Verma,Female,23,South,New
CUST03206,2024-12-16,4,216808.0,15,5,1,2,8,At Risk,Navya Sharma,Female,31,North,Returning
CUST03207,2024-10-26,12,142405.5,66,3,4,1,8,At Risk,Nisha Verma,Female,45,North,New
CUST03208,2024-10-09,11,217875.0,83,2,4,2,8,At Risk,Anika Yadav,Female,41,North,Returning
CUST03209,2024-10-07,6,86857.0,85,2,1,1,4,Hibernating,Vivaan Patel,Male,30,North,New
CUST03210,2024-12-14,7,210761.0,17,5,1,2,8,At Risk,Kavya Yadav,Female,60,Central,Returning
CUST03211,2023-12-29,8,267180.0,368,1,2,2,5,Hibernating,Sai Jain,Male,29,West,New
CUST03212,2024-10-01,9,57826.0,91,2,3,1,6,Hibernating,Divya Chatterjee,Female,36,North,Returning
CUST03213,2024-03-19,12,495823.0,287,1,4,4,9,At Risk,Manish Pillai,Male,38,North,Returning
CUST03214,2024-10-05,9,566938.0,87,2,3,4,9,At Risk,Riya Reddy,Female,44,South,New
CUST03215,2024-12-20,13,231790.5,11,5,5,2,12,Loyal Customers,Reyansh Shah,Male,36,North,Returning
CUST03216,2024-10-11,8,357401.0,81,2,2,3,7,At Risk,Aditya Chatterjee,Male,41,North,New
CUST03217,2024-11-23,12,618272.0,38,4,4,4,12,Loyal Customers,Deepak Kumar,Male,43,East,Returning
CUST03218,2024-12-19,16,908523.5,12,5,5,5,15,Champions,Aditya Chatterjee,Male,62,North,New
CUST03219,2024-11-25,7,162731.5,36,4,1,1,6,Hibernating,Anika Chatterjee,Female,45,South,Returning
CUST03220,2024-12-22,9,91108.0,9,5,3,1,9,At Risk,Riya Chatterjee,Female,63,Central,Returning
CUST03221,2024-10-21,10,928609.5,71,2,3,5,10,Loyal Customers,Nikhil Joshi,Male,35,East,New
CUST03222,2024-04-28,5,297072.0,247,1,1,3,5,Hibernating,Ayaan Kumar,Male,61,North,New
CUST03223,2024-05-21,8,351300.0,224,1,2,3,6,Hibernating,Manish Nair,Male,53,North,Returning
CUST03224,2024-05-12,8,107378.0,233,1,2,1,4,Hibernating,Amit Yadav,Male,59,East,Returning
CUST03225,2024-12-17,13,839568.5,14,5,5,5,15,Champions,Sai Reddy,Male,46,West,Returning
CUST03226,2024-12-31,8,372173.0,0,5,2,3,10,Loyal Customers,Priya Chatterjee,Female,34,North,New
CUST03227,2024-07-17,8,352865.0,167,1,2,3,6,Hibernating,Nikhil Sharma,Male,21,North,New
CUST03228,2024-12-30,11,233799.0,1,5,4,2,11,Loyal Customers,Aditya Bose,Male,61,South,Returning
CUST03229,2024-10-26,14,1033001.0,66,3,5,5,13,Champions,Vihaan Pillai,Male,62,East,Returning
CUST03230,2024-09-19,11,1062153.0,103,2,4,5,11,Loyal Customers,Nikhil Chatterjee,Male,46,South,Returning
CUST03231,2024-01-31,9,390508.0,335,1,3,3,7,At Risk,Sai Iyer,Male,21,North,New
CUST03232,2024-04-25,10,386478.0,250,1,3,3,7,At Risk,Sneha Jain,Female,27,South,New
CUST03233,2024-11-16,17,682302.0,45,3,5,5,13,Champions,Deepak Kumar,Male,42,East,New
CUST03234,2023-08-24,6,87318.0,495,1,1,1,3,Lost,Rahul Singh,Male,48,North,Returning
CUST03235,2024-02-23,9,337495.0,312,1,3,3,7,At Risk,Suresh Singh,Male,20,East,New
CUST03236,2024-09-17,9,127538.0,105,2,3,1,6,Hibernating,Rohit Shah,Male,64,North,Returning
CUST03237,2024-12-28,7,452669.0,3,5,1,4,10,Loyal Customers,Aditya Iyer,Male,19,North,Returning
CUST03238,2024-12-07,8,147971.0,24,4,2,1,7,At Risk,Meera Chatterjee,Female,42,Central,New
CUST03239,2024-07-06,13,285563.0,178,1,5,2,8,At Risk,Anjali Agarwal,Female,23,West,New
CUST03240,2024-12-08,8,241381.5,23,4,2,2,8,At Risk,Kavya Joshi,Female,43,South,Returning
CUST03241,2024-10-28,12,895486.5,64,3,4,5,12,Loyal Customers,Manish Joshi,Male,25,North,New
CUST03242,2024-12-09,12,205155.5,22,4,4,2,10,Loyal Customers,Prateek Gupta,Male,52,East,New
CUST03243,2024-12-10,7,45236.0,21,4,1,1,6,Hibernating,Nikhil Yadav,Male,44,North,New
CUST03244,2024-12-19,8,683890.0,12,5,2,5,12,Loyal Customers,Pari Reddy,Female,42,South,Returning
CUST03245,2024-11-12,10,33950.0,49,3,3,1,7,At Risk,Mahi Agarwal,Female,35,East,Returning
CUST03246,2024-10-13,8,161343.0,79,2,2,1,5,Hibernating,Ramesh Mishra,Male,18,West,Returning
CUST03247,2024-12-25,10,87005.5,6,5,3,1,9,At Risk,Deepak Reddy,Male,56,South,Returning
CUST03248,2024-11-23,9,307459.0,38,4,3,3,10,Loyal Customers,Prateek Joshi,Male,20,South,Returning
CUST03249,2024-12-14,9,440696.0,17,5,3,4,12,Loyal Customers,Diya Patel,Female,21,West,Returning
CUST03250,2024-12-01,15,764500.0,30,4,5,5,14,Champions,Divya Bose,Female,58,East,Returning
CUST03251,2024-11-20,12,708225.0,41,3,4,5,12,Loyal Customers,Vihaan Agarwal,Male,54,North,Returning
CUST03252,2024-09-16,14,682293.0,106,2,5,5,12,Loyal Customers,Manish Chatterjee,Male,32,East,New
CUST03253,2024-08-28,9,132308.0,125,2,3,1,6,Hibernating,Priya Shah,Female,25,West,Returning
CUST03254,2024-12-22,7,19322.0,9,5,1,1,7,At Risk,Vihaan Chatterjee,Male,55,West,Returning
CUST03255,2024-02-05,11,234738.5,330,1,4,2,7,At Risk,Sai Iyer,Male,36,West,New
CUST03256,2024-12-11,11,253097.5,20,4,4,2,10,Loyal Customers,Suresh Patel,Male,64,South,Returning
CUST03257,2024-12-14,25,549062.0,17,5,5,4,14,Champions,Simran Singh,Female,43,West,New
CUST03258,2024-09-20,8,649990.5,102,2,2,5,9,At Risk,Manish Yadav,Male,56,North,New
CUST03259,2024-06-19,6,76134.0,195,1,1,1,3,Lost,Rohit Bose,Male,27,North,Returning
CUST03260,2023-12-18,7,137665.0,379,1,1,1,3,Lost,Ananya Patel,Female,55,South,New
CUST03261,2024-11-23,14,427997.0,38,4,5,3,12,Loyal Customers,Reyansh Kumar,Male,31,West,Returning
CUST03262,2024-10-18,11,402267.0,74,2,4,3,9,At Risk,Deepak Sharma,Male,58,East,New
CUST03263,2024-12-16,15,714772.0,15,5,5,5,15,Champions,Arjun Kumar,Male,36,West,New
CUST03264,2024-09-30,6,418623.0,92,2,1,3,6,Hibernating,Kiran Shah,Male,47,South,Returning
CUST03265,2024-12-29,14,403469.5,2,5,5,3,13,Champions,Riya Yadav,Female,22,South,Returning
CUST03266,2024-11-18,6,369210.0,43,3,1,3,7,At Risk,Manish Agarwal,Male,48,West,New
CUST03267,2024-08-17,9,535142.0,136,2,3,4,9,At Risk,Kiran Mehta,Male,24,North,Returning
CUST03268,2024-12-07,8,180216.5,24,4,2,2,8,At Risk,Mahi Reddy,Female,36,South,Returning
CUST03269,2024-12-23,19,597258.0,8,5,5,4,14,Champions,Riya Agarwal,Female,48,West,New
CUST03270,2024-06-09,7,301732.0,205,1,1,3,5,Hibernating,Riya Mishra,Female,56,South,New
CUST03271,2024-11-06,11,148513.0,55,3,4,1,8,At Risk,Amit Patel,Male,41,Central,Returning
CUST03272,2024-11-08,7,437120.0,53,3,1,4,8,At Risk,Deepak Sharma,Male,51,Central,Returning
CUST03273,2024-09-09,6,67575.0,113,2,1,1,4,Hibernating,Simran Das,Female,40,South,New
CUST03274,2023-05-12,6,277007.0,599,1,1,2,4,Hibernating,Suresh Kumar,Male,62,Central,New
CUST03275,2024-11-30,8,187736.0,31,4,2,2,8,At Risk,Riya Verma,Female,57,Central,Returning
CUST03276,2024-12-11,9,291764.0,20,4,3,3,10,Loyal Customers,Sneha Shah,Female,23,Central,New
CUST03277,2024-08-29,6,278316.0,124,2,1,2,5,Hibernating,Ananya Sharma,Female,55,North,Returning
CUST03278,2024-01-17,10,114642.0,349,1,3,1,5,Hibernating,Prateek Pillai,Male,58,North,Returning
CUST03279,2024-09-14,9,802238.5,108,2,3,5,10,Loyal Customers,Vihaan Iyer,Male,53,South,New
CUST03280,2024-09-14,9,268677.0,108,2,3,2,7,At Risk,Aadhya Joshi,Female,44,Central,Returning
CUST03281,2024-10-15,10,242006.0,77,2,3,2,7,At Risk,Ramesh Agarwal,Male,28,Central,Returning
CUST03282,2024-09-17,9,442761.0,105,2,3,4,9,At Risk,Suresh Reddy,Male,22,West,Returning
CUST03283,2024-03-15,10,89212.0,291,1,3,1,5,Hibernating,Anjali Yadav,Female,34,East,Returning
CUST03284,2024-10-23,11,395036.0,69,3,4,3,10,Loyal Customers,Anjali Mishra,Female,24,North,Returning
CUST03285,2024-10-29,9,748867.0,63,3,3,5,11,Loyal Customers,Prateek Mehta,Male,44,South,Returning
CUST03286,2024-10-26,10,838499.0,66,3,3,5,11,Loyal Customers,Sai Bose,Male,64,East,Returning
CUST03287,2024-10-14,11,684997.0,78,2,4,5,11,Loyal Customers,Arjun Mehta,Male,32,West,Returning
CUST03288,2024-10-20,17,881113.0,72,2,5,5,12,Loyal Customers,Meera Yadav,Female,63,West,Returning
CUST03289,2024-11-16,6,523592.0,45,3,1,4,8,At Risk,Sneha Mishra,Female,30,South,New
CUST03290,2024-04-09,12,620098.5,266,1,4,4,9,At Risk,Arjun Iyer,Male,28,East,New
CUST03291,2023-06-16,6,290480.0,564,1,1,3,5,Hibernating,Arjun Kumar,Male,62,South,New
CUST03292,2024-07-19,9,141531.5,165,1,3,1,5,Hibernating,Aadhya Patel,Female,43,East,Returning
CUST03293,2024-12-26,6,211907.0,5,5,1,2,8,At Risk,Aarav Kumar,Male,39,South,Returning
CUST03294,2024-12-16,12,154092.0,15,5,4,1,10,Loyal Customers,Nikhil Mishra,Male,45,East,Returning
CUST03295,2024-12-30,22,979303.5,1,5,5,5,15,Champions,Navya Patel,Female,41,North,New
CUST03296,2024-12-13,7,390671.0,18,4,1,3,8,At Risk,Arjun Mishra,Male,46,West,Returning
CUST03297,2024-08-16,10,378919.0,137,2,3,3,8,At Risk,Lakshmi Jain,Female,26,South,New
CUST03298,2024-11-21,10,889322.0,40,3,3,5,11,Loyal Customers,Ramesh Jain,Male,59,South,Returning
CUST03299,2024-03-31,10,415532.0,275,1,3,3,7,At Risk,Sai Chatterjee,Male,21,North,New
CUST03300,2024-12-15,11,545708.5,16,5,4,4,13,Champions,Sonal Mishra,Female,63,West,Returning
CUST03301,2024-03-22,7,370362.0,284,1,1,3,5,Hibernating,Prateek Chatterjee,Male,35,North,Returning
CUST03302,2024-09-02,8,137967.5,120,2,2,1,5,Hibernating,Anjali Pillai,Female,60,Central,Returning
CUST03303,2024-11-14,9,112603.0,47,3,3,1,7,At Risk,Ishita Gupta,Female,33,North,Returning
CUST03304,2024-10-08,11,582411.5,84,2,4,4,10,Loyal Customers,Ramesh Jain,Male,50,North,Returning
CUST03305,2024-09-07,6,84391.0,115,2,1,1,4,Hibernating,Aarav Agarwal,Male,46,South,New
CUST03306,2024-02-28,14,871522.0,307,1,5,5,11,Loyal Customers,Nikhil Joshi,Male,56,North,Returning
CUST03307,2024-10-29,11,237182.0,63,3,4,2,9,At Risk,Rahul Nair,Male,27,Central,Returning
CUST03308,2024-12-04,8,534132.0,27,4,2,4,10,Loyal Customers,Ramesh Shah,Male,26,West,Returning
CUST03309,2023-07-13,3,91398.0,537,1,1,1,3,Lost,Deepak Pillai,Male,48,East,Returning
CUST03310,2024-11-01,8,269474.0,60,3,2,2,7,At Risk,Vivaan Verma,Male,45,North,Returning
CUST03311,2024-08-06,9,161619.5,147,2,3,1,6,Hibernating,Divya Bose,Female,20,North,Returning
CUST03312,2024-12-15,13,802190.0,16,5,5,5,15,Champions,Sneha Singh,Female,31,North,Returning
CUST03313,2024-07-13,6,248997.0,171,1,1,2,4,Hibernating,Divya Bose,Female,42,North,Returning
CUST03314,2024-10-16,11,713915.0,76,2,4,5,11,Loyal Customers,Aditya Kumar,Male,32,North,Returning
CUST03315,2024-12-17,13,306378.0,14,5,5,3,13,Champions,Rahul Nair,Male,19,North,Returning
CUST03316,2024-09-11,11,231731.0,111,2,4,2,8,At Risk,Lakshmi Das,Female,41,North,Returning
CUST03317,2024-11-17,14,870622.0,44,3,5,5,13,Champions,Aditya Das,Male,31,South,Returning
CUST03318,2024-11-09,11,402877.0,52,3,4,3,10,Loyal Customers,Manish Patel,Male,24,West,New
CUST03319,2024-09-17,9,375051.0,105,2,3,3,8,At Risk,Ishita Bose,Female,53,South,New
CUST03320,2024-12-10,10,294482.0,21,4,3,3,10,Loyal Customers,Pari Shah,Female,41,North,New
CUST03321,2024-12-07,11,562670.0,24,4,4,4,12,Loyal Customers,Deepak Iyer,Male,44,West,Returning
CUST03322,2024-12-13,13,441367.0,18,4,5,4,13,Champions,Manish Verma,Male,54,South,Returning
CUST03323,2024-08-07,10,98965.0,146,2,3,1,6,Hibernating,Priya Shah,Female,55,North,Returning
CUST03324,2024-02-29,10,524616.5,306,1,3,4,8,At Risk,Aadhya Bose,Female,47,East,Returning
CUST03325,2024-07-29,10,290299.0,155,1,3,3,7,At Risk,Lakshmi Das,Female,44,North,New
CUST03326,2024-06-15,8,147199.0,199,1,2,1,4,Hibernating,Nisha Agarwal,Female,56,North,Returning
CUST03327,2024-01-30,4,80242.0,336,1,1,1,3,Lost,Priya Mishra,Female,32,North,Returning
CUST03328,2024-10-30,8,86028.0,62,3,2,1,6,Hibernating,Amit Iyer,Male,43,North,Returning
CUST03329,2024-06-20,9,613691.0,194,1,3,4,8,At Risk,Ishaan Gupta,Male,18,South,New
CUST03330,2024-12-05,11,258467.0,26,4,4,2,10,Loyal Customers,Ananya Jain,Female,21,East,Returning
CUST03331,2024-12-03,8,333406.0,28,4,2,3,9,At Risk,Riya Agarwal,Female,46,Central,New
CUST03332,2024-11-02,21,907519.5,59,3,5,5,13,Champions,Pooja Verma,Female,18,East,Returning
CUST03333,2024-11-25,13,513129.0,36,4,5,4,13,Champions,Nikhil Agarwal,Male,60,South,New
CUST03334,2024-09-09,8,62473.0,113,2,2,1,5,Hibernating,Sai Agarwal,Male,63,North,Returning
CUST03335,2024-11-04,13,454141.0,57,3,5,4,12,Loyal Customers,Ananya Iyer,Female,39,West,New
CUST03336,2024-10-08,2,15500.0,84,2,1,1,4,Hibernating,Simran Sharma,Female,28,East,New
CUST03337,2024-12-21,11,518282.0,10,5,4,4,13,Champions,Riya Bose,Female,27,Central,Returning
CUST03338,2024-02-21,8,494529.0,314,1,2,4,7,At Risk,Pari Kumar,Female,34,Central,Returning
CUST03339,2024-10-23,10,1257847.0,69,3,3,5,11,Loyal Customers,Sonal Patel,Female,53,North,Returning
CUST03340,2024-12-03,7,221032.0,28,4,1,2,7,At Risk,Pooja Nair,Female,64,Central,New
CUST03341,2024-10-10,11,390210.0,82,2,4,3,9,At Risk,Navya Jain,Female,43,South,New
CUST03342,2024-12-15,12,211393.0,16,5,4,2,11,Loyal Customers,Pooja Nair,Female,38,North,Returning
CUST03343,2023-09-18,3,8620.0,470,1,1,1,3,Lost,Pooja Sharma,Female,30,North,New
CUST03344,2024-09-12,13,278994.0,110,2,5,2,9,At Risk,Vihaan Jain,Male,26,East,New
CUST03345,2024-12-09,9,84559.0,22,4,3,1,8,At Risk,Sai Agarwal,Male,28,Central,Returning
CUST03346,2024-12-29,13,297452.5,2,5,5,3,13,Champions,Navya Chatterjee,Female,28,North,New
CUST03347,2024-12-31,12,478100.0,0,5,4,4,13,Champions,Amit Gupta,Male,23,North,New
CUST03348,2024-12-05,9,448715.5,26,4,3,4,11,Loyal Customers,Krishna Joshi,Male,18,North,New
CUST03349,2024-11-13,8,181997.0,48,3,2,2,7,At Risk,Nikhil Gupta,Male,23,Central,Returning
CUST03350,2024-09-24,9,167509.0,98,2,3,1,6,Hibernating,Rahul Verma,Male,30,South,New
CUST03351,2024-12-20,12,657235.0,11,5,4,5,14,Champions,Rohit Patel,Male,39,North,Returning
CUST03352,2024-08-02,14,440598.0,151,1,5,4,10,Loyal Customers,Arjun Jain,Male,48,Central,New
CUST03353,2024-12-22,13,458896.0,9,5,5,4,14,Champions,Navya Bose,Female,39,Central,Returning
CUST03354,2023-10-09,5,365669.0,449,1,1,3,5,Hibernating,Ramesh Yadav,Male,54,East,New
CUST03355,2024-12-25,5,13847.0,6,5,1,1,7,At Risk,Ayaan Chatterjee,Male,64,South,Returning
CUST03356,2024-12-03,11,321733.0,28,4,4,3,11,Loyal Customers,Sai Mehta,Male,44,East,Returning
CUST03357,2024-11-08,8,172032.0,53,3,2,2,7,At Risk,Divya Pillai,Female,31,Central,Returning
CUST03358,2024-07-15,9,192721.0,169,1,3,2,6,Hibernating,Vivaan Nair,Male,64,West,Returning
CUST03359,2024-11-14,8,88264.0,47,3,2,1,6,Hibernating,Anika Verma,Female,22,East,Returning
CUST03360,2024-10-12,10,595717.5,80,2,3,4,9,At Risk,Diya Chatterjee,Female,53,South,New
CUST03361,2024-12-12,10,888539.5,19,4,3,5,12,Loyal Customers,Anjali Bose,Female,49,West,Returning
CUST03362,2024-08-19,13,758700.0,134,2,5,5,12,Loyal Customers,Ishaan Bose,Male,51,West,Returning
CUST03363,2024-12-26,13,467983.0,5,5,5,4,14,Champions,Meera Joshi,Female,24,South,Returning
CUST03364,2024-12-18,10,392685.0,13,5,3,3,11,Loyal Customers,Suresh Yadav,Male,59,North,New
CUST03365,2024-12-19,10,156896.0,12,5,3,1,9,At Risk,Nisha Nair,Female,27,Central,Returning
CUST03366,2024-12-04,12,321045.0,27,4,4,3,11,Loyal Customers,Navya Das,Female,34,South,Returning
CUST03367,2024-12-15,11,292187.5,16,5,4,3,12,Loyal Customers,Ramesh Sharma,Male,47,South,Returning
CUST03368,2024-10-20,18,565754.0,72,2,5,4,11,Loyal Customers,Ishaan Chatterjee,Male,38,North,New
CUST03369,2024-09-20,11,400492.0,102,2,4,3,9,At Risk,Suresh Reddy,Male,30,East,Returning
CUST03370,2024-10-23,11,469934.0,69,3,4,4,11,Loyal Customers,Sonal Verma,Female,18,South,Returning
CUST03371,2024-05-23,7,256704.0,222,1,1,2,4,Hibernating,Vihaan Shah,Male,18,West,Returning
CUST03372,2024-09-10,16,701183.5,112,2,5,5,12,Loyal Customers,Sneha Mishra,Female,64,North,Returning
CUST03373,2024-11-18,13,743599.0,43,3,5,5,13,Champions,Manish Nair,Male,50,South,Returning
CUST03374,2024-12-20,6,267704.0,11,5,1,2,8,At Risk,Priya Nair,Female,55,South,Returning
CUST03375,2024-11-28,7,274148.0,33,4,1,2,7,At Risk,Pooja Singh,Female,42,South,Returning
CUST03376,2024-12-21,7,1080517.0,10,5,1,5,11,Loyal Customers,Pooja Agarwal,Female,43,South,Returning
CUST03377,2024-06-07,6,199374.0,207,1,1,2,4,Hibernating,Anjali Chatterjee,Female,30,North,Returning
CUST03378,2024-01-17,7,89106.0,349,1,1,1,3,Lost,Ayaan Agarwal,Male,45,East,New
CUST03379,2024-12-18,11,512891.0,13,5,4,4,13,Champions,Reyansh Das,Male,50,North,New
CUST03380,2024-10-14,13,147053.0,78,2,5,1,8,At Risk,Priya Gupta,Female,54,South,Returning
CUST03381,2024-08-11,11,443654.5,142,2,4,4,10,Loyal Customers,Rohit Shah,Male,58,South,Returning
CUST03382,2024-12-13,13,453187.0,18,4,5,4,13,Champions,Aarav Sharma,Male,47,North,New
CUST03383,2024-11-25,8,291746.0,36,4,2,3,9,At Risk,Aditya Sharma,Male,25,South,New
CUST03384,2024-10-21,10,319906.0,71,2,3,3,8,At Risk,Ramesh Singh,Male,64,West,Returning
CUST03385,2024-12-19,13,1003782.0,12,5,5,5,15,Champions,Rahul Singh,Male,18,North,New
CUST03386,2024-12-11,13,550364.0,20,4,5,4,13,Champions,Lakshmi Pillai,Female,29,West,Returning
CUST03387,2024-12-09,19,458930.5,22,4,5,4,13,Champions,Ayaan Iyer,Male,22,Central,Returning
CUST03388,2023-10-04,8,329151.0,454,1,2,3,6,Hibernating,Pooja Mehta,Female,41,East,New
CUST03389,2024-12-24,6,162777.5,7,5,1,1,7,At Risk,Vivaan Sharma,Male,23,South,Returning
CUST03390,2024-12-17,14,551720.0,14,5,5,4,14,Champions,Simran Patel,Female,42,North,Returning
CUST03391,2024-02-18,9,294276.0,317,1,3,3,7,At Risk,Vivaan Jain,Male,18,North,Returning
CUST03392,2024-01-20,7,674523.0,346,1,1,5,7,At Risk,Mahi Jain,Female,42,West,New
CUST03393,2024-10-20,14,863482.0,72,2,5,5,12,Loyal Customers,Anika Singh,Female,18,North,Returning
CUST03394,2024-10-06,14,838064.5,86,2,5,5,12,Loyal Customers,Aditya Jain,Male,49,East,Returning
CUST03395,2024-12-29,9,944879.0,2,5,3,5,13,Champions,Navya Yadav,Female,59,East,New
CUST03396,2024-12-08,7,126527.0,23,4,1,1,6,Hibernating,Divya Gupta,Female,59,East,New
CUST03397,2024-11-28,7,243533.0,33,4,1,2,7,At Risk,Anika Gupta,Female,20,East,New
CUST03398,2024-11-01,11,431452.5,60,3,4,3,10,Loyal Customers,Pooja Iyer,Female,36,Central,New
CUST03399,2024-06-30,14,460201.0,184,1,5,4,10,Loyal Customers,Kiran Patel,Male,60,Central,New
CUST03400,2024-12-02,7,210683.0,29,4,1,2,7,At Risk,Lakshmi Nair,Female,46,West,New
CUST03401,2024-10-04,9,161836.0,88,2,3,1,6,Hibernating,Ramesh Reddy,Male,19,West,Returning
CUST03402,2024-06-07,11,353162.0,207,1,4,3,8,At Risk,Krishna Gupta,Male,26,West,Returning
CUST03403,2024-12-22,10,747676.0,9,5,3,5,13,Champions,Pari Nair,Female,34,Central,New
CUST03404,2024-05-15,8,120745.0,230,1,2,1,4,Hibernating,Vivaan Yadav,Male,63,East,Returning
CUST03405,2024-11-08,11,341274.5,53,3,4,3,10,Loyal Customers,Anjali Reddy,Female,53,West,New
CUST03406,2024-12-25,10,732601.0,6,5,3,5,13,Champions,Ananya Nair,Female,34,West,Returning
CUST03407,2024-08-26,14,670744.5,127,2,5,5,12,Loyal Customers,Pooja Gupta,Female,29,East,New
CUST03408,2024-11-23,7,129393.0,38,4,1,1,6,Hibernating,Lakshmi Patel,Female,37,West,New
CUST03409,2024-04-18,5,207978.0,257,1,1,2,4,Hibernating,Nikhil Mehta,Male,20,Central,Returning
CUST03410,2024-11-19,7,442485.0,42,3,1,4,8,At Risk,Manish Yadav,Male,60,West,New
CUST03411,2024-01-10,11,423809.0,356,1,4,3,8,At Risk,Sai Bose,Male,21,North,Returning
CUST03412,2024-10-07,16,658553.5,85,2,5,5,12,Loyal Customers,Vihaan Kumar,Male,34,West,Returning
CUST03413,2024-03-25,9,406226.0,281,1,3,3,7,At Risk,Prateek Mishra,Male,54,North,New
CUST03414,2024-12-21,9,102695.5,10,5,3,1,9,At Risk,Reyansh Jain,Male,63,West,Returning
CUST03415,2024-11-18,13,587984.5,43,3,5,4,12,Loyal Customers,Anika Chatterjee,Female,59,South,Returning
CUST03416,2024-07-18,7,300702.0,166,1,1,3,5,Hibernating,Pooja Singh,Female,32,North,New
CUST03417,2024-05-08,10,1017681.5,237,1,3,5,9,At Risk,Vivaan Patel,Male,50,East,New
CUST03418,2024-10-23,12,300193.5,69,3,4,3,10,Loyal Customers,Pari Agarwal,Female,33,South,New
CUST03419,2024-12-13,8,679568.0,18,4,2,5,11,Loyal Customers,Krishna Chatterjee,Male,28,Central,Returning
CUST03420,2024-12-19,11,351650.0,12,5,4,3,12,Loyal Customers,Aarav Bose,Male,37,Central,Returning
CUST03421,2024-12-22,13,140282.0,9,5,5,1,11,Loyal Customers,Navya Sharma,Female,55,South,New
CUST03422,2024-08-11,10,402430.0,142,2,3,3,8,At Risk,Ananya Yadav,Female,41,South,Returning
CUST03423,2024-11-21,11,536864.0,40,3,4,4,11,Loyal Customers,Pooja Kumar,Female,33,South,New
CUST03424,2024-11-26,9,558278.0,35,4,3,4,11,Loyal Customers,Rohit Yadav,Male,47,South,New
CUST03425,2024-12-04,11,721139.0,27,4,4,5,13,Champions,Divya Sharma,Female,51,South,New
CUST03426,2024-12-10,4,217512.0,21,4,1,2,7,At Risk,Sonal Bose,Female,18,Central,Returning
CUST03427,2024-12-28,12,186667.0,3,5,4,2,11,Loyal Customers,Nisha Mishra,Female,41,East,New
CUST03428,2024-09-24,6,13941.0,98,2,1,1,4,Hibernating,Anjali Patel,Female,41,South,Returning
CUST03429,2024-12-10,15,839539.0,21,4,5,5,14,Champions,Meera Joshi,Female,26,West,Returning
CUST03430,2024-12-09,11,1240008.0,22,4,4,5,13,Champions,Aadhya Yadav,Female,39,West,New
CUST03431,2024-12-13,12,455202.0,18,4,4,4,12,Loyal Customers,Nisha Singh,Female,29,East,New
CUST03432,2024-11-18,7,331292.0,43,3,1,3,7,At Risk,Divya Shah,Female,34,West,New
CUST03433,2024-11-10,17,979917.5,51,3,5,5,13,Champions,Sneha Reddy,Female,42,East,Returning
CUST03434,2024-11-01,8,183157.0,60,3,2,2,7,At Risk,Ishaan Yadav,Male,45,North,Returning
CUST03435,2023-07-11,3,179103.0,539,1,1,2,4,Hibernating,Ananya Patel,Female,32,North,New
CUST03436,2024-11-15,6,345811.0,46,3,1,3,7,At Risk,Amit Shah,Male,47,East,New
CUST03437,2024-11-15,10,770735.5,46,3,3,5,11,Loyal Customers,Rohit Patel,Male,44,Central,New
CUST03438,2024-12-06,7,517430.0,25,4,1,4,9,At Risk,Lakshmi Iyer,Female,39,North,New
CUST03439,2024-11-26,17,740405.0,35,4,5,5,14,Champions,Mahi Gupta,Female,27,South,Returning
CUST03440,2024-12-17,16,752841.0,14,5,5,5,15,Champions,Meera Verma,Female,48,West,New
CUST03441,2024-12-13,14,287861.0,18,4,5,2,11,Loyal Customers,Suresh Mehta,Male,44,South,New
CUST03442,2024-07-27,8,720495.0,157,1,2,5,8,At Risk,Ishaan Yadav,Male,29,West,Returning
CUST03443,2024-12-06,10,566381.0,25,4,3,4,11,Loyal Customers,Vihaan Pillai,Male,63,East,New
CUST03444,2024-10-23,12,317715.5,69,3,4,3,10,Loyal Customers,Nisha Patel,Female,48,North,Returning
CUST03445,2024-12-22,11,494652.0,9,5,4,4,13,Champions,Lakshmi Mehta,Female,49,West,New
CUST03446,2024-12-16,8,112676.0,15,5,2,1,8,At Risk,Navya Verma,Female,49,West,Returning
CUST03447,2024-07-06,8,227227.0,178,1,2,2,5,Hibernating,Mahi Sharma,Female,58,Central,New
CUST03448,2024-12-07,10,170807.0,24,4,3,2,9,At Risk,Divya Joshi,Female,62,South,Returning
CUST03449,2024-12-21,11,127221.0,10,5,4,1,10,Loyal Customers,Nisha Yadav,Female,52,West,New
CUST03450,2024-10-12,11,869119.0,80,2,4,5,11,Loyal Customers,Aditya Shah,Male,63,East,Returning
CUST03451,2024-10-23,12,1347827.0,69,3,4,5,12,Loyal Customers,Ishaan Bose,Male,38,South,New
CUST03452,2024-10-25,6,430669.0,67,3,1,3,7,At Risk,Meera Chatterjee,Female,27,Central,Returning
CUST03453,2024-11-17,10,122157.0,44,3,3,1,7,At Risk,Aadhya Verma,Female,33,West,New
CUST03454,2024-06-01,4,124118.0,213,1,1,1,3,Lost,Rohit Verma,Male,24,South,Returning
CUST03455,2024-12-06,15,627266.0,25,4,5,5,14,Champions,Priya Verma,Female,21,East,Returning
CUST03456,2024-12-22,10,650226.0,9,5,3,5,13,Champions,Suresh Singh,Male,44,West,Returning
CUST03457,2024-10-30,11,815220.0,62,3,4,5,12,Loyal Customers,Reyansh Das,Male,42,West,Returning
CUST03458,2024-12-29,10,276554.5,2,5,3,2,10,Loyal Customers,Lakshmi Shah,Female,48,East,New
CUST03459,2023-11-05,3,285958.0,422,1,1,2,4,Hibernating,Navya Agarwal,Female,28,Central,New
CUST03460,2024-11-13,10,369823.0,48,3,3,3,9,At Risk,Ishita Patel,Female,37,West,Returning
CUST03461,2023-12-10,9,460865.0,387,1,3,4,8,At Risk,Vivaan Kumar,Male,53,Central,New
CUST03462,2024-05-22,9,281602.0,223,1,3,2,6,Hibernating,Nikhil Sharma,Male,34,Central,New
CUST03463,2024-12-06,13,745494.0,25,4,5,5,14,Champions,Nisha Jain,Female,62,East,New
CUST03464,2024-05-30,11,632859.0,215,1,4,5,10,Loyal Customers,Ananya Joshi,Female,28,South,New
CUST03465,2024-10-18,13,738862.0,74,2,5,5,12,Loyal Customers,Arjun Sharma,Male,47,South,Returning
CUST03466,2024-06-10,10,248428.5,204,1,3,2,6,Hibernating,Diya Verma,Female,52,East,Returning
CUST03467,2024-05-25,5,127930.0,220,1,1,1,3,Lost,Ishaan Singh,Male,58,North,Returning
CUST03468,2024-12-29,12,802728.5,2,5,4,5,14,Champions,Lakshmi Jain,Female,55,North,New
CUST03469,2024-12-14,10,441507.0,17,5,3,4,12,Loyal Customers,Diya Agarwal,Female,39,North,Returning
CUST03470,2024-12-25,9,352610.0,6,5,3,3,11,Loyal Customers,Aditya Singh,Male,60,North,Returning
CUST03471,2024-10-05,12,817452.0,87,2,4,5,11,Loyal Customers,Vihaan Bose,Male,44,Central,Returning
CUST03472,2024-12-29,9,425607.5,2,5,3,3,11,Loyal Customers,Simran Jain,Female,54,South,Returning
CUST03473,2024-08-21,11,170690.0,132,2,4,2,8,At Risk,Ishita Patel,Female,63,South,Returning
CUST03474,2024-09-12,10,468133.5,110,2,3,4,9,At Risk,Mahi Mishra,Female,52,North,New
CUST03475,2024-08-21,11,771718.0,132,2,4,5,11,Loyal Customers,Priya Yadav,Female,21,South,New
CUST03476,2024-12-26,13,190540.5,5,5,5,2,12,Loyal Customers,Priya Singh,Female,33,Central,New
CUST03477,2024-10-02,8,495930.5,90,2,2,4,8,At Risk,Divya Shah,Female,33,South,Returning
CUST03478,2024-08-23,4,209322.0,130,2,1,2,5,Hibernating,Arjun Reddy,Male,38,East,Returning
CUST03479,2024-03-07,10,307352.0,299,1,3,3,7,At Risk,Reyansh Verma,Male,43,North,Returning
CUST03480,2024-10-13,8,702240.0,79,2,2,5,9,At Risk,Deepak Gupta,Male,53,North,Returning
CUST03481,2024-10-30,9,374908.0,62,3,3,3,9,At Risk,Rohit Patel,Male,36,North,Returning
CUST03482,2024-04-21,14,274174.0,254,1,5,2,8,At Risk,Anika Nair,Female,34,South,Returning
CUST03483,2024-12-22,13,541236.0,9,5,5,4,14,Champions,Arjun Mishra,Male,62,West,Returning
CUST03484,2024-12-26,11,146894.0,5,5,4,1,10,Loyal Customers,Diya Pillai,Female,43,East,Returning
CUST03485,2024-12-31,6,151100.0,0,5,1,1,7,At Risk,Meera Gupta,Female,39,North,Returning
CUST03486,2024-09-23,10,224620.0,99,2,3,2,7,At Risk,Lakshmi Joshi,Female,45,North,New
CUST03487,2024-05-21,18,1264009.0,224,1,5,5,11,Loyal Customers,Deepak Verma,Male,18,South,Returning
CUST03488,2024-11-18,15,471579.0,43,3,5,4,12,Loyal Customers,Arjun Singh,Male,61,West,Returning
CUST03489,2024-10-22,12,611859.0,70,3,4,4,11,Loyal Customers,Manish Yadav,Male,53,West,Returning
CUST03490,2024-09-04,13,795283.0,118,2,5,5,12,Loyal Customers,Sai Sharma,Male,60,North,Returning
CUST03491,2024-06-17,11,383579.5,197,1,4,3,8,At Risk,Nikhil Patel,Male,54,West,New
CUST03492,2024-10-02,10,705064.5,90,2,3,5,10,Loyal Customers,Aadhya Sharma,Female,19,North,New
CUST03493,2024-11-21,13,502404.5,40,3,5,4,12,Loyal Customers,Diya Patel,Female,34,South,Returning
CUST03494,2024-10-23,9,132605.5,69,3,3,1,7,At Risk,Divya Iyer,Female,57,East,Returning
CUST03495,2024-08-22,6,300206.0,131,2,1,3,6,Hibernating,Kavya Bose,Female,55,East,New
CUST03496,2024-12-28,6,52399.0,3,5,1,1,7,At Risk,Arjun Mehta,Male,38,West,Returning
CUST03497,2023-09-25,9,1145496.0,463,1,3,5,9,At Risk,Navya Nair,Female,26,East,Returning
CUST03498,2024-06-07,5,104714.0,207,1,1,1,3,Lost,Sonal Chatterjee,Female,30,North,Returning
CUST03499,2024-09-20,11,337952.0,102,2,4,3,9,At Risk,Ramesh Joshi,Male,28,West,Returning
CUST03500,2024-12-13,15,908396.0,18,4,5,5,14,Champions,Diya Jain,Female,33,East,New
CUST03501,2024-12-07,10,98146.0,24,4,3,1,8,At Risk,Vivaan Jain,Male,33,South,Returning
CUST03502,2024-10-05,14,302474.0,87,2,5,3,10,Loyal Customers,Diya Bose,Female,19,West,Returning
CUST03503,2024-12-05,5,281817.0,26,4,1,2,7,At Risk,Simran Patel,Female,59,East,Returning
CUST03504,2024-12-05,9,252571.0,26,4,3,2,9,At Risk,Ishaan Pillai,Male,61,Central,Returning
CUST03505,2024-12-29,17,760725.5,2,5,5,5,15,Champions,Kavya Sharma,Female,25,West,New
CUST03506,2023-12-03,10,408745.0,394,1,3,3,7,At Risk,Meera Joshi,Female,60,North,Returning
CUST03507,2024-12-10,14,614795.0,21,4,5,4,13,Champions,Mahi Singh,Female,59,North,Returning
CUST03508,2024-12-30,10,103867.0,1,5,3,1,9,At Risk,Rahul Singh,Male,30,South,Returning
CUST03509,2024-10-13,7,107151.0,79,2,1,1,4,Hibernating,Simran Pillai,Female,34,South,New
CUST03510,2024-12-29,16,1303492.5,2,5,5,5,15,Champions,Prateek Das,Male,56,East,Returning
CUST03511,2024-11-11,9,399836.0,50,3,3,3,9,At Risk,Ayaan Chatterjee,Male,41,West,Returning
CUST03512,2024-12-25,13,361302.5,6,5,5,3,13,Champions,Reyansh Nair,Male,20,East,Returning
CUST03513,2024-09-15,8,477048.0,107,2,2,4,8,At Risk,Ananya Mehta,Female,47,West,New
CUST03514,2024-02-12,4,26084.0,323,1,1,1,3,Lost,Anika Kumar,Female,30,South,New
CUST03515,2023-11-29,7,306288.0,398,1,1,3,5,Hibernating,Nisha Bose,Female,36,North,New
CUST03516,2024-10-01,6,65147.0,91,2,1,1,4,Hibernating,Diya Gupta,Female,24,Central,Returning
CUST03517,2024-12-26,11,799434.0,5,5,4,5,14,Champions,Vivaan Verma,Male,26,North,Returning
CUST03518,2024-12-13,16,239811.5,18,4,5,2,11,Loyal Customers,Amit Iyer,Male,36,West,Returning
CUST03519,2024-08-17,13,496341.0,136,2,5,4,11,Loyal Customers,Reyansh Mishra,Male,62,West,Returning
CUST03520,2024-11-25,6,108652.0,36,4,1,1,6,Hibernating,Krishna Reddy,Male,57,South,Returning
CUST03521,2024-09-11,12,237369.0,111,2,4,2,8,At Risk,Manish Chatterjee,Male,39,West,New
CUST03522,2022-11-19,2,156145.0,773,1,1,1,3,Lost,Vivaan Singh,Male,35,West,New
CUST03523,2024-08-17,12,584600.0,136,2,4,4,10,Loyal Customers,Vivaan Shah,Male,40,South,Returning
CUST03524,2024-05-23,9,212078.5,222,1,3,2,6,Hibernating,Sai Gupta,Male,19,West,Returning
CUST03525,2024-10-10,7,409931.0,82,2,1,3,6,Hibernating,Aarav Bose,Male,28,East,Returning
CUST03526,2024-11-05,7,423318.0,56,3,1,3,7,At Risk,Rahul Singh,Male,48,West,Returning
CUST03527,2024-07-10,9,75526.0,174,1,3,1,5,Hibernating,Pari Joshi,Female,50,West,Returning
CUST03528,2024-11-11,14,292289.0,50,3,5,3,11,Loyal Customers,Lakshmi Agarwal,Female,31,West,New
CUST03529,2024-12-23,8,334652.5,8,5,2,3,10,Loyal Customers,Divya Reddy,Female,33,North,Returning
CUST03530,2024-10-07,12,486745.0,85,2,4,4,10,Loyal Customers,Ramesh Mehta,Male,28,North,Returning
CUST03531,2024-11-29,9,260311.0,32,4,3,2,9,At Risk,Rohit Joshi,Male,50,South,Returning
CUST03532,2024-09-04,6,110973.0,118,2,1,1,4,Hibernating,Anika Reddy,Female,24,West,New
CUST03533,2024-07-08,12,354816.0,176,1,4,3,8,At Risk,Ayaan Singh,Male,48,East,Returning
CUST03534,2024-12-03,8,373362.0,28,4,2,3,9,At Risk,Ayaan Mishra,Male,63,North,New
CUST03535,2024-12-08,16,741122.5,23,4,5,5,14,Champions,Reyansh Yadav,Male,64,North,New
CUST03536,2024-11-05,8,582858.5,56,3,2,4,9,At Risk,Ayaan Patel,Male,31,East,Returning
CUST03537,2024-03-22,5,285480.0,284,1,1,2,4,Hibernating,Nikhil Agarwal,Male,45,West,New
CUST03538,2024-12-29,8,804625.0,2,5,2,5,12,Loyal Customers,Nikhil Verma,Male,60,South,Returning
CUST03539,2024-06-21,6,268574.5,193,1,1,2,4,Hibernating,Kavya Kumar,Female,33,North,Returning
CUST03540,2024-03-31,8,181368.0,275,1,2,2,5,Hibernating,Reyansh Jain,Male,36,Central,Returning
CUST03541,2024-11-12,5,82277.5,49,3,1,1,5,Hibernating,Kiran Gupta,Male,34,North,Returning
CUST03542,2024-12-13,11,402258.0,18,4,4,3,11,Loyal Customers,Anjali Pillai,Female,43,West,New
CUST03543,2024-11-21,10,541339.0,40,3,3,4,10,Loyal Customers,Arjun Chatterjee,Male,23,South,Returning
CUST03544,2024-12-02,14,321108.5,29,4,5,3,12,Loyal Customers,Reyansh Pillai,Male,60,South,Returning
CUST03545,2024-08-04,11,260331.0,149,1,4,2,7,At Risk,Pooja Mehta,Female,26,South,Returning
CUST03546,2024-12-14,10,259784.5,17,5,3,2,10,Loyal Customers,Rohit Kumar,Male,34,West,Returning
CUST03547,2024-10-26,8,481880.0,66,3,2,4,9,At Risk,Vivaan Agarwal,Male,48,South,Returning
CUST03548,2024-12-17,12,102571.0,14,5,4,1,10,Loyal Customers,Vivaan Nair,Male,29,East,New
CUST03549,2024-10-28,7,155720.0,64,3,1,1,5,Hibernating,Arjun Singh,Male,40,South,New
CUST03550,2024-04-03,12,538065.0,272,1,4,4,9,At Risk,Lakshmi Chatterjee,Female,22,West,New
CUST03551,2024-08-11,8,396016.0,142,2,2,3,7,At Risk,Kavya Gupta,Female,60,East,Returning
CUST03552,2024-10-23,11,399345.0,69,3,4,3,10,Loyal Customers,Rohit Joshi,Male,53,North,Returning
CUST03553,2024-12-06,9,59862.0,25,4,3,1,8,At Risk,Riya Jain,Female,53,Central,Returning
CUST03554,2024-02-16,7,31110.0,319,1,1,1,3,Lost,Sai Jain,Male,20,East,Returning
CUST03555,2024-12-13,10,426890.0,18,4,3,3,10,Loyal Customers,Sai Agarwal,Male,41,North,Returning
CUST03556,2024-12-22,13,500610.0,9,5,5,4,14,Champions,Meera Joshi,Female,34,North,New
CUST03557,2024-10-28,6,60522.5,64,3,1,1,5,Hibernating,Aditya Mishra,Male,56,South,New
CUST03558,2024-12-21,10,381843.5,10,5,3,3,11,Loyal Customers,Rahul Bose,Male,43,North,Returning
CUST03559,2024-09-22,12,936424.0,100,2,4,5,11,Loyal Customers,Reyansh Agarwal,Male,21,West,New
CUST03560,2023-10-08,5,35004.5,450,1,1,1,3,Lost,Nikhil Chatterjee,Male,62,Central,Returning
CUST03561,2024-11-08,11,944056.0,53,3,4,5,12,Loyal Customers,Krishna Sharma,Male,29,East,New
CUST03562,2023-10-02,8,94927.0,456,1,2,1,4,Hibernating,Kavya Joshi,Female,18,South,New
CUST03563,2024-12-15,12,404722.0,16,5,4,3,12,Loyal Customers,Ayaan Reddy,Male,38,Central,Returning
CUST03564,2024-08-13,4,349121.0,140,2,1,3,6,Hibernating,Ramesh Agarwal,Male,36,East,New
CUST03565,2024-12-24,6,43548.0,7,5,1,1,7,At Risk,Ayaan Agarwal,Male,38,South,Returning
CUST03566,2024-12-18,8,594395.0,13,5,2,4,11,Loyal Customers,Navya Agarwal,Female,35,East,Returning
CUST03567,2023-11-23,11,680954.0,404,1,4,5,10,Loyal Customers,Aadhya Mishra,Female,60,North,Returning
CUST03568,2024-11-15,16,1557044.0,46,3,5,5,13,Champions,Ananya Verma,Female,20,West,Returning
CUST03569,2024-12-31,11,303348.0,0,5,4,3,12,Loyal Customers,Nisha Das,Female,61,North,Returning
CUST03570,2024-11-04,4,72990.0,57,3,1,1,5,Hibernating,Ananya Mishra,Female,49,South,Returning
CUST03571,2024-07-15,9,636967.0,169,1,3,5,9,At Risk,Rahul Yadav,Male,27,North,New
CUST03572,2024-09-06,14,1135512.0,116,2,5,5,12,Loyal Customers,Nikhil Singh,Male,57,South,New
CUST03573,2024-12-11,10,258280.0,20,4,3,2,9,At Risk,Lakshmi Bose,Female,32,South,New
CUST03574,2024-11-29,10,457320.0,32,4,3,4,11,Loyal Customers,Ishita Patel,Female,22,North,Returning
CUST03575,2024-05-16,11,239709.0,229,1,4,2,7,At Risk,Meera Sharma,Female,21,East,Returning
CUST03576,2024-12-26,11,189939.0,5,5,4,2,11,Loyal Customers,Ramesh Mehta,Male,45,West,New
CUST03577,2024-05-31,15,964099.5,214,1,5,5,11,Loyal Customers,Arjun Pillai,Male,21,South,Returning
CUST03578,2024-11-22,11,317811.0,39,3,4,3,10,Loyal Customers,Ishaan Joshi,Male,32,North,New
CUST03579,2024-09-23,10,292647.0,99,2,3,3,8,At Risk,Pari Sharma,Female,34,South,New
CUST03580,2024-10-02,7,83270.0,90,2,1,1,4,Hibernating,Nikhil Iyer,Male,61,South,Returning
CUST03581,2024-11-17,6,38060.0,44,3,1,1,5,Hibernating,Sai Chatterjee,Male,20,East,New
CUST03582,2024-11-03,10,47748.5,58,3,3,1,7,At Risk,Divya Agarwal,Female,27,West,Returning
CUST03583,2024-04-16,8,169971.0,259,1,2,2,5,Hibernating,Aarav Chatterjee,Male,64,North,Returning
CUST03584,2024-04-15,9,151479.0,260,1,3,1,5,Hibernating,Lakshmi Kumar,Female,59,North,Returning
CUST03585,2024-12-20,14,664948.0,11,5,5,5,15,Champions,Suresh Gupta,Male,40,East,Returning
CUST03586,2024-12-10,8,86874.0,21,4,2,1,7,At Risk,Amit Chatterjee,Male,35,North,Returning
CUST03587,2024-11-16,6,165567.0,45,3,1,1,5,Hibernating,Aarav Patel,Male,18,North,Returning
CUST03588,2024-09-27,7,50861.0,95,2,1,1,4,Hibernating,Anjali Reddy,Female,52,North,New
CUST03589,2024-11-07,8,250991.0,54,3,2,2,7,At Risk,Rahul Verma,Male,48,West,Returning
CUST03590,2024-09-22,13,517841.0,100,2,5,4,11,Loyal Customers,Ishaan Mishra,Male,61,North,New
CUST03591,2024-11-12,15,474644.0,49,3,5,4,12,Loyal Customers,Pooja Jain,Female,18,North,New
CUST03592,2024-05-30,8,145700.0,215,1,2,1,4,Hibernating,Prateek Agarwal,Male,20,Central,Returning
CUST03593,2024-12-08,14,398904.5,23,4,5,3,12,Loyal Customers,Mahi Patel,Female,20,Central,Returning
CUST03594,2024-11-19,5,58030.0,42,3,1,1,5,Hibernating,Simran Reddy,Female,54,South,New
CUST03595,2024-07-11,14,367706.0,173,1,5,3,9,At Risk,Vivaan Das,Male,36,North,New
CUST03596,2024-12-26,13,788459.5,5,5,5,5,15,Champions,Sneha Verma,Female,46,South,New
CUST03597,2024-12-27,8,62022.0,4,5,2,1,8,At Risk,Vihaan Yadav,Male,42,West,New
CUST03598,2024-12-05,8,144981.0,26,4,2,1,7,At Risk,Sneha Chatterjee,Female,50,West,Returning
CUST03599,2024-07-24,7,96675.0,160,1,1,1,3,Lost,Manish Verma,Male,53,North,New
CUST03600,2024-12-03,8,260010.0,28,4,2,2,8,At Risk,Sneha Pillai,Female,46,North,Returning
CUST03601,2024-11-09,11,200120.0,52,3,4,2,9,At Risk,Sai Shah,Male,43,Central,Returning
CUST03602,2024-12-06,16,912526.0,25,4,5,5,14,Champions,Pari Shah,Female,21,North,Returning
CUST03603,2024-07-29,12,126803.0,155,1,4,1,6,Hibernating,Reyansh Kumar,Male,31,South,Returning
CUST03604,2024-12-02,10,642868.0,29,4,3,5,12,Loyal Customers,Rohit Joshi,Male,44,South,New
CUST03605,2023-11-09,4,260681.0,418,1,1,2,4,Hibernating,Prateek Singh,Male,50,South,New
CUST03606,2024-11-13,11,178741.5,48,3,4,2,9,At Risk,Nikhil Agarwal,Male,39,East,Returning
CUST03607,2024-12-31,12,486518.0,0,5,4,4,13,Champions,Mahi Joshi,Female,20,South,New
CUST03608,2024-04-14,7,497285.0,261,1,1,4,6,Hibernating,Rohit Pillai,Male,40,North,Returning
CUST03609,2024-10-29,16,690130.0,63,3,5,5,13,Champions,Pooja Das,Female,38,South,New
CUST03610,2024-11-15,13,463402.5,46,3,5,4,12,Loyal Customers,Kavya Nair,Female,58,East,New
CUST03611,2024-04-15,6,318355.0,260,1,1,3,5,Hibernating,Ananya Patel,Female,40,East,New
CUST03612,2024-09-28,9,105955.0,94,2,3,1,6,Hibernating,Amit Pillai,Male,21,North,New
CUST03613,2024-11-20,14,572221.0,41,3,5,4,12,Loyal Customers,Kiran Bose,Male,38,South,Returning
CUST03614,2024-11-11,8,147137.5,50,3,2,1,6,Hibernating,Sonal Das,Female,54,East,New
CUST03615,2024-04-03,10,358069.0,272,1,3,3,7,At Risk,Vihaan Bose,Male,60,West,Returning
CUST03616,2024-12-24,7,145581.5,7,5,1,1,7,At Risk,Prateek Shah,Male,48,East,Returning
CUST03617,2024-12-05,11,748764.5,26,4,4,5,13,Champions,Riya Chatterjee,Female,38,East,Returning
CUST03618,2024-10-12,10,790728.0,80,2,3,5,10,Loyal Customers,Simran Pillai,Female,43,East,Returning
CUST03619,2024-10-10,12,618429.0,82,2,4,4,10,Loyal Customers,Pari Mehta,Female,58,West,Returning
CUST03620,2024-11-10,7,109573.5,51,3,1,1,5,Hibernating,Kiran Patel,Male,52,East,New
CUST03621,2024-04-29,8,131475.0,246,1,2,1,4,Hibernating,Pari Yadav,Female,55,West,Returning
CUST03622,2024-12-28,13,767761.0,3,5,5,5,15,Champions,Sai Iyer,Male,41,South,New
CUST03623,2024-12-31,10,262402.0,0,5,3,2,10,Loyal Customers,Aditya Singh,Male,28,North,Returning
CUST03624,2024-10-13,14,524838.0,79,2,5,4,11,Loyal Customers,Diya Nair,Female,58,North,Returning
CUST03625,2024-12-04,11,805206.0,27,4,4,5,13,Champions,Vihaan Kumar,Male,46,South,Returning
CUST03626,2024-03-31,8,317126.5,275,1,2,3,6,Hibernating,Nikhil Kumar,Male,64,West,New
CUST03627,2024-12-29,10,249483.0,2,5,3,2,10,Loyal Customers,Reyansh Das,Male,20,Central,New
CUST03628,2024-12-05,13,196204.0,26,4,5,2,11,Loyal Customers,Aadhya Iyer,Female,18,Central,Returning
CUST03629,2024-08-23,11,431530.0,130,2,4,4,10,Loyal Customers,Kavya Shah,Female,36,North,Returning
CUST03630,2024-06-02,7,165984.0,212,1,1,1,3,Lost,Navya Bose,Female,63,West,New
CUST03631,2024-10-13,11,1342876.0,79,2,4,5,11,Loyal Customers,Sneha Mishra,Female,39,East,Returning
CUST03632,2024-07-28,5,205586.0,156,1,1,2,4,Hibernating,Kiran Sharma,Male,31,Central,Returning
CUST03633,2024-10-29,10,386204.0,63,3,3,3,9,At Risk,Ishaan Mehta,Male,31,North,Returning
CUST03634,2024-10-15,9,361962.0,77,2,3,3,8,At Risk,Aditya Sharma,Male,61,North,Returning
CUST03635,2024-09-20,12,252189.0,102,2,4,2,8,At Risk,Ayaan Das,Male,33,East,New
CUST03636,2024-12-09,8,159275.0,22,4,2,1,7,At Risk,Rohit Mishra,Male,50,North,Returning
CUST03637,2024-08-27,7,217085.0,126,2,1,2,5,Hibernating,Divya Reddy,Female,30,Central,Returning
CUST03638,2024-12-14,10,292734.0,17,5,3,3,11,Loyal Customers,Rohit Bose,Male,55,South,New
CUST03639,2024-10-25,13,499457.0,67,3,5,4,12,Loyal Customers,Deepak Das,Male,29,Central,Returning
CUST03640,2024-11-18,13,140157.5,43,3,5,1,9,At Risk,Prateek Chatterjee,Male,55,East,New
CUST03641,2024-08-30,6,711004.0,123,2,1,5,8,At Risk,Kiran Iyer,Male,56,West,Returning
CUST03642,2024-11-23,14,153024.5,38,4,5,1,10,Loyal Customers,Divya Kumar,Female,50,East,New
CUST03643,2024-12-24,11,238475.0,7,5,4,2,11,Loyal Customers,Ishaan Gupta,Male,50,North,Returning
CUST03644,2024-08-06,8,600971.0,147,2,2,4,8,At Risk,Krishna Joshi,Male,46,Central,Returning
CUST03645,2024-08-31,8,63458.0,122,2,2,1,5,Hibernating,Nisha Pillai,Female,22,East,Returning
CUST03646,2024-12-03,8,448270.0,28,4,2,4,10,Loyal Customers,Ishaan Verma,Male,23,West,New
CUST03647,2024-12-18,10,270005.0,13,5,3,2,10,Loyal Customers,Arjun Pillai,Male,48,West,Returning
CUST03648,2024-12-27,6,332668.0,4,5,1,3,9,At Risk,Ishaan Chatterjee,Male,33,West,Returning
CUST03649,2024-11-09,12,902513.0,52,3,4,5,12,Loyal Customers,Diya Jain,Female,48,South,New
CUST03650,2024-11-25,14,214059.0,36,4,5,2,11,Loyal Customers,Diya Shah,Female,42,East,Returning
CUST03651,2024-11-13,14,778081.5,48,3,5,5,13,Champions,Riya Gupta,Female,63,Central,Returning
CUST03652,2024-11-25,12,364674.5,36,4,4,3,11,Loyal Customers,Sai Kumar,Male,50,East,Returning
CUST03653,2024-11-12,5,197809.0,49,3,1,2,6,Hibernating,Diya Joshi,Female,30,East,New
CUST03654,2024-10-18,6,153212.5,74,2,1,1,4,Hibernating,Vihaan Verma,Male,27,East,New
CUST03655,2024-09-28,12,191372.0,94,2,4,2,8,At Risk,Rohit Agarwal,Male,41,North,New
CUST03656,2024-10-15,14,248185.0,77,2,5,2,9,At Risk,Arjun Chatterjee,Male,27,East,Returning
CUST03657,2024-07-13,9,547657.5,171,1,3,4,8,At Risk,Krishna Pillai,Male,58,North,New
CUST03658,2024-12-02,16,572512.5,29,4,5,4,13,Champions,Sai Mehta,Male,48,North,Returning
CUST03659,2024-12-25,12,541447.0,6,5,4,4,13,Champions,Meera Verma,Female,30,West,New
CUST03660,2024-10-19,13,597927.0,73,2,5,4,11,Loyal Customers,Priya Pillai,Female,20,Central,New
CUST03661,2024-11-19,6,100764.0,42,3,1,1,5,Hibernating,Arjun Pillai,Male,51,South,Returning
CUST03662,2024-12-16,7,365641.0,15,5,1,3,9,At Risk,Kiran Shah,Male,45,West,Returning
CUST03663,2024-06-07,10,358040.0,207,1,3,3,7,At Risk,Sai Shah,Male,36,South,New
CUST03664,2024-11-07,11,402643.5,54,3,4,3,10,Loyal Customers,Ishaan Singh,Male,40,North,Returning
CUST03665,2024-12-19,12,257556.0,12,5,4,2,11,Loyal Customers,Aadhya Yadav,Female,62,East,Returning
CUST03666,2024-12-28,14,336737.5,3,5,5,3,13,Champions,Nikhil Kumar,Male,49,South,Returning
CUST03667,2024-11-13,8,60254.0,48,3,2,1,6,Hibernating,Lakshmi Reddy,Female,30,North,Returning
CUST03668,2024-12-04,12,224250.0,27,4,4,2,10,Loyal Customers,Arjun Sharma,Male,50,East,Returning
CUST03669,2024-11-15,14,578811.0,46,3,5,4,12,Loyal Customers,Prateek Das,Male,51,North,New
CUST03670,2024-11-27,14,955592.0,34,4,5,5,14,Champions,Rohit Iyer,Male,50,South,Returning
CUST03671,2024-12-25,10,373380.0,6,5,3,3,11,Loyal Customers,Nikhil Iyer,Male,22,Central,Returning
CUST03672,2024-10-27,8,615722.0,65,3,2,4,9,At Risk,Deepak Kumar,Male,20,East,Returning
CUST03673,2024-09-15,13,187540.5,107,2,5,2,9,At Risk,Divya Chatterjee,Female,24,Central,New
CUST03674,2024-12-14,8,73285.0,17,5,2,1,8,At Risk,Rohit Singh,Male,41,West,Returning
CUST03675,2024-12-09,21,933614.0,22,4,5,5,14,Champions,Nisha Verma,Female,39,East,Returning
CUST03676,2024-06-08,9,184362.5,206,1,3,2,6,Hibernating,Arjun Shah,Male,62,West,New
CUST03677,2024-11-18,9,254620.0,43,3,3,2,8,At Risk,Vihaan Iyer,Male,40,South,New
CUST03678,2024-12-13,10,130501.0,18,4,3,1,8,At Risk,Aarav Yadav,Male,47,South,Returning
CUST03679,2024-10-20,14,529046.0,72,2,5,4,11,Loyal Customers,Simran Joshi,Female,35,West,New
CUST03680,2024-07-23,10,426830.0,161,1,3,3,7,At Risk,Kiran Pillai,Male,49,Central,Returning
CUST03681,2024-05-07,5,46100.0,238,1,1,1,3,Lost,Pari Reddy,Female,24,East,New
CUST03682,2024-10-25,9,413075.0,67,3,3,3,9,At Risk,Vivaan Jain,Male,50,North,New
CUST03683,2024-07-30,8,211552.0,154,1,2,2,5,Hibernating,Mahi Agarwal,Female,22,North,New
CUST03684,2024-12-28,13,494867.0,3,5,5,4,14,Champions,Rahul Joshi,Male,45,North,New
CUST03685,2024-09-30,9,371015.5,92,2,3,3,8,At Risk,Pooja Mehta,Female,25,South,New
CUST03686,2024-11-15,8,56916.0,46,3,2,1,6,Hibernating,Aadhya Patel,Female,32,East,Returning
CUST03687,2024-12-18,13,412242.0,13,5,5,3,13,Champions,Meera Chatterjee,Female,21,Central,Returning
CUST03688,2024-12-04,14,250570.0,27,4,5,2,11,Loyal Customers,Aditya Das,Male,51,North,New
CUST03689,2024-11-19,8,121292.0,42,3,2,1,6,Hibernating,Suresh Mehta,Male,22,North,Returning
CUST03690,2024-02-06,11,491701.0,329,1,4,4,9,At Risk,Nikhil Reddy,Male,50,East,Returning
CUST03691,2024-06-27,11,318154.0,187,1,4,3,8,At Risk,Simran Jain,Female,22,West,Returning
CUST03692,2024-03-13,7,87223.5,293,1,1,1,3,Lost,Rahul Verma,Male,55,West,Returning
CUST03693,2024-07-21,14,637353.0,163,1,5,5,11,Loyal Customers,Sneha Yadav,Female,51,East,Returning
CUST03694,2024-10-05,11,746818.0,87,2,4,5,11,Loyal Customers,Arjun Mishra,Male,43,South,Returning
CUST03695,2024-10-10,12,793064.0,82,2,4,5,11,Loyal Customers,Amit Yadav,Male,18,Central,Returning
CUST03696,2024-12-11,8,347240.5,20,4,2,3,9,At Risk,Amit Sharma,Male,21,Central,New
CUST03697,2023-01-14,5,146208.0,717,1,1,1,3,Lost,Riya Pillai,Female,56,Central,Returning
CUST03698,2024-12-15,9,692304.0,16,5,3,5,13,Champions,Sneha Iyer,Female,43,East,New
CUST03699,2024-06-21,6,208157.5,193,1,1,2,4,Hibernating,Lakshmi Shah,Female,50,Central,New
CUST03700,2024-12-30,8,248982.0,1,5,2,2,9,At Risk,Aditya Mehta,Male,50,Central,Returning
CUST03701,2024-02-17,8,272515.0,318,1,2,2,5,Hibernating,Lakshmi Mishra,Female,25,South,Returning
CUST03702,2024-12-21,11,233383.0,10,5,4,2,11,Loyal Customers,Lakshmi Iyer,Female,37,East,New
CUST03703,2024-08-30,7,146201.5,123,2,1,1,4,Hibernating,Sai Mishra,Male,33,West,Returning
CUST03704,2024-10-12,11,300492.0,80,2,4,3,9,At Risk,Kavya Kumar,Female,38,East,New
CUST03705,2024-12-04,13,722623.5,27,4,5,5,14,Champions,Divya Jain,Female,62,North,New
CUST03706,2024-11-12,11,1129737.0,49,3,4,5,12,Loyal Customers,Pari Kumar,Female,43,East,Returning
CUST03707,2024-10-01,13,366606.5,91,2,5,3,10,Loyal Customers,Mahi Iyer,Female,40,South,Returning
CUST03708,2024-11-15,7,75612.0,46,3,1,1,5,Hibernating,Nikhil Das,Male,35,South,Returning
CUST03709,2024-12-06,5,187229.0,25,4,1,2,7,At Risk,Rohit Patel,Male,48,North,Returning
CUST03710,2024-07-28,14,1108833.0,156,1,5,5,11,Loyal Customers,Divya Yadav,Female,59,East,Returning
CUST03711,2024-11-25,8,249077.5,36,4,2,2,8,At Risk,Aditya Sharma,Male,29,South,New
CUST03712,2024-12-09,8,70089.0,22,4,2,1,7,At Risk,Kavya Nair,Female,18,Central,New
CUST03713,2024-12-26,7,86392.0,5,5,1,1,7,At Risk,Kavya Gupta,Female,59,West,Returning
CUST03714,2024-06-23,10,270192.0,191,1,3,2,6,Hibernating,Meera Chatterjee,Female,26,South,Returning
CUST03715,2024-06-07,5,147297.5,207,1,1,1,3,Lost,Divya Kumar,Female,20,West,Returning
CUST03716,2024-04-24,3,80684.0,251,1,1,1,3,Lost,Reyansh Gupta,Male,43,West,New
CUST03717,2024-11-17,10,59120.0,44,3,3,1,7,At Risk,Suresh Iyer,Male,26,North,New
CUST03718,2024-03-29,8,186488.0,277,1,2,2,5,Hibernating,Prateek Bose,Male,59,East,Returning
CUST03719,2024-12-21,12,622341.0,10,5,4,4,13,Champions,Vivaan Iyer,Male,33,South,New
CUST03720,2024-10-10,11,362041.0,82,2,4,3,9,At Risk,Deepak Iyer,Male,41,Central,New
CUST03721,2024-12-08,4,20109.0,23,4,1,1,6,Hibernating,Nikhil Shah,Male,31,East,New
CUST03722,2024-12-01,11,406854.5,30,4,4,3,11,Loyal Customers,Lakshmi Joshi,Female,20,West,New
CUST03723,2024-12-31,10,805649.0,0,5,3,5,13,Champions,Aadhya Sharma,Female,51,North,Returning
CUST03724,2024-10-14,14,964832.0,78,2,5,5,12,Loyal Customers,Arjun Nair,Male,50,South,Returning
CUST03725,2024-12-22,10,146665.5,9,5,3,1,9,At Risk,Ishaan Bose,Male,41,South,New
CUST03726,2024-11-14,8,515731.0,47,3,2,4,9,At Risk,Anika Iyer,Female,26,North,New
CUST03727,2023-12-30,9,119762.0,367,1,3,1,5,Hibernating,Ramesh Gupta,Male,30,West,Returning
CUST03728,2024-06-16,10,462020.0,198,1,3,4,8,At Risk,Nikhil Joshi,Male,19,West,New
CUST03729,2024-11-16,13,307138.0,45,3,5,3,11,Loyal Customers,Aarav Singh,Male,24,South,Returning
CUST03730,2024-12-03,12,899293.0,28,4,4,5,13,Champions,Pooja Bose,Female,38,North,Returning
CUST03731,2024-12-14,10,633046.0,17,5,3,5,13,Champions,Aditya Jain,Male,36,South,Returning
CUST03732,2024-11-20,12,141904.5,41,3,4,1,8,At Risk,Sneha Agarwal,Female,42,North,Returning
CUST03733,2024-10-12,11,302873.0,80,2,4,3,9,At Risk,Nikhil Agarwal,Male,64,North,New
CUST03734,2024-11-15,14,553059.0,46,3,5,4,12,Loyal Customers,Ramesh Nair,Male,39,Central,Returning
CUST03735,2024-12-04,12,265458.0,27,4,4,2,10,Loyal Customers,Nikhil Singh,Male,28,South,New
CUST03736,2024-12-22,13,211701.5,9,5,5,2,12,Loyal Customers,Amit Das,Male,50,South,New
CUST03737,2024-11-09,10,424575.5,52,3,3,3,9,At Risk,Divya Sharma,Female,49,North,New
CUST03738,2024-09-28,6,225306.0,94,2,1,2,5,Hibernating,Pooja Gupta,Female,38,South,Returning
CUST03739,2024-10-02,8,340082.5,90,2,2,3,7,At Risk,Divya Verma,Female,56,West,New
CUST03740,2024-12-18,13,546204.0,13,5,5,4,14,Champions,Navya Reddy,Female,37,East,New
CUST03741,2024-12-20,10,229712.0,11,5,3,2,10,Loyal Customers,Lakshmi Kumar,Female,25,East,Returning
CUST03742,2024-12-26,7,208308.0,5,5,1,2,8,At Risk,Sneha Gupta,Female,59,East,Returning
CUST03743,2024-12-12,15,1426464.0,19,4,5,5,14,Champions,Ananya Nair,Female,54,West,New
CUST03744,2024-09-14,8,648935.0,108,2,2,5,9,At Risk,Amit Mishra,Male,26,North,Returning
CUST03745,2024-01-25,7,213335.0,341,1,1,2,4,Hibernating,Amit Verma,Male,42,South,New
CUST03746,2024-10-20,14,285326.0,72,2,5,2,9,At Risk,Ishaan Iyer,Male,42,East,Returning
CUST03747,2024-12-28,7,124545.5,3,5,1,1,7,At Risk,Sonal Patel,Female,50,South,New
CUST03748,2024-12-13,8,328288.0,18,4,2,3,9,At Risk,Rahul Mehta,Male,19,East,Returning
CUST03749,2024-12-24,10,194392.0,7,5,3,2,10,Loyal Customers,Sai Singh,Male,36,Central,New
CUST03750,2024-11-20,14,617183.0,41,3,5,4,12,Loyal Customers,Simran Gupta,Female,63,West,Returning
CUST03751,2024-11-24,10,503852.0,37,4,3,4,11,Loyal Customers,Meera Reddy,Female,37,South,New
CUST03752,2024-01-11,7,243308.0,355,1,1,2,4,Hibernating,Priya Iyer,Female,59,North,New
CUST03753,2024-10-31,16,841095.0,61,3,5,5,13,Champions,Krishna Pillai,Male,58,North,New
CUST03754,2024-12-26,18,1143179.0,5,5,5,5,15,Champions,Anika Shah,Female,59,East,New
CUST03755,2023-12-08,9,61001.0,389,1,3,1,5,Hibernating,Deepak Pillai,Male,46,East,Returning
CUST03756,2024-10-28,8,153424.0,64,3,2,1,6,Hibernating,Arjun Sharma,Male,23,North,Returning
CUST03757,2024-12-25,14,822571.5,6,5,5,5,15,Champions,Arjun Das,Male,34,West,Returning
CUST03758,2024-10-19,11,515411.0,73,2,4,4,10,Loyal Customers,Ishaan Pillai,Male,42,West,Returning
CUST03759,2024-12-30,8,319052.0,1,5,2,3,10,Loyal Customers,Nikhil Mishra,Male,55,Central,Returning
CUST03760,2024-11-25,3,2120.0,36,4,1,1,6,Hibernating,Priya Gupta,Female,21,South,Returning
CUST03761,2024-10-22,8,357208.0,70,3,2,3,8,At Risk,Vihaan Mehta,Male,47,West,New
CUST03762,2024-12-08,10,217289.0,23,4,3,2,9,At Risk,Navya Das,Female,37,East,Returning
CUST03763,2024-12-12,10,549194.0,19,4,3,4,11,Loyal Customers,Ayaan Mehta,Male,20,Central,New
CUST03764,2024-11-22,11,522475.0,39,3,4,4,11,Loyal Customers,Prateek Jain,Male,40,North,Returning
CUST03765,2024-12-17,15,361569.0,14,5,5,3,13,Champions,Rahul Shah,Male,35,Central,Returning
CUST03766,2024-12-30,8,118060.0,1,5,2,1,8,At Risk,Prateek Singh,Male,43,North,Returning
CUST03767,2024-12-29,11,220673.0,2,5,4,2,11,Loyal Customers,Kavya Chatterjee,Female,53,East,Returning
CUST03768,2024-08-15,6,118781.0,138,2,1,1,4,Hibernating,Aditya Singh,Male,25,North,New
CUST03769,2024-08-31,8,393376.0,122,2,2,3,7,At Risk,Arjun Sharma,Male,34,North,Returning
CUST03770,2024-11-02,16,233612.0,59,3,5,2,10,Loyal Customers,Nikhil Pillai,Male,48,East,Returning
CUST03771,2024-10-28,4,19750.0,64,3,1,1,5,Hibernating,Ishaan Pillai,Male,54,North,Returning
CUST03772,2024-10-31,13,487477.0,61,3,5,4,12,Loyal Customers,Navya Chatterjee,Female,62,East,Returning
CUST03773,2024-11-24,11,637491.5,37,4,4,5,13,Champions,Manish Das,Male,50,North,Returning
CUST03774,2024-11-16,11,346760.0,45,3,4,3,10,Loyal Customers,Priya Gupta,Female,44,West,Returning
CUST03775,2024-10-24,9,408456.0,68,3,3,3,9,At Risk,Riya Sharma,Female,62,North,Returning
CUST03776,2024-10-18,8,162922.0,74,2,2,1,5,Hibernating,Anika Joshi,Female,21,East,Returning
CUST03777,2024-06-05,6,123982.0,209,1,1,1,3,Lost,Navya Kumar,Female,39,North,Returning
CUST03778,2024-11-10,12,569182.0,51,3,4,4,11,Loyal Customers,Ishita Iyer,Female,43,North,Returning
CUST03779,2024-12-27,17,912591.0,4,5,5,5,15,Champions,Navya Mehta,Female,49,East,Returning
CUST03780,2024-11-04,9,291615.0,57,3,3,3,9,At Risk,Navya Patel,Female,41,East,Returning
CUST03781,2024-09-18,4,182233.5,104,2,1,2,5,Hibernating,Ramesh Singh,Male,63,South,New
CUST03782,2024-12-21,17,915222.0,10,5,5,5,15,Champions,Aditya Sharma,Male,52,East,Returning
CUST03783,2024-12-31,13,724139.5,0,5,5,5,15,Champions,Nikhil Mishra,Male,54,East,Returning
CUST03784,2024-12-02,11,891111.0,29,4,4,5,13,Champions,Ananya Mehta,Female,49,North,New
CUST03785,2024-12-21,12,486782.5,10,5,4,4,13,Champions,Anika Verma,Female,24,South,New
CUST03786,2024-12-20,6,78728.0,11,5,1,1,7,At Risk,Rahul Agarwal,Male,50,North,New
CUST03787,2024-11-11,6,335555.0,50,3,1,3,7,At Risk,Ananya Bose,Female,48,East,Returning
CUST03788,2024-10-11,8,153507.0,81,2,2,1,5,Hibernating,Vihaan Nair,Male,29,East,New
CUST03789,2024-09-04,5,555296.5,118,2,1,4,7,At Risk,Vivaan Patel,Male,28,Central,Returning
CUST03790,2023-12-24,4,213215.0,373,1,1,2,4,Hibernating,Riya Sharma,Female,41,Central,Returning
CUST03791,2024-11-02,9,85159.0,59,3,3,1,7,At Risk,Vihaan Singh,Male,25,Central,Returning
CUST03792,2024-12-20,7,337794.0,11,5,1,3,9,At Risk,Manish Mehta,Male,49,East,New
CUST03793,2024-12-30,12,541914.0,1,5,4,4,13,Champions,Divya Mehta,Female,55,East,Returning
CUST03794,2024-07-25,11,510975.0,159,1,4,4,9,At Risk,Diya Pillai,Female,39,East,Returning
CUST03795,2024-12-14,14,228386.0,17,5,5,2,12,Loyal Customers,Aarav Patel,Male,51,Central,New
CUST03796,2024-05-22,8,325896.0,223,1,2,3,6,Hibernating,Navya Nair,Female,36,North,Returning
CUST03797,2024-11-17,17,235716.0,44,3,5,2,10,Loyal Customers,Deepak Pillai,Male,37,North,Returning
CUST03798,2024-12-06,6,429899.5,25,4,1,3,8,At Risk,Amit Gupta,Male,31,East,Returning
CUST03799,2024-08-20,7,324395.0,133,2,1,3,6,Hibernating,Rahul Jain,Male,50,East,Returning
CUST03800,2023-07-22,5,339456.0,528,1,1,3,5,Hibernating,Ishita Das,Female,27,East,New
CUST03801,2024-08-19,11,732917.5,134,2,4,5,11,Loyal Customers,Deepak Patel,Male,33,East,New
CUST03802,2024-12-15,14,191455.5,16,5,5,2,12,Loyal Customers,Anika Agarwal,Female,21,Central,New
CUST03803,2024-11-18,7,112133.0,43,3,1,1,5,Hibernating,Aadhya Das,Female,44,North,Returning
CUST03804,2024-09-07,5,200019.0,115,2,1,2,5,Hibernating,Mahi Mehta,Female,45,South,Returning
CUST03805,2024-05-02,5,502053.5,243,1,1,4,6,Hibernating,Ishaan Gupta,Male,60,West,Returning
CUST03806,2024-11-24,16,449214.5,37,4,5,4,13,Champions,Meera Sharma,Female,33,South,New
CUST03807,2024-10-27,8,622278.0,65,3,2,4,9,At Risk,Vihaan Mehta,Male,50,South,Returning
CUST03808,2024-12-30,13,139472.0,1,5,5,1,11,Loyal Customers,Rahul Bose,Male,36,Central,Returning
CUST03809,2024-03-01,11,636657.0,305,1,4,5,10,Loyal Customers,Amit Agarwal,Male,38,North,New
CUST03810,2024-12-01,9,62962.0,30,4,3,1,8,At Risk,Sai Chatterjee,Male,39,South,Returning
CUST03811,2024-07-18,15,362326.0,166,1,5,3,9,At Risk,Anika Gupta,Female,26,North,Returning
CUST03812,2024-12-04,15,950039.5,27,4,5,5,14,Champions,Amit Yadav,Male,26,North,New
CUST03813,2024-12-23,8,120174.0,8,5,2,1,8,At Risk,Ramesh Mehta,Male,26,North,New
CUST03814,2024-10-03,14,832337.0,89,2,5,5,12,Loyal Customers,Sonal Joshi,Female,44,North,New
CUST03815,2024-11-30,12,622216.0,31,4,4,4,12,Loyal Customers,Ramesh Singh,Male,34,South,New
CUST03816,2024-12-01,12,513898.0,30,4,4,4,12,Loyal Customers,Priya Singh,Female,61,East,Returning
CUST03817,2024-01-11,10,219027.0,355,1,3,2,6,Hibernating,Kiran Singh,Male,62,North,New
CUST03818,2024-12-04,11,164024.0,27,4,4,1,9,At Risk,Sonal Kumar,Female,25,North,New
CUST03819,2024-11-27,9,537842.0,34,4,3,4,11,Loyal Customers,Nisha Pillai,Female,33,West,Returning
CUST03820,2024-11-24,9,896747.0,37,4,3,5,12,Loyal Customers,Ishaan Shah,Male,35,South,New
CUST03821,2024-05-19,8,376020.0,226,1,2,3,6,Hibernating,Vivaan Patel,Male,50,East,Returning
CUST03822,2024-03-18,9,491715.0,288,1,3,4,8,At Risk,Rohit Bose,Male,18,Central,Returning
CUST03823,2024-12-24,13,251359.0,7,5,5,2,12,Loyal Customers,Anika Yadav,Female,29,Central,Returning
CUST03824,2024-12-11,6,88057.0,20,4,1,1,6,Hibernating,Ishaan Chatterjee,Male,23,West,Returning
CUST03825,2024-11-29,10,680213.0,32,4,3,5,12,Loyal Customers,Manish Iyer,Male,58,South,New
CUST03826,2024-12-19,8,190849.0,12,5,2,2,9,At Risk,Kiran Joshi,Male,22,Central,Returning
CUST03827,2024-12-12,7,381371.5,19,4,1,3,8,At Risk,Prateek Mishra,Male,33,South,New
CUST03828,2024-11-15,17,1065679.0,46,3,5,5,13,Champions,Ishaan Mishra,Male,35,West,Returning
CUST03829,2024-12-18,9,126864.0,13,5,3,1,9,At Risk,Mahi Patel,Female,35,West,Returning
CUST03830,2024-08-06,10,263056.0,147,2,3,2,7,At Risk,Nikhil Pillai,Male,18,East,New
CUST03831,2023-04-07,7,389129.0,634,1,1,3,5,Hibernating,Sai Sharma,Male,36,North,Returning
CUST03832,2024-11-29,10,195913.0,32,4,3,2,9,At Risk,Nisha Singh,Female,25,South,New
CUST03833,2024-12-22,10,73687.0,9,5,3,1,9,At Risk,Anjali Chatterjee,Female,20,West,Returning
CUST03834,2024-07-03,6,139467.0,181,1,1,1,3,Lost,Rahul Patel,Male,42,North,New
CUST03835,2024-10-16,12,461080.0,76,2,4,4,10,Loyal Customers,Vihaan Kumar,Male,22,South,Returning
CUST03836,2024-11-13,8,216391.0,48,3,2,2,7,At Risk,Suresh Yadav,Male,57,South,New
CUST03837,2024-11-23,12,1027171.0,38,4,4,5,13,Champions,Divya Singh,Female,36,Central,Returning
CUST03838,2024-04-22,7,96053.5,253,1,1,1,3,Lost,Sai Patel,Male,35,South,Returning
CUST03839,2024-12-23,15,262924.0,8,5,5,2,12,Loyal Customers,Sneha Mehta,Female,48,West,Returning
CUST03840,2023-08-29,5,173382.0,490,1,1,2,4,Hibernating,Priya Mehta,Female,50,North,New
CUST03841,2024-12-22,6,172529.0,9,5,1,2,8,At Risk,Manish Yadav,Male,64,South,Returning
CUST03842,2024-08-29,8,381765.0,124,2,2,3,7,At Risk,Vihaan Joshi,Male,35,North,New
CUST03843,2024-12-26,11,297676.0,5,5,4,3,12,Loyal Customers,Ramesh Bose,Male,56,East,Returning
CUST03844,2024-08-19,9,61935.0,134,2,3,1,6,Hibernating,Krishna Agarwal,Male,33,South,New
CUST03845,2024-10-19,10,494162.5,73,2,3,4,9,At Risk,Deepak Nair,Male,33,West,New
CUST03846,2024-08-22,10,378338.0,131,2,3,3,8,At Risk,Anjali Pillai,Female,64,Central,Returning
CUST03847,2024-12-21,4,483744.0,10,5,1,4,10,Loyal Customers,Nisha Jain,Female,55,West,New
CUST03848,2024-10-29,8,179815.5,63,3,2,2,7,At Risk,Anjali Bose,Female,58,South,Returning
CUST03849,2023-12-11,10,239230.0,386,1,3,2,6,Hibernating,Sonal Nair,Female,24,South,New
CUST03850,2024-12-12,11,473681.5,19,4,4,4,12,Loyal Customers,Arjun Chatterjee,Male,31,South,New
CUST03851,2024-12-23,10,134634.5,8,5,3,1,9,At Risk,Vihaan Singh,Male,60,West,Returning
CUST03852,2024-12-02,12,225101.0,29,4,4,2,10,Loyal Customers,Krishna Bose,Male,42,East,New
CUST03853,2024-07-31,12,353776.0,153,1,4,3,8,At Risk,Nisha Joshi,Female,49,North,New
CUST03854,2024-06-07,8,493021.5,207,1,2,4,7,At Risk,Navya Sharma,Female,55,East,Returning
CUST03855,2024-11-27,9,239135.0,34,4,3,2,9,At Risk,Anika Verma,Female,39,Central,Returning
CUST03856,2024-10-31,5,389745.0,61,3,1,3,7,At Risk,Aditya Bose,Male,33,West,Returning
CUST03857,2024-12-22,16,491945.0,9,5,5,4,14,Champions,Aarav Gupta,Male,46,East,New
CUST03858,2024-11-08,8,757122.0,53,3,2,5,10,Loyal Customers,Anjali Jain,Female,33,West,New
CUST03859,2024-11-09,14,458126.0,52,3,5,4,12,Loyal Customers,Rohit Kumar,Male,29,West,Returning
CUST03860,2024-12-08,7,498329.0,23,4,1,4,9,At Risk,Riya Jain,Female,34,West,Returning
CUST03861,2024-12-28,13,859698.5,3,5,5,5,15,Champions,Simran Singh,Female,54,East,New
CUST03862,2023-12-14,4,60817.0,383,1,1,1,3,Lost,Pari Das,Female,44,East,Returning
CUST03863,2024-11-29,6,58752.0,32,4,1,1,6,Hibernating,Nikhil Chatterjee,Male,42,South,New
CUST03864,2024-10-25,13,137174.0,67,3,5,1,9,At Risk,Reyansh Iyer,Male,30,West,New
CUST03865,2024-12-09,9,554499.5,22,4,3,4,11,Loyal Customers,Nikhil Bose,Male,25,West,New
CUST03866,2024-06-24,12,630033.5,190,1,4,5,10,Loyal Customers,Rahul Nair,Male,22,South,Returning
CUST03867,2024-11-13,12,451961.0,48,3,4,4,11,Loyal Customers,Prateek Reddy,Male,29,South,New
CUST03868,2024-10-14,10,743761.0,78,2,3,5,10,Loyal Customers,Meera Shah,Female,58,South,Returning
CUST03869,2024-09-02,16,783761.0,120,2,5,5,12,Loyal Customers,Aadhya Verma,Female,20,East,Returning
CUST03870,2024-12-09,13,372860.5,22,4,5,3,12,Loyal Customers,Ramesh Singh,Male,52,West,New
CUST03871,2024-12-29,12,490560.0,2,5,4,4,13,Champions,Suresh Chatterjee,Male,50,North,Returning
CUST03872,2024-12-28,9,393510.5,3,5,3,3,11,Loyal Customers,Rohit Yadav,Male,39,East,New
CUST03873,2024-12-12,6,263992.0,19,4,1,2,7,At Risk,Kiran Chatterjee,Male,61,North,Returning
CUST03874,2024-12-07,12,590912.0,24,4,4,4,12,Loyal Customers,Ananya Verma,Female,26,North,New
CUST03875,2024-12-07,10,703463.5,24,4,3,5,12,Loyal Customers,Sai Shah,Male,58,Central,New
CUST03876,2024-10-01,9,740331.0,91,2,3,5,10,Loyal Customers,Ishaan Gupta,Male,35,North,New
CUST03877,2024-12-25,10,215366.0,6,5,3,2,10,Loyal Customers,Nikhil Mishra,Male,46,Central,New
CUST03878,2024-11-24,9,373064.5,37,4,3,3,10,Loyal Customers,Navya Iyer,Female,56,North,New
CUST03879,2024-10-29,11,222007.5,63,3,4,2,9,At Risk,Anjali Bose,Female,44,Central,New
CUST03880,2023-11-17,4,183197.0,410,1,1,2,4,Hibernating,Vihaan Agarwal,Male,53,East,Returning
CUST03881,2024-10-26,11,541840.5,66,3,4,4,11,Loyal Customers,Nikhil Shah,Male,62,West,New
CUST03882,2024-05-12,8,623076.0,233,1,2,4,7,At Risk,Meera Agarwal,Female,34,North,New
CUST03883,2024-02-04,3,23914.0,331,1,1,1,3,Lost,Nisha Bose,Female,51,North,Returning
CUST03884,2024-11-14,14,541478.0,47,3,5,4,12,Loyal Customers,Prateek Gupta,Male,63,South,Returning
CUST03885,2024-04-21,10,340487.0,254,1,3,3,7,At Risk,Sonal Verma,Female,20,North,Returning
CUST03886,2024-11-06,7,38262.0,55,3,1,1,5,Hibernating,Anjali Nair,Female,22,East,New
CUST03887,2024-10-09,6,47236.0,83,2,1,1,4,Hibernating,Nisha Agarwal,Female,31,North,Returning
CUST03888,2024-11-19,6,183003.0,42,3,1,2,6,Hibernating,Anjali Jain,Female,20,East,New
CUST03889,2024-12-05,7,382918.0,26,4,1,3,8,At Risk,Sneha Iyer,Female,40,East,Returning
CUST03890,2024-12-19,10,439537.0,12,5,3,4,12,Loyal Customers,Rohit Verma,Male,56,East,Returning
CUST03891,2024-10-06,4,341626.0,86,2,1,3,6,Hibernating,Aadhya Agarwal,Female,47,West,Returning
CUST03892,2024-10-12,7,401695.5,80,2,1,3,6,Hibernating,Vivaan Kumar,Male,62,South,New
CUST03893,2024-12-27,17,538430.5,4,5,5,4,14,Champions,Sneha Pillai,Female,40,South,Returning
CUST03894,2024-09-12,8,145612.0,110,2,2,1,5,Hibernating,Deepak Sharma,Male,44,South,Returning
CUST03895,2024-12-07,12,808655.0,24,4,4,5,13,Champions,Priya Yadav,Female,27,East,Returning
CUST03896,2024-12-20,9,110568.0,11,5,3,1,9,At Risk,Anika Mishra,Female,42,North,Returning
CUST03897,2024-10-10,5,512426.0,82,2,1,4,7,At Risk,Amit Pillai,Male,30,North,Returning
CUST03898,2024-10-21,8,424666.0,71,2,2,3,7,At Risk,Kavya Pillai,Female,33,South,Returning
CUST03899,2024-10-13,9,169968.0,79,2,3,2,7,At Risk,Vivaan Joshi,Male,58,South,Returning
CUST03900,2024-11-14,6,168208.0,47,3,1,1,5,Hibernating,Ishita Joshi,Female,51,South,Returning
CUST03901,2024-07-25,6,202058.0,159,1,1,2,4,Hibernating,Ishaan Agarwal,Male,54,Central,New
CUST03902,2024-11-09,15,904273.0,52,3,5,5,13,Champions,Aditya Patel,Male,39,West,Returning
CUST03903,2024-12-31,12,471016.0,0,5,4,4,13,Champions,Riya Singh,Female,34,South,New
CUST03904,2024-11-13,13,213302.0,48,3,5,2,10,Loyal Customers,Rohit Gupta,Male,40,Central,Returning
CUST03905,2024-10-03,11,181158.0,89,2,4,2,8,At Risk,Aadhya Shah,Female,53,East,New
CUST03906,2024-07-21,10,557446.0,163,1,3,4,8,At Risk,Rohit Verma,Male,26,South,Returning
CUST03907,2024-10-03,10,581741.0,89,2,3,4,9,At Risk,Kiran Mishra,Male,19,West,Returning
CUST03908,2024-09-07,12,936196.5,115,2,4,5,11,Loyal Customers,Deepak Das,Male,49,West,New
CUST03909,2024-11-12,8,78494.0,49,3,2,1,6,Hibernating,Kavya Nair,Female,39,South,Returning
CUST03910,2024-06-29,10,414455.0,185,1,3,3,7,At Risk,Aarav Bose,Male,60,West,Returning
CUST03911,2024-11-08,10,813763.0,53,3,3,5,11,Loyal Customers,Deepak Sharma,Male,30,South,New
CUST03912,2024-02-03,7,125605.0,332,1,1,1,3,Lost,Rohit Yadav,Male,25,North,Returning
CUST03913,2024-01-13,4,34271.0,353,1,1,1,3,Lost,Deepak Yadav,Male,18,South,Returning
CUST03914,2024-12-22,9,413595.0,9,5,3,3,11,Loyal Customers,Priya Agarwal,Female,34,South,New
CUST03915,2024-12-03,9,365175.5,28,4,3,3,10,Loyal Customers,Anika Bose,Female,29,North,Returning
CUST03916,2024-12-02,8,128278.0,29,4,2,1,7,At Risk,Vihaan Mehta,Male,21,West,Returning
CUST03917,2024-08-28,8,430626.5,125,2,2,3,7,At Risk,Priya Bose,Female,30,South,Returning
CUST03918,2024-12-12,10,298933.0,19,4,3,3,10,Loyal Customers,Rahul Reddy,Male,48,North,Returning
CUST03919,2024-05-03,6,266832.0,242,1,1,2,4,Hibernating,Diya Jain,Female,58,Central,Returning
CUST03920,2024-12-30,11,379984.0,1,5,4,3,12,Loyal Customers,Riya Pillai,Female,24,West,Returning
CUST03921,2023-09-30,8,442218.0,458,1,2,4,7,At Risk,Kavya Mehta,Female,40,North,Returning
CUST03922,2024-07-27,13,739038.0,157,1,5,5,11,Loyal Customers,Nikhil Patel,Male,41,East,Returning
CUST03923,2024-09-22,6,430384.0,100,2,1,3,6,Hibernating,Meera Mehta,Female,22,North,New
CUST03924,2024-05-22,9,696890.0,223,1,3,5,9,At Risk,Ishaan Nair,Male,22,East,New
CUST03925,2024-11-26,9,309402.5,35,4,3,3,10,Loyal Customers,Ananya Iyer,Female,34,West,Returning
CUST03926,2024-12-25,10,259988.0,6,5,3,2,10,Loyal Customers,Deepak Yadav,Male,47,Central,Returning
CUST03927,2024-09-04,7,162270.5,118,2,1,1,4,Hibernating,Ishita Jain,Female,26,West,New
CUST03928,2024-12-24,15,805615.0,7,5,5,5,15,Champions,Pari Agarwal,Female,23,North,New
CUST03929,2024-12-20,11,518538.0,11,5,4,4,13,Champions,Anika Agarwal,Female,42,East,Returning
CUST03930,2024-10-07,7,251774.0,85,2,1,2,5,Hibernating,Rohit Nair,Male,36,South,New
CUST03931,2024-11-14,10,339299.0,47,3,3,3,9,At Risk,Pari Agarwal,Female,33,South,New
CUST03932,2024-12-03,13,381817.0,28,4,5,3,12,Loyal Customers,Rahul Bose,Male,38,East,New
CUST03933,2024-06-06,9,101675.0,208,1,3,1,5,Hibernating,Kavya Mehta,Female,19,North,Returning
CUST03934,2024-11-23,9,115404.0,38,4,3,1,8,At Risk,Amit Patel,Male,27,West,Returning
CUST03935,2024-10-21,10,493426.0,71,2,3,4,9,At Risk,Ishaan Das,Male,33,North,New
CUST03936,2024-08-19,6,127091.0,134,2,1,1,4,Hibernating,Ishaan Mishra,Male,54,South,New
CUST03937,2024-07-20,15,299838.0,164,1,5,3,9,At Risk,Prateek Reddy,Male,32,West,Returning
CUST03938,2024-12-17,13,370493.0,14,5,5,3,13,Champions,Reyansh Mishra,Male,30,South,Returning
CUST03939,2024-12-29,10,1080746.0,2,5,3,5,13,Champions,Suresh Nair,Male,30,East,Returning
CUST03940,2024-11-25,14,849450.5,36,4,5,5,14,Champions,Manish Das,Male,49,North,New
CUST03941,2024-12-17,8,195643.0,14,5,2,2,9,At Risk,Lakshmi Shah,Female,62,North,Returning
CUST03942,2024-11-27,13,460806.0,34,4,5,4,13,Champions,Diya Sharma,Female,64,North,Returning
CUST03943,2024-11-09,17,1222825.0,52,3,5,5,13,Champions,Rahul Gupta,Male,63,West,New
CUST03944,2024-11-23,7,650314.0,38,4,1,5,10,Loyal Customers,Deepak Bose,Male,25,North,Returning
CUST03945,2024-11-23,5,106160.5,38,4,1,1,6,Hibernating,Reyansh Chatterjee,Male,60,South,New
CUST03946,2024-10-17,10,143882.0,75,2,3,1,6,Hibernating,Krishna Shah,Male,35,Central,New
CUST03947,2024-12-01,14,363871.5,30,4,5,3,12,Loyal Customers,Simran Mishra,Female,53,Central,New
CUST03948,2024-12-22,8,93917.5,9,5,2,1,8,At Risk,Divya Verma,Female,43,North,Returning
CUST03949,2024-11-21,14,743881.5,40,3,5,5,13,Champions,Rahul Mehta,Male,27,North,New
CUST03950,2024-11-24,7,255269.5,37,4,1,2,7,At Risk,Amit Chatterjee,Male,48,West,New
CUST03951,2024-10-12,12,427405.0,80,2,4,3,9,At Risk,Arjun Joshi,Male,50,North,New
CUST03952,2024-07-27,12,411293.0,157,1,4,3,8,At Risk,Navya Iyer,Female,46,West,New
CUST03953,2024-11-08,6,154354.0,53,3,1,1,5,Hibernating,Kavya Mishra,Female,22,West,Returning
CUST03954,2024-12-13,10,597676.0,18,4,3,4,11,Loyal Customers,Rohit Patel,Male,30,South,New
CUST03955,2024-11-28,12,185549.5,33,4,4,2,10,Loyal Customers,Reyansh Mishra,Male,18,North,New
CUST03956,2024-08-26,6,616913.0,127,2,1,4,7,At Risk,Pooja Iyer,Female,40,South,Returning
CUST03957,2024-12-07,9,626058.0,24,4,3,4,11,Loyal Customers,Diya Nair,Female,57,West,Returning
CUST03958,2024-05-09,9,341381.0,236,1,3,3,7,At Risk,Manish Joshi,Male,20,South,Returning
CUST03959,2024-12-28,11,413966.0,3,5,4,3,12,Loyal Customers,Suresh Joshi,Male,20,West,New
CUST03960,2024-12-14,13,459072.0,17,5,5,4,14,Champions,Vihaan Kumar,Male,24,South,Returning
CUST03961,2023-12-04,13,465888.0,393,1,5,4,10,Loyal Customers,Mahi Sharma,Female,53,North,New
CUST03962,2024-12-31,9,67847.5,0,5,3,1,9,At Risk,Ayaan Iyer,Male,52,North,New
CUST03963,2024-04-05,8,163932.0,270,1,2,1,4,Hibernating,Kiran Bose,Male,32,East,Returning
CUST03964,2024-09-15,8,291998.0,107,2,2,3,7,At Risk,Meera Mishra,Female,57,West,Returning
CUST03965,2024-12-21,8,411922.0,10,5,2,3,10,Loyal Customers,Ramesh Verma,Male,20,North,Returning
CUST03966,2024-12-03,16,733745.0,28,4,5,5,14,Champions,Mahi Gupta,Female,46,West,New
CUST03967,2024-10-27,9,238134.0,65,3,3,2,8,At Risk,Krishna Kumar,Male,47,Central,Returning
CUST03968,2024-12-29,15,542159.5,2,5,5,4,14,Champions,Aarav Nair,Male,56,South,New
CUST03969,2024-12-26,10,202153.0,5,5,3,2,10,Loyal Customers,Pooja Shah,Female,35,East,Returning
CUST03970,2024-11-22,14,388053.0,39,3,5,3,11,Loyal Customers,Sai Verma,Male,28,Central,New
CUST03971,2024-01-16,11,244805.0,350,1,4,2,7,At Risk,Nisha Sharma,Female,60,North,New
CUST03972,2024-11-25,7,207229.0,36,4,1,2,7,At Risk,Vivaan Patel,Male,55,Central,Returning
CUST03973,2024-12-22,12,357443.0,9,5,4,3,12,Loyal Customers,Rohit Jain,Male,57,North,Returning
CUST03974,2024-11-13,13,1449221.0,48,3,5,5,13,Champions,Riya Patel,Female,18,South,Returning
CUST03975,2024-11-22,13,949292.0,39,3,5,5,13,Champions,Ramesh Pillai,Male,46,South,Returning
CUST03976,2024-12-02,9,245017.0,29,4,3,2,9,At Risk,Pari Yadav,Female,27,South,Returning
CUST03977,2024-08-30,10,192885.0,123,2,3,2,7,At Risk,Arjun Joshi,Male,45,North,Returning
CUST03978,2024-07-15,7,341064.0,169,1,1,3,5,Hibernating,Vihaan Agarwal,Male,48,West,Returning
CUST03979,2024-10-16,15,662984.5,76,2,5,5,12,Loyal Customers,Rahul Singh,Male,36,West,Returning
CUST03980,2024-12-28,10,412409.0,3,5,3,3,11,Loyal Customers,Rahul Agarwal,Male,20,East,New
CUST03981,2024-09-21,9,226204.0,101,2,3,2,7,At Risk,Sonal Nair,Female,53,West,New
CUST03982,2024-05-28,9,45024.5,217,1,3,1,5,Hibernating,Nisha Patel,Female,60,East,Returning
CUST03983,2024-10-31,10,321409.0,61,3,3,3,9,At Risk,Ayaan Jain,Male,32,North,Returning
CUST03984,2024-11-30,11,780551.0,31,4,4,5,13,Champions,Vihaan Reddy,Male,50,North,New
CUST03985,2024-12-23,14,778876.0,8,5,5,5,15,Champions,Priya Agarwal,Female,58,West,New
CUST03986,2024-08-09,15,655245.5,144,2,5,5,12,Loyal Customers,Anjali Joshi,Female,60,East,Returning
CUST03987,2024-12-23,11,313552.0,8,5,4,3,12,Loyal Customers,Ramesh Mehta,Male,62,East,Returning
CUST03988,2024-11-22,7,112171.0,39,3,1,1,5,Hibernating,Arjun Singh,Male,43,East,Returning
CUST03989,2024-10-23,10,298313.0,69,3,3,3,9,At Risk,Sai Mehta,Male,33,East,New
CUST03990,2024-11-28,11,615522.0,33,4,4,4,12,Loyal Customers,Pooja Chatterjee,Female,53,South,Returning
CUST03991,2024-10-06,13,357579.0,86,2,5,3,10,Loyal Customers,Ramesh Nair,Male,50,East,New
CUST03992,2024-04-22,13,786168.0,253,1,5,5,11,Loyal Customers,Deepak Verma,Male,37,North,New
CUST03993,2024-12-19,11,391045.0,12,5,4,3,12,Loyal Customers,Nisha Shah,Female,30,East,New
CUST03994,2024-11-22,13,1316561.5,39,3,5,5,13,Champions,Amit Singh,Male,50,North,Returning
CUST03995,2024-10-09,12,551632.5,83,2,4,4,10,Loyal Customers,Rohit Shah,Male,22,West,Returning
CUST03996,2024-07-21,13,1181929.5,163,1,5,5,11,Loyal Customers,Ramesh Bose,Male,54,East,Returning
CUST03997,2024-12-05,15,379539.5,26,4,5,3,12,Loyal Customers,Ayaan Nair,Male,31,West,New
CUST03998,2024-02-28,5,76027.0,307,1,1,1,3,Lost,Arjun Pillai,Male,44,South,Returning
CUST03999,2024-12-12,9,462390.0,19,4,3,4,11,Loyal Customers,Nikhil Pillai,Male,40,North,Returning
CUST04000,2024-10-09,13,286773.0,83,2,5,2,9,At Risk,Ishaan Sharma,Male,31,South,Returning
CUST04001,2023-12-27,5,249252.0,370,1,1,2,4,Hibernating,Simran Verma,Female,57,North,Returning
CUST04002,2024-11-27,9,557938.0,34,4,3,4,11,Loyal Customers,Ananya Joshi,Female,21,Central,New
CUST04003,2024-10-27,9,314629.0,65,3,3,3,9,At Risk,Pooja Shah,Female,56,East,Returning
CUST04004,2024-11-20,12,168821.0,41,3,4,2,9,At Risk,Suresh Iyer,Male,36,West,Returning
CUST04005,2024-02-10,6,68237.0,325,1,1,1,3,Lost,Amit Singh,Male,64,North,Returning
CUST04006,2024-10-11,6,60831.0,81,2,1,1,4,Hibernating,Prateek Joshi,Male,21,West,Returning
CUST04007,2024-08-26,6,188660.0,127,2,1,2,5,Hibernating,Kiran Yadav,Male,47,West,New
CUST04008,2024-12-19,13,471734.0,12,5,5,4,14,Champions,Aarav Yadav,Male,36,East,Returning
CUST04009,2024-10-30,10,365092.0,62,3,3,3,9,At Risk,Pooja Iyer,Female,48,North,Returning
CUST04010,2024-09-29,13,548620.5,93,2,5,4,11,Loyal Customers,Aditya Joshi,Male,48,North,New
CUST04011,2024-11-17,17,962940.5,44,3,5,5,13,Champions,Ishaan Mehta,Male,26,East,Returning
CUST04012,2024-02-07,5,346904.0,328,1,1,3,5,Hibernating,Sai Chatterjee,Male,30,East,New
CUST04013,2024-12-20,12,731766.5,11,5,4,5,14,Champions,Priya Mishra,Female,31,North,New
CUST04014,2024-10-05,5,80830.5,87,2,1,1,4,Hibernating,Vivaan Nair,Male,63,East,Returning
CUST04015,2024-03-12,20,762728.0,294,1,5,5,11,Loyal Customers,Pari Bose,Female,27,East,Returning
CUST04016,2024-11-04,9,255796.0,57,3,3,2,8,At Risk,Nikhil Mishra,Male,48,East,New
CUST04017,2024-06-21,10,398666.5,193,1,3,3,7,At Risk,Priya Mishra,Female,54,South,New
CUST04018,2024-12-21,12,390437.0,10,5,4,3,12,Loyal Customers,Anika Gupta,Female,40,East,New
CUST04019,2024-12-30,13,250537.0,1,5,5,2,12,Loyal Customers,Krishna Das,Male,44,North,New
CUST04020,2024-12-02,10,494404.0,29,4,3,4,11,Loyal Customers,Aditya Pillai,Male,23,South,New
CUST04021,2024-10-13,9,181630.0,79,2,3,2,7,At Risk,Ramesh Jain,Male,43,South,New
CUST04022,2024-07-16,9,493120.0,168,1,3,4,8,At Risk,Prateek Reddy,Male,19,North,New
CUST04023,2024-11-15,8,238660.0,46,3,2,2,7,At Risk,Lakshmi Sharma,Female,62,South,Returning
CUST04024,2024-12-19,8,212373.0,12,5,2,2,9,At Risk,Ananya Gupta,Female,30,North,Returning
CUST04025,2024-12-28,12,708344.0,3,5,4,5,14,Champions,Lakshmi Kumar,Female,36,East,Returning
CUST04026,2023-10-12,8,216210.0,446,1,2,2,5,Hibernating,Aadhya Yadav,Female,18,West,Returning
CUST04027,2024-12-14,10,902375.0,17,5,3,5,13,Champions,Reyansh Iyer,Male,57,North,New
CUST04028,2024-12-21,16,475493.5,10,5,5,4,14,Champions,Rohit Agarwal,Male,49,East,Returning
CUST04029,2024-04-04,9,280629.0,271,1,3,2,6,Hibernating,Pari Singh,Female,39,West,Returning
CUST04030,2024-12-11,12,710671.0,20,4,4,5,13,Champions,Sai Joshi,Male,46,West,Returning
CUST04031,2024-10-11,11,1058789.0,81,2,4,5,11,Loyal Customers,Sonal Kumar,Female,19,North,New
CUST04032,2024-02-08,4,361700.0,327,1,1,3,5,Hibernating,Manish Mishra,Male,57,Central,New
CUST04033,2024-12-14,7,82433.0,17,5,1,1,7,At Risk,Rohit Chatterjee,Male,55,East,Returning
CUST04034,2024-11-19,8,174450.0,42,3,2,2,7,At Risk,Nisha Kumar,Female,28,South,Returning
CUST04035,2024-09-08,7,64179.0,114,2,1,1,4,Hibernating,Krishna Gupta,Male,34,Central,Returning
CUST04036,2024-12-11,8,510747.0,20,4,2,4,10,Loyal Customers,Divya Reddy,Female,60,Central,New
CUST04037,2024-10-28,13,257393.0,64,3,5,2,10,Loyal Customers,Riya Mehta,Female,25,East,New
CUST04038,2024-03-11,9,889036.0,295,1,3,5,9,At Risk,Pari Mishra,Female,39,South,Returning
CUST04039,2024-08-06,13,393740.0,147,2,5,3,10,Loyal Customers,Sneha Gupta,Female,21,Central,Returning
CUST04040,2024-12-22,7,82338.0,9,5,1,1,7,At Risk,Anjali Yadav,Female,28,East,New
CUST04041,2024-10-16,11,256492.0,76,2,4,2,8,At Risk,Divya Joshi,Female,25,West,Returning
CUST04042,2024-10-15,11,1048276.0,77,2,4,5,11,Loyal Customers,Aarav Sharma,Male,26,East,New
CUST04043,2024-11-30,15,541767.0,31,4,5,4,13,Champions,Prateek Jain,Male,43,South,Returning
CUST04044,2024-10-27,9,467192.0,65,3,3,4,10,Loyal Customers,Ishita Patel,Female,19,East,Returning
CUST04045,2024-11-23,21,1855691.5,38,4,5,5,14,Champions,Kiran Mehta,Male,33,Central,Returning
CUST04046,2024-08-03,8,348588.0,150,1,2,3,6,Hibernating,Krishna Gupta,Male,48,East,New
CUST04047,2024-08-16,7,40223.5,137,2,1,1,4,Hibernating,Vivaan Yadav,Male,23,East,New
CUST04048,2024-12-02,10,709335.0,29,4,3,5,12,Loyal Customers,Simran Mishra,Female,38,Central,Returning
CUST04049,2024-11-15,11,232566.0,46,3,4,2,9,At Risk,Simran Nair,Female,43,East,New
CUST04050,2024-11-25,10,71184.5,36,4,3,1,8,At Risk,Arjun Patel,Male,36,East,Returning
CUST04051,2024-12-17,10,114674.0,14,5,3,1,9,At Risk,Sneha Gupta,Female,45,East,Returning
CUST04052,2024-12-23,7,285261.0,8,5,2,2,9,At Risk,Divya Singh,Female,25,North,New
CUST04053,2024-12-02,14,327120.0,29,4,5,3,12,Loyal Customers,Aadhya Das,Female,31,South,Returning
CUST04054,2024-12-10,15,325166.0,21,4,5,3,12,Loyal Customers,Kavya Chatterjee,Female,41,North,New
CUST04055,2024-10-22,16,140184.5,70,3,5,1,9,At Risk,Nisha Singh,Female,61,South,Returning
CUST04056,2024-12-31,12,719004.0,0,5,4,5,14,Champions,Ayaan Mehta,Male,54,North,Returning
CUST04057,2024-07-23,7,561633.0,161,1,2,4,7,At Risk,Mahi Nair,Female,43,West,Returning
CUST04058,2024-12-23,9,363417.0,8,5,3,3,11,Loyal Customers,Ishaan Bose,Male,48,North,New
CUST04059,2024-10-12,11,548862.0,80,2,4,4,10,Loyal Customers,Anjali Kumar,Female,49,West,Returning
CUST04060,2024-11-06,13,304597.0,55,3,5,3,11,Loyal Customers,Kavya Mehta,Female,58,South,Returning
CUST04061,2024-12-18,6,151020.0,13,5,1,1,7,At Risk,Manish Mehta,Male,19,South,New
CUST04062,2024-12-10,10,540392.0,21,4,3,4,11,Loyal Customers,Ishaan Mehta,Male,42,North,New
CUST04063,2024-12-02,16,379326.5,29,4,5,3,12,Loyal Customers,Kavya Gupta,Female,61,North,New
CUST04064,2024-01-25,6,153653.0,341,1,1,1,3,Lost,Ramesh Kumar,Male,19,East,Returning
CUST04065,2023-06-04,5,400435.0,576,1,1,3,5,Hibernating,Aadhya Iyer,Female,59,North,Returning
CUST04066,2024-12-18,10,1063018.0,13,5,3,5,13,Champions,Krishna Joshi,Male,18,South,Returning
CUST04067,2024-09-09,5,486680.0,113,2,1,4,7,At Risk,Manish Chatterjee,Male,53,West,Returning
CUST04068,2024-10-08,16,998659.0,84,2,5,5,12,Loyal Customers,Ishita Pillai,Female,29,East,Returning
CUST04069,2024-02-22,12,597857.0,313,1,4,4,9,At Risk,Divya Chatterjee,Female,26,North,New
CUST04070,2024-12-19,10,233731.0,12,5,3,2,10,Loyal Customers,Pari Sharma,Female,53,West,New
CUST04071,2024-11-22,8,296491.0,39,3,2,3,8,At Risk,Nikhil Kumar,Male,58,North,New
CUST04072,2024-09-02,11,225334.0,120,2,4,2,8,At Risk,Priya Yadav,Female,45,East,Returning
CUST04073,2024-11-21,11,168559.0,40,3,4,1,8,At Risk,Mahi Yadav,Female,55,West,Returning
CUST04074,2024-09-17,7,707211.5,105,2,2,5,9,At Risk,Kavya Jain,Female,50,Central,Returning
CUST04075,2024-07-11,3,427190.0,173,1,1,3,5,Hibernating,Pooja Patel,Female,59,North,New
CUST04076,2024-07-12,14,399870.0,172,1,5,3,9,At Risk,Anika Shah,Female,63,South,Returning
CUST04077,2024-05-12,10,197165.5,233,1,3,2,6,Hibernating,Vivaan Verma,Male,39,West,Returning
CUST04078,2024-05-14,9,275902.0,231,1,3,2,6,Hibernating,Rohit Joshi,Male,42,West,Returning
CUST04079,2024-12-18,13,704100.0,13,5,5,5,15,Champions,Nisha Pillai,Female,35,Central,Returning
CUST04080,2023-12-22,10,296627.0,375,1,3,3,7,At Risk,Manish Jain,Male,23,North,New
CUST04081,2024-12-07,19,818679.5,24,4,5,5,14,Champions,Ananya Sharma,Female,35,North,Returning
CUST04082,2024-12-30,8,148668.0,1,5,2,1,8,At Risk,Krishna Das,Male,33,North,Returning
CUST04083,2024-12-18,8,180249.5,13,5,2,2,9,At Risk,Simran Yadav,Female,32,South,Returning
CUST04084,2024-07-10,5,690051.0,174,1,1,5,7,At Risk,Riya Yadav,Female,25,Central,New
CUST04085,2024-10-15,6,579458.0,77,2,1,4,7,At Risk,Amit Kumar,Male,30,South,New
CUST04086,2024-01-03,10,160631.0,363,1,3,1,5,Hibernating,Prateek Verma,Male,60,North,New
CUST04087,2024-12-27,8,291764.0,4,5,2,3,10,Loyal Customers,Deepak Gupta,Male,24,West,Returning
CUST04088,2024-12-10,9,398460.0,21,4,3,3,10,Loyal Customers,Pooja Gupta,Female,34,West,Returning
CUST04089,2024-03-27,7,117918.0,279,1,2,1,4,Hibernating,Sonal Bose,Female,49,Central,Returning
CUST04090,2024-10-18,10,287600.5,74,2,3,2,7,At Risk,Rohit Chatterjee,Male,39,East,Returning
CUST04091,2024-06-04,8,507424.0,210,1,2,4,7,At Risk,Navya Patel,Female,30,South,Returning
CUST04092,2024-05-01,4,27982.0,244,1,1,1,3,Lost,Rohit Das,Male,64,North,New
CUST04093,2024-12-01,11,363811.5,30,4,4,3,11,Loyal Customers,Ramesh Kumar,Male,40,South,Returning
CUST04094,2024-12-26,12,374987.0,5,5,4,3,12,Loyal Customers,Pooja Singh,Female,46,East,Returning
CUST04095,2024-12-19,12,548933.0,12,5,4,4,13,Champions,Rohit Verma,Male,39,South,New
CUST04096,2024-10-21,13,621675.0,71,2,5,4,11,Loyal Customers,Arjun Bose,Male,18,East,New
CUST04097,2024-12-14,13,1207356.5,17,5,5,5,15,Champions,Krishna Pillai,Male,46,West,Returning
CUST04098,2024-12-30,13,294097.0,1,5,5,3,13,Champions,Ramesh Iyer,Male,22,North,New
CUST04099,2024-12-16,8,197766.0,15,5,2,2,9,At Risk,Krishna Jain,Male,52,Central,Returning
CUST04100,2024-07-14,8,100697.5,170,1,2,1,4,Hibernating,Krishna Das,Male,27,West,Returning
CUST04101,2024-09-12,11,287650.5,110,2,4,2,8,At Risk,Priya Mishra,Female,36,Central,New
CUST04102,2024-11-17,12,78026.0,44,3,4,1,8,At Risk,Sai Reddy,Male,54,East,New
CUST04103,2024-12-06,11,314066.0,25,4,4,3,11,Loyal Customers,Nikhil Kumar,Male,24,South,Returning
CUST04104,2024-11-26,7,290422.0,35,4,2,3,9,At Risk,Prateek Chatterjee,Male,63,South,Returning
CUST04105,2024-12-11,13,400539.0,20,4,5,3,12,Loyal Customers,Vivaan Mehta,Male,52,West,Returning
CUST04106,2024-12-14,10,502087.0,17,5,3,4,12,Loyal Customers,Navya Verma,Female,62,West,New
CUST04107,2024-12-21,17,884338.5,10,5,5,5,15,Champions,Ishita Gupta,Female,30,West,Returning
CUST04108,2024-11-02,6,215868.0,59,3,1,2,6,Hibernating,Vivaan Bose,Male,27,North,Returning
CUST04109,2024-03-07,7,438342.0,299,1,2,4,7,At Risk,Pooja Gupta,Female,19,North,Returning
CUST04110,2024-12-26,16,822036.0,5,5,5,5,15,Champions,Lakshmi Mishra,Female,23,North,Returning
CUST04111,2024-02-23,7,46773.5,312,1,2,1,4,Hibernating,Anika Bose,Female,25,North,New
CUST04112,2024-12-11,10,538132.5,20,4,3,4,11,Loyal Customers,Vivaan Chatterjee,Male,53,South,Returning
CUST04113,2024-10-20,11,259994.0,72,2,4,2,8,At Risk,Amit Shah,Male,42,South,New
CUST04114,2024-11-09,9,273539.0,52,3,3,2,8,At Risk,Nikhil Chatterjee,Male,61,West,Returning
CUST04115,2024-11-10,11,822053.0,51,3,4,5,12,Loyal Customers,Nisha Singh,Female,64,South,New
CUST04116,2024-11-14,8,160638.0,47,3,2,1,6,Hibernating,Arjun Singh,Male,57,West,Returning
CUST04117,2024-10-09,14,61997.0,83,2,5,1,8,At Risk,Sneha Patel,Female,24,North,New
CUST04118,2023-12-13,10,277676.0,384,1,3,2,6,Hibernating,Reyansh Iyer,Male,63,South,Returning
CUST04119,2024-11-30,10,241668.0,31,4,3,2,9,At Risk,Sai Gupta,Male,40,West,Returning
CUST04120,2024-11-10,13,690750.0,51,3,5,5,13,Champions,Sonal Nair,Female,36,South,Returning
CUST04121,2024-12-30,16,338824.5,1,5,5,3,13,Champions,Deepak Agarwal,Male,63,South,Returning
CUST04122,2024-11-11,10,197374.0,50,3,3,2,8,At Risk,Reyansh Agarwal,Male,39,East,Returning
CUST04123,2024-12-14,12,335018.0,17,5,4,3,12,Loyal Customers,Aadhya Das,Female,30,South,New
CUST04124,2024-12-31,13,579728.5,0,5,5,4,14,Champions,Divya Gupta,Female,38,Central,New
CUST04125,2024-06-18,6,347723.5,196,1,1,3,5,Hibernating,Kavya Patel,Female,18,East,Returning
CUST04126,2024-11-05,13,389359.0,56,3,5,3,11,Loyal Customers,Ishita Bose,Female,36,West,New
CUST04127,2024-10-28,5,870405.5,64,3,1,5,9,At Risk,Anika Reddy,Female,50,South,New
CUST04128,2024-12-23,7,43602.0,8,5,2,1,8,At Risk,Aadhya Iyer,Female,21,South,New
CUST04129,2024-12-06,7,214864.0,25,4,2,2,8,At Risk,Vihaan Yadav,Male,59,East,Returning
CUST04130,2024-11-21,8,491838.0,40,3,2,4,9,At Risk,Amit Agarwal,Male,20,South,Returning
CUST04131,2024-06-26,9,303412.0,188,1,3,3,7,At Risk,Vihaan Reddy,Male,44,North,New
CUST04132,2024-12-19,12,1099353.0,12,5,4,5,14,Champions,Arjun Sharma,Male,58,East,New
CUST04133,2024-12-26,16,283212.0,5,5,5,2,12,Loyal Customers,Pari Chatterjee,Female,52,South,Returning
CUST04134,2024-12-25,14,129035.0,6,5,5,1,11,Loyal Customers,Nisha Chatterjee,Female,45,East,Returning
CUST04135,2024-04-30,7,56901.0,245,1,2,1,4,Hibernating,Pooja Jain,Female,23,East,Returning
CUST04136,2024-10-04,7,473639.0,88,2,2,4,8,At Risk,Aarav Reddy,Male,23,East,Returning
CUST04137,2024-01-29,6,267748.0,337,1,1,2,4,Hibernating,Ananya Jain,Female,61,North,New
CUST04138,2024-10-03,8,199870.0,89,2,2,2,6,Hibernating,Kiran Reddy,Male,40,East,New
CUST04139,2024-11-18,11,624137.5,43,3,4,4,11,Loyal Customers,Divya Kumar,Female,50,South,New
CUST04140,2024-11-14,9,600835.0,47,3,3,4,10,Loyal Customers,Mahi Verma,Female,33,East,Returning
CUST04141,2023-12-13,9,507195.0,384,1,3,4,8,At Risk,Ishaan Reddy,Male,41,South,Returning
CUST04142,2024-12-11,9,83702.0,20,4,3,1,8,At Risk,Vivaan Patel,Male,22,West,New
CUST04143,2024-12-28,12,597135.0,3,5,4,4,13,Champions,Prateek Jain,Male,58,East,Returning
CUST04144,2024-12-17,7,452173.0,14,5,2,4,11,Loyal Customers,Anjali Patel,Female,59,East,Returning
CUST04145,2024-12-16,10,427562.0,15,5,3,3,11,Loyal Customers,Anjali Nair,Female,30,North,Returning
CUST04146,2024-12-04,10,876643.0,27,4,3,5,12,Loyal Customers,Diya Joshi,Female,64,West,Returning
CUST04147,2024-09-28,8,265638.0,94,2,2,2,6,Hibernating,Suresh Patel,Male,29,South,Returning
CUST04148,2024-12-05,7,28786.0,26,4,2,1,7,At Risk,Aarav Mehta,Male,22,North,Returning
CUST04149,2024-12-08,12,413649.0,23,4,4,3,11,Loyal Customers,Diya Yadav,Female,54,North,Returning
CUST04150,2024-10-01,10,601912.0,91,2,3,4,9,At Risk,Anjali Iyer,Female,48,North,Returning
CUST04151,2024-12-20,9,315631.0,11,5,3,3,11,Loyal Customers,Arjun Singh,Male,45,West,Returning
CUST04152,2024-08-06,8,755809.0,147,2,2,5,9,At Risk,Ishaan Bose,Male,45,North,Returning
CUST04153,2024-12-18,14,824472.5,13,5,5,5,15,Champions,Kavya Iyer,Female,47,West,Returning
CUST04154,2024-12-22,12,190587.0,9,5,4,2,11,Loyal Customers,Manish Kumar,Male,35,West,Returning
CUST04155,2023-12-16,5,225760.0,381,1,1,2,4,Hibernating,Amit Singh,Male,61,North,Returning
CUST04156,2024-11-25,3,22995.0,36,4,1,1,6,Hibernating,Amit Das,Male,44,South,New
CUST04157,2024-10-27,7,541892.0,65,3,2,4,9,At Risk,Reyansh Bose,Male,52,South,Returning
CUST04158,2024-12-05,6,148270.0,26,4,1,1,6,Hibernating,Lakshmi Yadav,Female,43,North,Returning
CUST04159,2024-11-25,13,964179.0,36,4,5,5,14,Champions,Nisha Nair,Female,56,North,Returning
CUST04160,2023-10-24,8,174260.0,434,1,2,2,5,Hibernating,Divya Jain,Female,35,West,Returning
CUST04161,2024-10-19,5,575029.0,73,2,1,4,7,At Risk,Ramesh Patel,Male,50,North,Returning
CUST04162,2024-12-26,11,802296.0,5,5,4,5,14,Champions,Ramesh Pillai,Male,42,East,New
CUST04163,2024-11-10,7,487402.0,51,3,2,4,9,At Risk,Manish Gupta,Male,48,South,Returning
CUST04164,2024-08-21,8,248403.0,132,2,2,2,6,Hibernating,Ramesh Mishra,Male,54,North,Returning
CUST04165,2024-10-13,11,333213.0,79,2,4,3,9,At Risk,Pari Verma,Female,19,South,New
CUST04166,2024-12-13,6,290644.5,18,4,1,3,8,At Risk,Rahul Reddy,Male,50,South,Returning
CUST04167,2024-12-22,13,1498812.5,9,5,5,5,15,Champions,Kiran Joshi,Male,56,West,New
CUST04168,2024-02-08,12,481357.0,327,1,4,4,9,At Risk,Arjun Bose,Male,60,East,Returning
CUST04169,2024-12-16,4,83960.0,15,5,1,1,7,At Risk,Rahul Das,Male,60,South,New
CUST04170,2024-09-27,13,450454.0,95,2,5,4,11,Loyal Customers,Aditya Iyer,Male,49,South,Returning
CUST04171,2024-02-10,7,671770.0,325,1,2,5,8,At Risk,Kiran Mishra,Male,35,West,New
CUST04172,2024-12-31,9,1020048.0,0,5,3,5,13,Champions,Pari Bose,Female,34,East,Returning
CUST04173,2024-12-03,12,236468.0,28,4,4,2,10,Loyal Customers,Ishaan Kumar,Male,51,South,New
CUST04174,2024-05-01,10,260350.5,244,1,3,2,6,Hibernating,Arjun Iyer,Male,56,East,Returning
CUST04175,2024-11-04,17,814217.0,57,3,5,5,13,Champions,Ishita Das,Female,24,North,Returning
CUST04176,2023-12-20,7,178824.0,377,1,2,2,5,Hibernating,Kavya Iyer,Female,59,North,New
CUST04177,2024-11-08,11,313669.5,53,3,4,3,10,Loyal Customers,Divya Verma,Female,52,South,Returning
CUST04178,2024-12-01,14,385313.0,30,4,5,3,12,Loyal Customers,Meera Patel,Female,47,East,New
CUST04179,2024-11-30,13,1160680.0,31,4,5,5,14,Champions,Vivaan Das,Male,29,North,Returning
CUST04180,2024-11-07,10,225944.0,54,3,3,2,8,At Risk,Vihaan Das,Male,52,Central,Returning
CUST04181,2024-10-07,9,295416.5,85,2,3,3,8,At Risk,Ramesh Mishra,Male,28,East,Returning
CUST04182,2024-12-24,10,500164.0,7,5,3,4,12,Loyal Customers,Anika Chatterjee,Female,61,South,Returning
CUST04183,2024-12-17,10,216925.0,14,5,3,2,10,Loyal Customers,Divya Nair,Female,21,South,Returning
CUST04184,2024-11-03,15,714231.5,58,3,5,5,13,Champions,Amit Nair,Male,42,Central,New
CUST04185,2023-11-14,4,184232.5,413,1,1,2,4,Hibernating,Deepak Patel,Male,49,West,Returning
CUST04186,2023-11-01,5,431430.0,426,1,1,3,5,Hibernating,Sonal Sharma,Female,37,Central,New
CUST04187,2024-08-25,7,322537.0,128,2,2,3,7,At Risk,Vihaan Chatterjee,Male,48,South,Returning
CUST04188,2024-12-10,11,800250.0,21,4,4,5,13,Champions,Diya Gupta,Female,21,West,Returning
CUST04189,2024-10-23,12,512260.5,69,3,4,4,11,Loyal Customers,Anjali Verma,Female,55,North,New
CUST04190,2024-12-30,14,757274.5,1,5,5,5,15,Champions,Pari Mishra,Female,64,North,New
CUST04191,2024-11-01,9,221412.5,60,3,3,2,8,At Risk,Riya Reddy,Female,18,South,New
CUST04192,2024-11-09,16,507117.0,52,3,5,4,12,Loyal Customers,Divya Chatterjee,Female,20,South,Returning
CUST04193,2024-12-08,7,468181.0,23,4,2,4,10,Loyal Customers,Kiran Jain,Male,54,East,Returning
CUST04194,2024-11-22,11,550929.0,39,3,4,4,11,Loyal Customers,Pooja Reddy,Female,39,North,New
CUST04195,2024-12-12,15,810487.0,19,4,5,5,14,Champions,Diya Mehta,Female,34,North,Returning
CUST04196,2024-12-02,7,70648.0,29,4,2,1,7,At Risk,Sai Patel,Male,31,North,New
CUST04197,2024-11-06,10,111732.0,55,3,3,1,7,At Risk,Manish Nair,Male,58,East,Returning
CUST04198,2024-08-19,14,517722.0,134,2,5,4,11,Loyal Customers,Vihaan Mishra,Male,52,South,Returning
CUST04199,2024-12-08,8,23710.0,23,4,2,1,7,At Risk,Prateek Sharma,Male,30,West,Returning
CUST04200,2024-07-26,7,122284.5,158,1,2,1,4,Hibernating,Aadhya Yadav,Female,52,North,Returning
CUST04201,2024-09-26,13,812778.0,96,2,5,5,12,Loyal Customers,Anika Sharma,Female,60,West,Returning
CUST04202,2024-04-26,8,375995.0,249,1,2,3,6,Hibernating,Sai Bose,Male,19,North,New
CUST04203,2024-10-20,10,149147.0,72,2,3,1,6,Hibernating,Kiran Yadav,Male,64,South,Returning
CUST04204,2024-10-06,12,650305.0,86,2,4,5,11,Loyal Customers,Simran Bose,Female,30,Central,Returning
CUST04205,2024-12-21,11,784784.0,10,5,4,5,14,Champions,Ishaan Jain,Male,33,East,Returning
CUST04206,2024-12-22,10,50438.0,9,5,3,1,9,At Risk,Manish Pillai,Male,35,North,New
CUST04207,2024-12-09,16,501873.0,22,4,5,4,13,Champions,Anjali Iyer,Female,24,West,Returning
CUST04208,2024-10-26,7,167712.0,66,3,2,1,6,Hibernating,Aditya Kumar,Male,62,South,Returning
CUST04209,2024-12-29,8,167710.5,2,5,2,1,8,At Risk,Arjun Sharma,Male,53,West,Returning
CUST04210,2024-09-21,9,682617.5,101,2,3,5,10,Loyal Customers,Reyansh Singh,Male,58,West,New
CUST04211,2024-11-14,15,528345.5,47,3,5,4,12,Loyal Customers,Aarav Mehta,Male,47,East,Returning
CUST04212,2024-11-02,10,543305.5,59,3,3,4,10,Loyal Customers,Aadhya Mehta,Female,59,West,New
CUST04213,2024-12-03,10,821541.0,28,4,3,5,12,Loyal Customers,Nikhil Kumar,Male,58,South,New
CUST04214,2024-11-12,9,313171.0,49,3,3,3,9,At Risk,Ayaan Mishra,Male,24,West,Returning
CUST04215,2024-12-31,20,539152.5,0,5,5,4,14,Champions,Meera Mehta,Female,32,East,New
CUST04216,2024-10-25,10,474584.5,67,3,3,4,10,Loyal Customers,Pari Iyer,Female,57,Central,New
CUST04217,2024-12-05,13,667539.5,26,4,5,5,14,Champions,Kiran Kumar,Male,36,North,Returning
CUST04218,2024-12-21,9,449870.0,10,5,3,4,12,Loyal Customers,Nikhil Mishra,Male,60,Central,New
CUST04219,2024-10-18,10,237543.0,74,2,3,2,7,At Risk,Aadhya Singh,Female,54,Central,Returning
CUST04220,2023-10-19,3,80740.5,439,1,1,1,3,Lost,Sai Kumar,Male,19,Central,Returning
CUST04221,2024-12-14,12,870058.0,17,5,4,5,14,Champions,Kiran Bose,Male,59,East,Returning
CUST04222,2024-10-17,13,521918.0,75,2,5,4,11,Loyal Customers,Nisha Sharma,Female,30,West,New
CUST04223,2024-11-30,10,133321.0,31,4,3,1,8,At Risk,Lakshmi Agarwal,Female,57,North,New
CUST04224,2024-12-26,12,693297.0,5,5,4,5,14,Champions,Ishita Mehta,Female,58,East,Returning
CUST04225,2024-09-11,11,813134.0,111,2,4,5,11,Loyal Customers,Riya Agarwal,Female,60,Central,Returning
CUST04226,2024-12-06,13,623144.0,25,4,5,4,13,Champions,Anjali Verma,Female,60,North,Returning
CUST04227,2024-11-22,12,528083.5,39,3,4,4,11,Loyal Customers,Rohit Sharma,Male,48,North,New
CUST04228,2024-10-17,12,840152.0,75,2,4,5,11,Loyal Customers,Anika Mishra,Female,33,South,Returning
CUST04229,2024-12-23,9,181843.0,8,5,3,2,10,Loyal Customers,Ramesh Bose,Male,59,West,New
CUST04230,2024-12-10,10,246925.0,21,4,3,2,9,At Risk,Deepak Jain,Male,61,South,Returning
CUST04231,2024-12-27,8,123556.0,4,5,2,1,8,At Risk,Meera Iyer,Female,23,Central,Returning
CUST04232,2024-08-08,9,199648.0,145,2,3,2,7,At Risk,Ananya Bose,Female,45,South,New
CUST04233,2022-12-14,3,12530.0,748,1,1,1,3,Lost,Suresh Bose,Male,49,Central,Returning
CUST04234,2024-05-05,11,171752.0,240,1,4,2,7,At Risk,Sonal Agarwal,Female,61,North,New
CUST04235,2024-10-19,7,245850.0,73,2,2,2,6,Hibernating,Manish Bose,Male,27,Central,Returning
CUST04236,2024-05-11,7,515364.0,234,1,2,4,7,At Risk,Ayaan Verma,Male,35,Central,Returning
CUST04237,2024-11-10,16,577153.0,51,3,5,4,12,Loyal Customers,Rahul Sharma,Male,21,Central,New
CUST04238,2024-12-06,14,1201028.0,25,4,5,5,14,Champions,Kavya Agarwal,Female,26,North,Returning
CUST04239,2024-06-16,11,219497.0,198,1,4,2,7,At Risk,Priya Shah,Female,24,North,Returning
CUST04240,2024-11-09,6,99442.0,52,3,1,1,5,Hibernating,Aditya Nair,Male,25,North,Returning
CUST04241,2024-09-13,7,82076.0,109,2,2,1,5,Hibernating,Kavya Bose,Female,60,West,New
CUST04242,2024-11-12,8,199946.0,49,3,2,2,7,At Risk,Vihaan Bose,Male,24,South,Returning
CUST04243,2024-10-04,13,492492.0,88,2,5,4,11,Loyal Customers,Simran Pillai,Female,58,South,New
CUST04244,2024-07-15,7,249374.0,169,1,2,2,5,Hibernating,Kiran Mishra,Male,57,East,Returning
CUST04245,2024-10-13,10,267361.0,79,2,3,2,7,At Risk,Aarav Gupta,Male,20,North,Returning
CUST04246,2024-05-08,8,576246.0,237,1,2,4,7,At Risk,Riya Mehta,Female,34,Central,New
CUST04247,2024-09-27,13,197775.5,95,2,5,2,9,At Risk,Nikhil Pillai,Male,19,South,New
CUST04248,2024-12-29,15,308235.0,2,5,5,3,13,Champions,Kiran Joshi,Male,32,North,Returning
CUST04249,2024-05-27,4,124980.0,218,1,1,1,3,Lost,Sonal Joshi,Female,63,South,Returning
CUST04250,2024-12-11,11,528673.0,20,4,4,4,12,Loyal Customers,Divya Reddy,Female,46,East,Returning
CUST04251,2024-10-12,12,348850.0,80,2,4,3,9,At Risk,Manish Chatterjee,Male,39,West,New
CUST04252,2024-12-14,8,196605.0,17,5,2,2,9,At Risk,Arjun Iyer,Male,21,East,Returning
CUST04253,2024-07-11,9,212485.0,173,1,3,2,6,Hibernating,Suresh Mishra,Male,23,North,New
CUST04254,2024-06-20,12,285240.0,194,1,4,2,7,At Risk,Amit Bose,Male,55,West,Returning
CUST04255,2024-09-17,8,335309.0,105,2,2,3,7,At Risk,Sai Jain,Male,43,North,Returning
CUST04256,2024-12-27,11,462926.0,4,5,4,4,13,Champions,Mahi Iyer,Female,28,North,Returning
CUST04257,2024-12-09,13,242742.0,22,4,5,2,11,Loyal Customers,Pari Bose,Female,43,West,New
CUST04258,2024-12-13,13,401950.0,18,4,5,3,12,Loyal Customers,Arjun Gupta,Male,34,Central,Returning
CUST04259,2024-11-29,9,219781.0,32,4,3,2,9,At Risk,Reyansh Gupta,Male,41,East,Returning
CUST04260,2024-11-06,15,658659.5,55,3,5,5,13,Champions,Manish Bose,Male,45,South,Returning
CUST04261,2024-06-28,9,498702.0,186,1,3,4,8,At Risk,Vihaan Mishra,Male,52,West,New
CUST04262,2024-12-04,13,685383.0,27,4,5,5,14,Champions,Nisha Iyer,Female,48,South,Returning
CUST04263,2024-10-07,11,217261.0,85,2,4,2,8,At Risk,Ayaan Mehta,Male,30,East,Returning
CUST04264,2024-11-10,11,414918.5,51,3,4,3,10,Loyal Customers,Prateek Verma,Male,52,South,New
CUST04265,2024-07-20,6,264919.0,164,1,1,2,4,Hibernating,Aadhya Pillai,Female,33,South,Returning
CUST04266,2024-11-18,11,231366.0,43,3,4,2,9,At Risk,Krishna Pillai,Male,32,West,New
CUST04267,2024-12-03,12,647523.0,28,4,4,5,13,Champions,Diya Gupta,Female,60,North,New
CUST04268,2024-07-03,9,374934.0,181,1,3,3,7,At Risk,Rahul Verma,Male,35,North,New
CUST04269,2024-11-15,10,389256.0,46,3,3,3,9,At Risk,Pari Reddy,Female,64,East,Returning
CUST04270,2024-12-12,12,597070.0,19,4,4,4,12,Loyal Customers,Kavya Singh,Female,54,Central,Returning
CUST04271,2024-12-26,16,1456654.5,5,5,5,5,15,Champions,Simran Joshi,Female,58,South,Returning
CUST04272,2024-12-24,12,611580.0,7,5,4,4,13,Champions,Anika Shah,Female,44,West,New
CUST04273,2024-11-16,14,1191800.0,45,3,5,5,13,Champions,Ayaan Bose,Male,52,Central,Returning
CUST04274,2024-10-30,6,34617.0,62,3,1,1,5,Hibernating,Krishna Reddy,Male,62,West,Returning
CUST04275,2024-09-11,11,135631.0,111,2,4,1,7,At Risk,Sneha Verma,Female,52,East,New
CUST04276,2024-11-23,12,345057.0,38,4,4,3,11,Loyal Customers,Meera Nair,Female,45,Central,New
CUST04277,2024-10-02,6,110010.0,90,2,1,1,4,Hibernating,Arjun Das,Male,56,East,Returning
CUST04278,2024-11-12,10,230514.0,49,3,3,2,8,At Risk,Manish Singh,Male,55,North,Returning
CUST04279,2024-10-14,15,907743.0,78,2,5,5,12,Loyal Customers,Vivaan Chatterjee,Male,26,South,Returning
CUST04280,2024-12-01,13,458419.0,30,4,5,4,13,Champions,Kiran Singh,Male,29,West,Returning
CUST04281,2024-10-17,3,26658.0,75,2,1,1,4,Hibernating,Vihaan Jain,Male,32,West,New
CUST04282,2024-12-04,10,346550.0,27,4,3,3,10,Loyal Customers,Simran Singh,Female,38,West,Returning
CUST04283,2024-11-02,14,568629.0,59,3,5,4,12,Loyal Customers,Prateek Verma,Male,52,South,Returning
CUST04284,2024-12-17,7,317998.0,14,5,2,3,10,Loyal Customers,Rahul Singh,Male,59,South,New
CUST04285,2024-12-09,8,22623.0,22,4,2,1,7,At Risk,Diya Singh,Female,50,East,New
CUST04286,2024-09-29,7,181326.0,93,2,2,2,6,Hibernating,Mahi Pillai,Female,36,West,Returning
CUST04287,2024-08-09,9,454776.0,144,2,3,4,9,At Risk,Diya Iyer,Female,40,East,Returning
CUST04288,2024-10-18,7,159220.0,74,2,2,1,5,Hibernating,Lakshmi Das,Female,30,West,Returning
CUST04289,2024-12-29,13,230438.0,2,5,5,2,12,Loyal Customers,Nikhil Singh,Male,61,North,Returning
CUST04290,2024-01-14,7,256051.0,352,1,2,2,5,Hibernating,Navya Pillai,Female,18,West,New
CUST04291,2024-11-12,7,746753.0,49,3,2,5,10,Loyal Customers,Rohit Kumar,Male,46,East,Returning
CUST04292,2024-12-29,10,189201.0,2,5,3,2,10,Loyal Customers,Vihaan Mehta,Male,41,North,Returning
CUST04293,2024-04-10,7,342943.0,265,1,2,3,6,Hibernating,Lakshmi Mishra,Female,33,West,Returning
CUST04294,2023-10-08,7,301522.0,450,1,2,3,6,Hibernating,Aadhya Joshi,Female,42,West,Returning
CUST04295,2024-12-13,15,699318.5,18,4,5,5,14,Champions,Nikhil Reddy,Male,40,North,Returning
CUST04296,2024-11-07,8,342355.0,54,3,2,3,8,At Risk,Ishaan Das,Male,45,North,New
CUST04297,2024-06-02,10,668277.0,212,1,3,5,9,At Risk,Sai Patel,Male,64,North,Returning
CUST04298,2024-08-20,6,144752.0,133,2,1,1,4,Hibernating,Krishna Pillai,Male,33,East,Returning
CUST04299,2024-11-11,9,224634.0,50,3,3,2,8,At Risk,Ramesh Pillai,Male,60,Central,Returning
CUST04300,2024-12-08,8,544031.0,23,4,2,4,10,Loyal Customers,Ishita Kumar,Female,55,North,Returning
CUST04301,2024-12-10,8,132875.0,21,4,2,1,7,At Risk,Rahul Mishra,Male,28,North,Returning
CUST04302,2024-11-29,11,430997.0,32,4,4,3,11,Loyal Customers,Ishita Kumar,Female,20,North,Returning
CUST04303,2024-12-16,19,674592.5,15,5,5,5,15,Champions,Kavya Mishra,Female,32,West,Returning
CUST04304,2024-09-14,8,147762.0,108,2,2,1,5,Hibernating,Kavya Chatterjee,Female,18,South,Returning
CUST04305,2024-03-17,9,434303.5,289,1,3,4,8,At Risk,Sonal Pillai,Female,24,North,New
CUST04306,2024-06-03,12,544704.5,211,1,4,4,9,At Risk,Aarav Chatterjee,Male,18,North,Returning
CUST04307,2024-09-05,8,480240.0,117,2,2,4,8,At Risk,Arjun Sharma,Male,49,West,New
CUST04308,2024-10-23,13,327713.0,69,3,5,3,11,Loyal Customers,Sonal Patel,Female,26,South,Returning
CUST04309,2024-12-06,4,133520.0,25,4,1,1,6,Hibernating,Pari Reddy,Female,46,Central,Returning
CUST04310,2024-12-22,20,1269526.5,9,5,5,5,15,Champions,Priya Yadav,Female,43,South,New
CUST04311,2024-11-14,10,422502.5,47,3,3,3,9,At Risk,Sai Mishra,Male,40,South,New
CUST04312,2024-06-10,6,77622.0,204,1,1,1,3,Lost,Ananya Yadav,Female,62,West,New
CUST04313,2024-09-14,14,725159.0,108,2,5,5,12,Loyal Customers,Vivaan Kumar,Male,60,South,Returning
CUST04314,2024-09-27,14,167908.0,95,2,5,1,8,At Risk,Divya Verma,Female,46,East,Returning
CUST04315,2024-11-08,12,168185.0,53,3,4,1,8,At Risk,Sonal Iyer,Female,55,West,Returning
CUST04316,2024-11-23,12,616210.5,38,4,4,4,12,Loyal Customers,Ramesh Yadav,Male,50,South,New
CUST04317,2024-11-23,11,246726.0,38,4,4,2,10,Loyal Customers,Meera Iyer,Female,24,West,Returning
CUST04318,2024-02-22,10,147233.5,313,1,3,1,5,Hibernating,Rohit Pillai,Male,29,South,Returning
CUST04319,2024-08-20,7,154719.0,133,2,2,1,5,Hibernating,Aarav Nair,Male,48,North,New
CUST04320,2024-12-15,12,1079121.0,16,5,4,5,14,Champions,Rahul Jain,Male,49,South,Returning
CUST04321,2024-11-04,13,1104234.0,57,3,5,5,13,Champions,Navya Yadav,Female,37,West,New
CUST04322,2024-10-03,12,608351.0,89,2,4,4,10,Loyal Customers,Lakshmi Mehta,Female,34,Central,Returning
CUST04323,2024-12-20,8,231554.0,11,5,2,2,9,At Risk,Meera Jain,Female,53,South,New
CUST04324,2024-10-11,15,593454.5,81,2,5,4,11,Loyal Customers,Manish Chatterjee,Male,20,North,New
CUST04325,2024-05-29,10,298071.0,216,1,3,3,7,At Risk,Sneha Yadav,Female,18,North,Returning
CUST04326,2024-11-25,14,440649.0,36,4,5,4,13,Champions,Mahi Iyer,Female,44,South,Returning
CUST04327,2024-09-23,10,329462.0,99,2,3,3,8,At Risk,Aditya Verma,Male,64,Central,New
CUST04328,2024-12-12,10,270525.0,19,4,3,2,9,At Risk,Meera Reddy,Female,57,South,Returning
CUST04329,2024-12-19,14,236939.0,12,5,5,2,12,Loyal Customers,Suresh Kumar,Male,50,North,Returning
CUST04330,2024-11-15,9,511043.5,46,3,3,4,10,Loyal Customers,Sonal Shah,Female,37,North,New
CUST04331,2024-12-17,12,540402.0,14,5,4,4,13,Champions,Ishaan Mehta,Male,31,West,Returning
CUST04332,2024-12-10,10,1464273.0,21,4,3,5,12,Loyal Customers,Aditya Das,Male,53,East,Returning
CUST04333,2024-11-23,10,391540.5,38,4,3,3,10,Loyal Customers,Prateek Iyer,Male,22,South,Returning
CUST04334,2024-11-01,8,238796.0,60,3,2,2,7,At Risk,Sonal Reddy,Female,40,North,New
CUST04335,2024-12-29,7,90080.0,2,5,2,1,8,At Risk,Sai Sharma,Male,62,East,Returning
CUST04336,2024-11-04,14,805001.0,57,3,5,5,13,Champions,Aarav Shah,Male,32,South,Returning
CUST04337,2024-02-07,4,56584.0,328,1,1,1,3,Lost,Divya Nair,Female,23,North,Returning
CUST04338,2024-09-11,8,77891.0,111,2,2,1,5,Hibernating,Ishita Iyer,Female,50,North,New
CUST04339,2024-11-30,12,358494.0,31,4,4,3,11,Loyal Customers,Ramesh Das,Male,36,East,Returning
CUST04340,2024-12-14,15,463216.0,17,5,5,4,14,Champions,Vihaan Verma,Male,30,East,New
CUST04341,2024-12-09,11,253419.0,22,4,4,2,10,Loyal Customers,Amit Nair,Male,46,Central,Returning
CUST04342,2024-03-11,14,505565.5,295,1,5,4,10,Loyal Customers,Rahul Pillai,Male,23,South,Returning
CUST04343,2024-09-13,10,492845.0,109,2,3,4,9,At Risk,Anika Verma,Female,32,North,New
CUST04344,2024-10-20,10,408214.0,72,2,3,3,8,At Risk,Anika Chatterjee,Female,33,North,New
CUST04345,2024-12-07,16,800029.5,24,4,5,5,14,Champions,Riya Agarwal,Female,41,West,Returning
CUST04346,2024-11-19,10,398026.0,42,3,3,3,9,At Risk,Aarav Chatterjee,Male,40,South,Returning
CUST04347,2024-11-12,9,148453.0,49,3,3,1,7,At Risk,Priya Joshi,Female,27,North,New
CUST04348,2024-12-25,8,589474.0,6,5,2,4,11,Loyal Customers,Divya Agarwal,Female,58,North,Returning
CUST04349,2024-10-25,8,315126.5,67,3,2,3,8,At Risk,Meera Jain,Female,58,Central,Returning
CUST04350,2024-08-11,9,687661.5,142,2,3,5,10,Loyal Customers,Ishita Pillai,Female,34,East,Returning
CUST04351,2024-10-24,11,605031.5,68,3,4,4,11,Loyal Customers,Riya Iyer,Female,61,North,Returning
CUST04352,2024-12-19,14,501572.0,12,5,5,4,14,Champions,Divya Kumar,Female,62,East,New
CUST04353,2024-05-30,7,397239.0,215,1,2,3,6,Hibernating,Suresh Das,Male,47,North,Returning
CUST04354,2024-10-27,13,631307.5,65,3,5,5,13,Champions,Ishita Singh,Female,61,West,New
CUST04355,2024-10-07,9,323674.0,85,2,3,3,8,At Risk,Rohit Das,Male,63,East,New
CUST04356,2024-05-22,6,419896.0,223,1,1,3,5,Hibernating,Divya Mehta,Female,27,North,New
CUST04357,2024-05-03,10,451675.0,242,1,3,4,8,At Risk,Amit Chatterjee,Male,36,East,Returning
CUST04358,2023-10-10,9,163760.0,448,1,3,1,5,Hibernating,Anika Kumar,Female,46,East,Returning
CUST04359,2024-11-16,10,146093.0,45,3,3,1,7,At Risk,Kavya Mishra,Female,19,East,New
CUST04360,2024-11-18,7,359650.5,43,3,2,3,8,At Risk,Aditya Patel,Male,53,Central,Returning
CUST04361,2024-12-19,15,253138.0,12,5,5,2,12,Loyal Customers,Vivaan Mishra,Male,36,West,Returning
CUST04362,2024-11-05,8,86937.0,56,3,2,1,6,Hibernating,Navya Bose,Female,24,West,Returning
CUST04363,2024-12-21,14,609230.0,10,5,5,4,14,Champions,Mahi Chatterjee,Female,43,West,Returning
CUST04364,2024-09-13,5,241968.0,109,2,1,2,5,Hibernating,Aditya Pillai,Male,32,North,New
CUST04365,2024-10-25,9,274992.0,67,3,3,2,8,At Risk,Rahul Yadav,Male,64,North,New
CUST04366,2024-02-21,8,456465.5,314,1,2,4,7,At Risk,Divya Shah,Female,55,East,Returning
CUST04367,2024-01-29,5,246504.0,337,1,1,2,4,Hibernating,Rahul Yadav,Male,20,West,Returning
CUST04368,2024-06-10,14,438201.0,204,1,5,4,10,Loyal Customers,Krishna Agarwal,Male,55,North,New
CUST04369,2024-06-25,9,258992.0,189,1,3,2,6,Hibernating,Nikhil Mishra,Male,33,South,Returning
CUST04370,2024-12-10,9,470052.0,21,4,3,4,11,Loyal Customers,Kiran Bose,Male,19,West,Returning
CUST04371,2024-03-19,10,385790.0,287,1,3,3,7,At Risk,Ramesh Gupta,Male,48,North,Returning
CUST04372,2024-10-26,5,101990.0,66,3,1,1,5,Hibernating,Arjun Das,Male,45,Central,New
CUST04373,2024-12-31,16,441329.0,0,5,5,4,14,Champions,Arjun Bose,Male,24,North,Returning
CUST04374,2024-12-11,15,433379.0,20,4,5,4,13,Champions,Kiran Kumar,Male,47,East,Returning
CUST04375,2024-10-10,13,247344.0,82,2,5,2,9,At Risk,Rahul Das,Male,60,East,New
CUST04376,2024-11-11,9,479060.0,50,3,3,4,10,Loyal Customers,Vihaan Mehta,Male,24,West,New
CUST04377,2024-12-30,11,269733.0,1,5,4,2,11,Loyal Customers,Kiran Bose,Male,53,North,Returning
CUST04378,2024-10-15,13,292450.0,77,2,5,3,10,Loyal Customers,Ananya Gupta,Female,46,North,Returning
CUST04379,2024-07-30,9,212607.5,154,1,3,2,6,Hibernating,Prateek Pillai,Male,41,West,New
CUST04380,2024-12-15,13,811903.0,16,5,5,5,15,Champions,Vihaan Jain,Male,56,South,New
CUST04381,2024-08-27,12,218888.0,126,2,4,2,8,At Risk,Ramesh Singh,Male,21,North,New
CUST04382,2023-02-24,5,66708.0,676,1,1,1,3,Lost,Vihaan Pillai,Male,46,South,New
CUST04383,2024-10-30,8,325658.0,62,3,2,3,8,At Risk,Divya Iyer,Female,61,South,New
CUST04384,2024-10-19,12,183667.0,73,2,4,2,8,At Risk,Ananya Das,Female,22,North,Returning
CUST04385,2024-10-19,8,375634.0,73,2,2,3,7,At Risk,Navya Singh,Female,46,South,Returning
CUST04386,2024-04-19,7,587444.0,256,1,2,4,7,At Risk,Sneha Iyer,Female,47,East,Returning
CUST04387,2024-12-17,8,123524.0,14,5,2,1,8,At Risk,Sneha Iyer,Female,46,East,Returning
CUST04388,2024-03-22,13,508320.0,284,1,5,4,10,Loyal Customers,Ishaan Bose,Male,43,Central,New
CUST04389,2024-11-09,12,220572.0,52,3,4,2,9,At Risk,Aarav Kumar,Male,36,South,Returning
CUST04390,2024-10-07,14,432553.0,85,2,5,4,11,Loyal Customers,Arjun Agarwal,Male,43,South,New
CUST04391,2024-12-23,7,344772.0,8,5,2,3,10,Loyal Customers,Ramesh Verma,Male,54,West,New
CUST04392,2024-02-14,10,373014.0,321,1,3,3,7,At Risk,Ishaan Iyer,Male,44,West,New
CUST04393,2024-02-13,7,28170.0,322,1,2,1,4,Hibernating,Mahi Gupta,Female,47,North,Returning
CUST04394,2024-10-24,9,173544.0,68,3,3,2,8,At Risk,Nikhil Sharma,Male,47,West,New
CUST04395,2024-09-11,5,195664.0,111,2,1,2,5,Hibernating,Anika Shah,Female,20,South,Returning
CUST04396,2024-11-05,8,198411.5,56,3,2,2,7,At Risk,Sneha Patel,Female,60,North,New
CUST04397,2024-10-29,15,1240382.0,63,3,5,5,13,Champions,Vivaan Mishra,Male,24,North,Returning
CUST04398,2024-12-11,17,639151.5,20,4,5,5,14,Champions,Nikhil Agarwal,Male,26,West,Returning
CUST04399,2024-11-19,12,689400.0,42,3,4,5,12,Loyal Customers,Ishaan Agarwal,Male,58,West,New
CUST04400,2024-11-30,17,716939.0,31,4,5,5,14,Champions,Kiran Reddy,Male,59,South,New
CUST04401,2024-12-10,15,507905.0,21,4,5,4,13,Champions,Suresh Bose,Male,30,East,Returning
CUST04402,2024-12-17,7,237949.0,14,5,2,2,9,At Risk,Manish Kumar,Male,32,South,Returning
CUST04403,2024-01-14,3,37722.0,352,1,1,1,3,Lost,Arjun Das,Male,22,North,New
CUST04404,2024-11-21,11,156417.0,40,3,4,1,8,At Risk,Kiran Chatterjee,Male,46,South,New
CUST04405,2024-09-03,9,575896.0,119,2,3,4,9,At Risk,Lakshmi Kumar,Female,52,South,Returning
CUST04406,2024-10-05,8,245313.0,87,2,2,2,6,Hibernating,Priya Patel,Female,44,East,Returning
CUST04407,2024-09-15,12,495530.0,107,2,4,4,10,Loyal Customers,Simran Jain,Female,44,East,Returning
CUST04408,2024-10-25,10,1177741.0,67,3,3,5,11,Loyal Customers,Ramesh Yadav,Male,25,East,New
CUST04409,2024-10-06,8,36899.5,86,2,2,1,5,Hibernating,Ayaan Yadav,Male,49,North,Returning
CUST04410,2024-10-31,13,101767.0,61,3,5,1,9,At Risk,Priya Shah,Female,37,East,New
CUST04411,2024-11-14,10,602292.0,47,3,3,4,10,Loyal Customers,Vivaan Chatterjee,Male,27,West,Returning
CUST04412,2024-10-21,6,107868.0,71,2,1,1,4,Hibernating,Krishna Patel,Male,30,Central,Returning
CUST04413,2024-12-27,6,239375.0,4,5,1,2,8,At Risk,Diya Sharma,Female,46,West,New
CUST04414,2024-03-15,9,501974.0,291,1,3,4,8,At Risk,Divya Iyer,Female,52,East,Returning
CUST04415,2024-11-09,15,564273.0,52,3,5,4,12,Loyal Customers,Prateek Singh,Male,25,South,Returning
CUST04416,2024-11-26,11,231083.0,35,4,4,2,10,Loyal Customers,Prateek Patel,Male,46,North,Returning
CUST04417,2024-12-19,11,166275.0,12,5,4,1,10,Loyal Customers,Reyansh Jain,Male,48,West,New
CUST04418,2024-06-11,8,488030.0,203,1,2,4,7,At Risk,Prateek Agarwal,Male,58,North,New
CUST04419,2024-10-31,10,568354.0,61,3,3,4,10,Loyal Customers,Vivaan Agarwal,Male,47,East,New
CUST04420,2024-08-07,9,381402.5,146,2,3,3,8,At Risk,Rahul Mehta,Male,39,East,New
CUST04421,2024-12-02,9,183500.0,29,4,3,2,9,At Risk,Nikhil Das,Male,38,West,Returning
CUST04422,2024-12-30,7,299730.5,1,5,2,3,10,Loyal Customers,Aadhya Singh,Female,29,Central,Returning
CUST04423,2024-03-10,9,869284.5,296,1,3,5,9,At Risk,Meera Gupta,Female,28,North,New
CUST04424,2024-11-12,9,391875.0,49,3,3,3,9,At Risk,Aadhya Nair,Female,19,West,New
CUST04425,2024-12-24,18,469713.5,7,5,5,4,14,Champions,Reyansh Joshi,Male,58,Central,New
CUST04426,2024-12-27,8,213200.0,4,5,2,2,9,At Risk,Deepak Chatterjee,Male,19,North,Returning
CUST04427,2024-12-16,12,237263.0,15,5,4,2,11,Loyal Customers,Aditya Shah,Male,51,North,Returning
CUST04428,2024-09-04,8,574058.0,118,2,2,4,8,At Risk,Manish Reddy,Male,20,East,Returning
CUST04429,2024-05-23,7,297618.0,222,1,2,3,6,Hibernating,Suresh Agarwal,Male,33,North,Returning
CUST04430,2024-12-23,9,481024.0,8,5,3,4,12,Loyal Customers,Ananya Bose,Female,21,South,Returning
CUST04431,2024-11-11,7,127435.5,50,3,2,1,6,Hibernating,Aadhya Reddy,Female,40,North,Returning
CUST04432,2024-11-15,13,253128.5,46,3,5,2,10,Loyal Customers,Ramesh Gupta,Male,37,South,New
CUST04433,2024-12-05,13,207123.0,26,4,5,2,11,Loyal Customers,Ramesh Sharma,Male,42,East,Returning
CUST04434,2024-08-08,10,213941.0,145,2,3,2,7,At Risk,Sonal Reddy,Female,47,North,New
CUST04435,2024-10-21,14,1599837.0,71,2,5,5,12,Loyal Customers,Suresh Nair,Male,35,East,New
CUST04436,2024-11-29,13,998534.0,32,4,5,5,14,Champions,Aditya Singh,Male,59,East,Returning
CUST04437,2024-12-03,12,554712.0,28,4,4,4,12,Loyal Customers,Vihaan Shah,Male,28,South,New
CUST04438,2024-11-19,10,316366.0,42,3,3,3,9,At Risk,Diya Iyer,Female,46,North,Returning
CUST04439,2024-12-22,13,793519.5,9,5,5,5,15,Champions,Navya Gupta,Female,34,North,Returning
CUST04440,2024-10-26,16,998662.0,66,3,5,5,13,Champions,Krishna Patel,Male,43,North,New
CUST04441,2024-11-16,8,82848.5,45,3,2,1,6,Hibernating,Navya Iyer,Female,40,North,New
CUST04442,2024-11-08,7,500857.0,53,3,2,4,9,At Risk,Kavya Gupta,Female,37,South,Returning
CUST04443,2024-10-11,11,286472.0,81,2,4,2,8,At Risk,Vivaan Jain,Male,62,Central,New
CUST04444,2024-10-07,7,360341.0,85,2,2,3,7,At Risk,Rohit Gupta,Male,19,South,New
CUST04445,2024-11-20,15,547200.0,41,3,5,4,12,Loyal Customers,Aarav Verma,Male,41,South,Returning
CUST04446,2024-10-20,13,222021.0,72,2,5,2,9,At Risk,Riya Yadav,Female,48,Central,Returning
CUST04447,2024-01-27,11,322516.0,339,1,4,3,8,At Risk,Vihaan Reddy,Male,44,South,New
CUST04448,2024-12-05,3,13580.0,26,4,1,1,6,Hibernating,Navya Mishra,Female,19,Central,New
CUST04449,2024-11-30,5,348440.0,31,4,1,3,8,At Risk,Rohit Nair,Male,31,East,Returning
CUST04450,2024-09-06,6,535930.0,116,2,1,4,7,At Risk,Anjali Singh,Female,21,South,New
CUST04451,2024-07-03,10,352888.0,181,1,3,3,7,At Risk,Vivaan Mehta,Male,30,North,New
CUST04452,2024-11-14,16,390738.0,47,3,5,3,11,Loyal Customers,Ishita Jain,Female,53,Central,Returning
CUST04453,2024-12-20,16,645372.0,11,5,5,5,15,Champions,Divya Joshi,Female,52,North,New
CUST04454,2024-11-25,12,521393.0,36,4,4,4,12,Loyal Customers,Nisha Das,Female,61,West,Returning
CUST04455,2024-11-14,11,111161.0,47,3,4,1,8,At Risk,Sonal Yadav,Female,25,East,Returning
CUST04456,2024-10-03,11,467027.0,89,2,4,4,10,Loyal Customers,Vihaan Nair,Male,19,South,New
CUST04457,2024-12-19,12,687912.0,12,5,4,5,14,Champions,Ananya Reddy,Female,23,West,New
CUST04458,2024-12-23,12,481929.0,8,5,4,4,13,Champions,Kiran Shah,Male,48,West,Returning
CUST04459,2024-01-21,6,285520.0,345,1,1,2,4,Hibernating,Ramesh Patel,Male,27,West,Returning
CUST04460,2024-12-02,17,1028161.0,29,4,5,5,14,Champions,Nikhil Sharma,Male,61,West,New
CUST04461,2024-05-04,11,673337.0,241,1,4,5,10,Loyal Customers,Ramesh Joshi,Male,38,South,New
CUST04462,2024-10-10,10,369879.0,82,2,3,3,8,At Risk,Aarav Nair,Male,59,West,Returning
CUST04463,2024-07-19,12,1303001.0,165,1,4,5,10,Loyal Customers,Meera Agarwal,Female,27,North,New
CUST04464,2024-12-30,15,1162422.0,1,5,5,5,15,Champions,Vihaan Joshi,Male,40,South,Returning
CUST04465,2024-11-12,13,504070.5,49,3,5,4,12,Loyal Customers,Meera Kumar,Female,20,North,New
CUST04466,2024-12-12,10,440113.0,19,4,3,4,11,Loyal Customers,Ishaan Agarwal,Male,49,South,New
CUST04467,2024-05-28,8,121016.5,217,1,2,1,4,Hibernating,Ramesh Chatterjee,Male,37,Central,Returning
CUST04468,2024-11-22,7,350429.0,39,3,2,3,8,At Risk,Aditya Das,Male,27,East,New
CUST04469,2023-11-01,9,256269.0,426,1,3,2,6,Hibernating,Mahi Kumar,Female,46,North,New
CUST04470,2024-08-08,9,178998.0,145,2,3,2,7,At Risk,Sneha Shah,Female,58,North,New
CUST04471,2024-09-05,5,242080.0,117,2,1,2,5,Hibernating,Diya Joshi,Female,63,West,Returning
CUST04472,2024-10-05,13,193900.0,87,2,5,2,9,At Risk,Meera Mishra,Female,51,North,New
CUST04473,2024-10-24,14,628851.0,68,3,5,5,13,Champions,Prateek Chatterjee,Male,54,Central,Returning
CUST04474,2024-12-29,12,417128.5,2,5,4,3,12,Loyal Customers,Vivaan Sharma,Male,37,South,Returning
CUST04475,2024-12-07,10,108907.0,24,4,3,1,8,At Risk,Lakshmi Jain,Female,25,North,Returning
CUST04476,2024-08-30,5,278939.0,123,2,1,2,5,Hibernating,Ishaan Gupta,Male,24,South,Returning
CUST04477,2024-12-02,8,242516.0,29,4,2,2,8,At Risk,Aarav Verma,Male,23,North,New
CUST04478,2024-07-19,11,511527.0,165,1,4,4,9,At Risk,Nikhil Nair,Male,28,North,New
CUST04479,2023-11-19,4,32781.0,408,1,1,1,3,Lost,Simran Nair,Female,61,West,New
CUST04480,2024-12-25,13,274630.0,6,5,5,2,12,Loyal Customers,Anjali Pillai,Female,35,West,New
CUST04481,2024-10-20,12,1177833.0,72,2,4,5,11,Loyal Customers,Reyansh Agarwal,Male,59,North,New
CUST04482,2024-12-21,8,299096.5,10,5,2,3,10,Loyal Customers,Rahul Iyer,Male,46,Central,New
CUST04483,2024-12-19,19,379331.0,12,5,5,3,13,Champions,Ananya Gupta,Female,42,Central,Returning
CUST04484,2024-10-27,14,518675.5,65,3,5,4,12,Loyal Customers,Meera Agarwal,Female,38,Central,Returning
CUST04485,2024-12-22,9,170286.0,9,5,3,2,10,Loyal Customers,Aditya Iyer,Male,63,South,New
CUST04486,2024-11-30,8,232407.5,31,4,2,2,8,At Risk,Pari Yadav,Female,20,West,New
CUST04487,2024-03-14,5,115660.0,292,1,1,1,3,Lost,Vihaan Kumar,Male,35,Central,New
CUST04488,2024-12-13,11,693919.5,18,4,4,5,13,Champions,Prateek Nair,Male,41,North,New
CUST04489,2024-12-08,10,507422.0,23,4,3,4,11,Loyal Customers,Kavya Mehta,Female,64,West,New
CUST04490,2024-12-03,14,159121.0,28,4,5,1,10,Loyal Customers,Simran Das,Female,55,East,Returning
CUST04491,2024-12-16,11,378041.5,15,5,4,3,12,Loyal Customers,Rohit Reddy,Male,27,East,New
CUST04492,2024-12-05,8,254152.0,26,4,2,2,8,At Risk,Pooja Chatterjee,Female,44,North,New
CUST04493,2023-11-17,8,395817.0,410,1,2,3,6,Hibernating,Pooja Joshi,Female,29,West,New
CUST04494,2024-10-10,11,175667.0,82,2,4,2,8,At Risk,Priya Reddy,Female,24,East,Returning
CUST04495,2024-12-27,14,546070.0,4,5,5,4,14,Champions,Mahi Chatterjee,Female,34,North,Returning
CUST04496,2024-10-17,8,913844.0,75,2,2,5,9,At Risk,Simran Reddy,Female,18,South,Returning
CUST04497,2024-11-04,15,768150.0,57,3,5,5,13,Champions,Aarav Kumar,Male,43,South,Returning
CUST04498,2024-12-05,11,635483.0,26,4,4,5,13,Champions,Aarav Jain,Male,32,West,New
CUST04499,2024-12-06,8,99823.0,25,4,2,1,7,At Risk,Nikhil Sharma,Male,50,West,New
CUST04500,2024-11-17,5,189020.0,44,3,1,2,6,Hibernating,Aarav Gupta,Male,54,North,Returning
CUST04501,2024-12-19,12,560861.0,12,5,4,4,13,Champions,Kavya Shah,Female,64,South,Returning
CUST04502,2024-11-10,18,881043.0,51,3,5,5,13,Champions,Nikhil Yadav,Male,48,West,New
CUST04503,2024-11-08,14,184708.0,53,3,5,2,10,Loyal Customers,Prateek Patel,Male,52,East,New
CUST04504,2024-06-24,8,390319.0,190,1,2,3,6,Hibernating,Aditya Shah,Male,18,West,Returning
CUST04505,2024-11-25,10,438630.0,36,4,3,4,11,Loyal Customers,Aarav Chatterjee,Male,25,South,New
CUST04506,2024-06-02,9,672759.5,212,1,3,5,9,At Risk,Vihaan Pillai,Male,29,South,Returning
CUST04507,2024-12-21,8,379902.0,10,5,2,3,10,Loyal Customers,Anjali Jain,Female,36,East,New
CUST04508,2024-10-30,12,550255.5,62,3,4,4,11,Loyal Customers,Amit Yadav,Male,42,East,New
CUST04509,2024-09-02,9,457397.0,120,2,3,4,9,At Risk,Diya Sharma,Female,49,West,Returning
CUST04510,2024-11-03,8,216611.0,58,3,2,2,7,At Risk,Anika Chatterjee,Female,29,East,Returning
CUST04511,2023-08-06,4,499762.0,513,1,1,4,6,Hibernating,Amit Mehta,Male,30,East,New
CUST04512,2024-07-15,8,168947.5,169,1,2,2,5,Hibernating,Kiran Sharma,Male,45,North,New
CUST04513,2024-12-17,13,214734.0,14,5,5,2,12,Loyal Customers,Ayaan Sharma,Male,18,South,New
CUST04514,2024-01-26,8,234130.0,340,1,2,2,5,Hibernating,Pooja Pillai,Female,23,East,Returning
CUST04515,2024-11-28,14,880859.0,33,4,5,5,14,Champions,Mahi Patel,Female,25,East,Returning
CUST04516,2024-12-02,10,461235.0,29,4,3,4,11,Loyal Customers,Manish Iyer,Male,21,South,New
CUST04517,2023-09-28,7,798677.5,460,1,2,5,8,At Risk,Ayaan Joshi,Male,22,North,New
CUST04518,2024-08-03,11,328089.5,150,1,4,3,8,At Risk,Nisha Pillai,Female,42,East,Returning
CUST04519,2024-10-14,7,263345.0,78,2,2,2,6,Hibernating,Vivaan Nair,Male,39,North,Returning
CUST04520,2024-08-01,7,236913.0,152,1,2,2,5,Hibernating,Nikhil Jain,Male,45,East,Returning
CUST04521,2024-12-11,8,450149.0,20,4,2,4,10,Loyal Customers,Mahi Sharma,Female,56,West,New
CUST04522,2024-10-07,13,140507.5,85,2,5,1,8,At Risk,Mahi Yadav,Female,40,East,New
CUST04523,2023-12-06,3,66412.0,391,1,1,1,3,Lost,Anika Nair,Female,21,East,Returning
CUST04524,2024-12-24,13,529539.5,7,5,5,4,14,Champions,Divya Das,Female,21,South,Returning
CUST04525,2024-09-26,6,68914.0,96,2,1,1,4,Hibernating,Nisha Gupta,Female,64,North,Returning
CUST04526,2024-09-23,11,381707.0,99,2,4,3,9,At Risk,Prateek Mehta,Male,38,South,New
CUST04527,2024-11-10,12,746369.5,51,3,4,5,12,Loyal Customers,Divya Jain,Female,54,South,Returning
CUST04528,2024-10-19,14,576020.0,73,2,5,4,11,Loyal Customers,Divya Gupta,Female,58,North,Returning
CUST04529,2024-09-02,11,231489.0,120,2,4,2,8,At Risk,Pari Agarwal,Female,19,West,Returning
CUST04530,2024-11-10,7,180499.5,51,3,2,2,7,At Risk,Arjun Patel,Male,24,East,New
CUST04531,2024-10-25,10,531614.0,67,3,3,4,10,Loyal Customers,Arjun Nair,Male,33,East,Returning
CUST04532,2024-11-29,9,166935.0,32,4,3,1,8,At Risk,Deepak Joshi,Male,34,West,Returning
CUST04533,2024-12-27,11,539321.0,4,5,4,4,13,Champions,Rahul Nair,Male,37,West,Returning
CUST04534,2024-11-06,12,573100.0,55,3,4,4,11,Loyal Customers,Reyansh Sharma,Male,40,East,Returning
CUST04535,2024-12-15,10,268173.0,16,5,3,2,10,Loyal Customers,Meera Jain,Female,51,East,Returning
CUST04536,2024-11-03,7,34602.0,58,3,2,1,6,Hibernating,Pooja Shah,Female,28,Central,Returning
CUST04537,2024-06-30,6,188562.0,184,1,1,2,4,Hibernating,Kiran Sharma,Male,51,East,New
CUST04538,2024-08-16,8,599804.0,137,2,2,4,8,At Risk,Kavya Verma,Female,50,North,Returning
CUST04539,2024-09-26,11,374061.5,96,2,4,3,9,At Risk,Rohit Mishra,Male,43,Central,Returning
CUST04540,2024-06-03,5,33595.0,211,1,1,1,3,Lost,Ramesh Nair,Male,19,West,New
CUST04541,2023-12-07,9,77667.0,390,1,3,1,5,Hibernating,Vihaan Das,Male,40,West,New
CUST04542,2024-10-22,8,234143.0,70,3,2,2,7,At Risk,Kiran Bose,Male,58,South,New
CUST04543,2024-12-11,14,633940.0,20,4,5,5,14,Champions,Amit Das,Male,39,South,Returning
CUST04544,2024-12-02,8,309119.0,29,4,2,3,9,At Risk,Vivaan Joshi,Male,51,East,New
CUST04545,2024-06-14,8,369710.0,200,1,2,3,6,Hibernating,Vivaan Nair,Male,32,South,Returning
CUST04546,2024-10-13,13,587135.5,79,2,5,4,11,Loyal Customers,Kavya Shah,Female,27,South,Returning
CUST04547,2024-08-31,8,374071.0,122,2,2,3,7,At Risk,Kiran Reddy,Male,32,West,Returning
CUST04548,2024-03-01,11,255608.0,305,1,4,2,7,At Risk,Aadhya Yadav,Female,59,South,New
CUST04549,2024-06-01,6,420874.0,213,1,1,3,5,Hibernating,Mahi Reddy,Female,46,West,Returning
CUST04550,2024-09-10,4,51068.0,112,2,1,1,4,Hibernating,Pari Agarwal,Female,40,East,Returning
CUST04551,2024-11-09,8,483534.0,52,3,2,4,9,At Risk,Aadhya Joshi,Female,34,South,New
CUST04552,2024-10-28,6,109547.0,64,3,1,1,5,Hibernating,Ramesh Patel,Male,26,East,Returning
CUST04553,2024-10-29,10,399878.0,63,3,3,3,9,At Risk,Ayaan Mehta,Male,53,East,Returning
CUST04554,2024-10-07,13,397376.5,85,2,5,3,10,Loyal Customers,Diya Reddy,Female,26,West,New
CUST04555,2024-11-13,12,499951.0,48,3,4,4,11,Loyal Customers,Ishaan Patel,Male,33,South,Returning
CUST04556,2024-12-31,12,938331.0,0,5,4,5,14,Champions,Anika Sharma,Female,53,North,New
CUST04557,2024-12-22,5,284878.0,9,5,1,2,8,At Risk,Nisha Mishra,Female,50,West,Returning
CUST04558,2024-12-28,14,279423.0,3,5,5,2,12,Loyal Customers,Aadhya Agarwal,Female,48,North,Returning
CUST04559,2024-11-05,8,151188.0,56,3,2,1,6,Hibernating,Priya Nair,Female,23,West,New
CUST04560,2024-03-10,6,177235.5,296,1,1,2,4,Hibernating,Ishita Singh,Female,27,Central,Returning
CUST04561,2024-07-26,7,657822.0,158,1,2,5,8,At Risk,Nisha Joshi,Female,33,South,Returning
CUST04562,2024-12-23,16,1083296.0,8,5,5,5,15,Champions,Rohit Verma,Male,21,Central,Returning
CUST04563,2024-07-26,10,899685.0,158,1,3,5,9,At Risk,Priya Das,Female,39,South,New
CUST04564,2024-12-24,10,285534.0,7,5,3,2,10,Loyal Customers,Ayaan Patel,Male,30,West,New
CUST04565,2024-11-10,11,182186.5,51,3,4,2,9,At Risk,Manish Jain,Male,33,East,New
CUST04566,2024-04-21,7,350140.0,254,1,2,3,6,Hibernating,Lakshmi Singh,Female,46,East,Returning
CUST04567,2024-12-06,10,449660.0,25,4,3,4,11,Loyal Customers,Kiran Agarwal,Male,23,Central,New
CUST04568,2024-08-08,8,450930.5,145,2,2,4,8,At Risk,Vihaan Patel,Male,43,West,Returning
CUST04569,2024-12-21,7,165761.0,10,5,2,1,8,At Risk,Vivaan Verma,Male,28,West,Returning
CUST04570,2024-08-04,6,234640.0,149,1,1,2,4,Hibernating,Anjali Reddy,Female,41,South,Returning
CUST04571,2024-10-11,18,388601.0,81,2,5,3,10,Loyal Customers,Aditya Kumar,Male,46,Central,Returning
CUST04572,2024-12-23,13,1210434.0,8,5,5,5,15,Champions,Ananya Chatterjee,Female,20,Central,Returning
CUST04573,2024-12-30,9,272478.0,1,5,3,2,10,Loyal Customers,Vivaan Iyer,Male,27,South,New
CUST04574,2024-09-26,8,633963.0,96,2,2,5,9,At Risk,Simran Mishra,Female,18,East,New
CUST04575,2024-11-09,10,190093.0,52,3,3,2,8,At Risk,Pari Singh,Female,60,North,New
CUST04576,2024-06-07,9,133262.5,207,1,3,1,5,Hibernating,Vivaan Shah,Male,43,North,New
CUST04577,2024-08-09,12,345299.0,144,2,4,3,9,At Risk,Vivaan Iyer,Male,29,South,Returning
CUST04578,2024-12-16,10,196625.0,15,5,3,2,10,Loyal Customers,Suresh Yadav,Male,31,North,New
CUST04579,2024-10-20,8,229368.0,72,2,2,2,6,Hibernating,Anika Jain,Female,42,North,Returning
CUST04580,2024-12-22,6,80569.0,9,5,1,1,7,At Risk,Kavya Joshi,Female,25,East,New
CUST04581,2024-12-22,8,153320.0,9,5,2,1,8,At Risk,Simran Jain,Female,60,North,New
CUST04582,2024-11-23,10,668497.0,38,4,3,5,12,Loyal Customers,Aarav Chatterjee,Male,21,West,Returning
CUST04583,2024-11-27,12,371531.5,34,4,4,3,11,Loyal Customers,Anjali Chatterjee,Female,45,South,New
CUST04584,2024-11-10,10,468836.0,51,3,3,4,10,Loyal Customers,Kavya Jain,Female,24,North,Returning
CUST04585,2024-11-12,7,813275.5,49,3,2,5,10,Loyal Customers,Simran Singh,Female,27,East,Returning
CUST04586,2024-12-23,11,587731.5,8,5,4,4,13,Champions,Priya Sharma,Female,53,Central,Returning
CUST04587,2024-04-15,7,229020.0,260,1,2,2,5,Hibernating,Kiran Das,Male,19,East,New
CUST04588,2024-10-21,9,161878.5,71,2,3,1,6,Hibernating,Rohit Agarwal,Male,43,East,Returning
CUST04589,2023-12-04,5,146001.0,393,1,1,1,3,Lost,Mahi Singh,Female,31,West,New
CUST04590,2024-11-28,9,816978.0,33,4,3,5,12,Loyal Customers,Anika Sharma,Female,33,South,Returning
CUST04591,2023-11-07,9,546504.0,420,1,3,4,8,At Risk,Simran Patel,Female,60,North,New
CUST04592,2024-12-16,5,79388.0,15,5,1,1,7,At Risk,Deepak Mehta,Male,59,North,New
CUST04593,2024-01-09,10,486886.0,357,1,3,4,8,At Risk,Deepak Kumar,Male,34,West,Returning
CUST04594,2024-09-15,8,593330.0,107,2,2,4,8,At Risk,Rahul Nair,Male,63,East,New
CUST04595,2024-10-04,7,219455.0,88,2,2,2,6,Hibernating,Amit Mishra,Male,39,East,Returning
CUST04596,2024-11-14,13,652448.0,47,3,5,5,13,Champions,Nisha Jain,Female,21,North,New
CUST04597,2024-11-04,7,56206.0,57,3,2,1,6,Hibernating,Lakshmi Gupta,Female,36,North,Returning
CUST04598,2024-10-09,11,239018.0,83,2,4,2,8,At Risk,Ayaan Kumar,Male,19,Central,Returning
CUST04599,2024-10-08,6,193190.0,84,2,1,2,5,Hibernating,Vivaan Verma,Male,56,Central,Returning
CUST04600,2024-10-15,11,367364.0,77,2,4,3,9,At Risk,Arjun Iyer,Male,26,East,Returning
CUST04601,2024-12-16,12,304801.0,15,5,4,3,12,Loyal Customers,Deepak Mishra,Male,36,West,Returning
CUST04602,2024-11-05,11,607881.0,56,3,4,4,11,Loyal Customers,Sonal Pillai,Female,33,West,Returning
CUST04603,2024-03-18,12,692229.0,288,1,4,5,10,Loyal Customers,Riya Agarwal,Female,42,South,New
CUST04604,2024-11-19,14,696300.0,42,3,5,5,13,Champions,Prateek Kumar,Male,35,West,Returning
CUST04605,2024-10-03,10,407342.0,89,2,3,3,8,At Risk,Navya Bose,Female,40,East,New
CUST04606,2024-09-25,10,295298.0,97,2,3,3,8,At Risk,Riya Jain,Female,38,North,New
CUST04607,2024-11-05,7,350021.0,56,3,2,3,8,At Risk,Priya Iyer,Female,28,West,New
CUST04608,2024-12-25,13,448421.0,6,5,5,4,14,Champions,Amit Sharma,Male,56,West,Returning
CUST04609,2024-01-26,9,213080.0,340,1,3,2,6,Hibernating,Sonal Agarwal,Female,58,West,Returning
CUST04610,2024-12-06,10,156117.0,25,4,3,1,8,At Risk,Arjun Verma,Male,21,South,New
CUST04611,2024-05-27,7,480668.0,218,1,2,4,7,At Risk,Ayaan Das,Male,42,East,Returning
CUST04612,2024-12-18,8,46953.0,13,5,2,1,8,At Risk,Prateek Verma,Male,49,East,Returning
CUST04613,2024-12-11,16,512555.0,20,4,5,4,13,Champions,Ramesh Pillai,Male,47,East,Returning
CUST04614,2024-12-11,12,430498.0,20,4,4,3,11,Loyal Customers,Reyansh Mehta,Male,62,West,Returning
CUST04615,2024-11-12,10,586060.5,49,3,3,4,10,Loyal Customers,Reyansh Patel,Male,43,East,New
CUST04616,2024-12-13,5,139521.0,18,4,1,1,6,Hibernating,Rohit Mehta,Male,53,South,New
CUST04617,2024-12-21,14,363452.5,10,5,5,3,13,Champions,Nisha Chatterjee,Female,51,North,New
CUST04618,2024-12-20,14,411964.0,11,5,5,3,13,Champions,Simran Reddy,Female,26,East,Returning
CUST04619,2024-10-14,13,680875.0,78,2,5,5,12,Loyal Customers,Deepak Agarwal,Male,29,East,Returning
CUST04620,2024-11-06,12,352511.0,55,3,4,3,10,Loyal Customers,Priya Jain,Female,19,Central,New
CUST04621,2024-03-24,13,1049748.0,282,1,5,5,11,Loyal Customers,Riya Mishra,Female,55,Central,New
CUST04622,2024-12-27,11,650152.0,4,5,4,5,14,Champions,Priya Gupta,Female,22,West,Returning
CUST04623,2024-10-31,5,41875.5,61,3,1,1,5,Hibernating,Vihaan Chatterjee,Male,22,North,Returning
CUST04624,2024-11-18,8,309892.0,43,3,2,3,8,At Risk,Ananya Bose,Female,39,South,Returning
CUST04625,2024-11-04,6,172150.0,57,3,1,2,6,Hibernating,Ishita Sharma,Female,22,West,Returning
CUST04626,2024-11-20,14,396284.0,41,3,5,3,11,Loyal Customers,Ishita Joshi,Female,21,Central,Returning
CUST04627,2023-11-27,8,265836.0,400,1,2,2,5,Hibernating,Kiran Jain,Male,26,South,Returning
CUST04628,2024-08-26,9,212393.0,127,2,3,2,7,At Risk,Reyansh Joshi,Male,46,South,Returning
CUST04629,2024-10-30,9,963626.0,62,3,3,5,11,Loyal Customers,Nisha Reddy,Female,39,West,New
CUST04630,2024-11-12,15,726608.0,49,3,5,5,13,Champions,Suresh Mehta,Male,44,North,Returning
CUST04631,2024-10-12,10,171886.0,80,2,3,2,7,At Risk,Suresh Gupta,Male,27,West,Returning
CUST04632,2024-11-04,7,790005.0,57,3,2,5,10,Loyal Customers,Aarav Pillai,Male,33,East,New
CUST04633,2024-12-09,12,549172.0,22,4,4,4,12,Loyal Customers,Aadhya Patel,Female,59,South,New
CUST04634,2024-11-10,11,691217.0,51,3,4,5,12,Loyal Customers,Sneha Sharma,Female,59,East,Returning
CUST04635,2024-10-20,9,167365.0,72,2,3,1,6,Hibernating,Prateek Singh,Male,27,North,Returning
CUST04636,2023-01-24,4,427354.0,707,1,1,3,5,Hibernating,Navya Iyer,Female,23,North,Returning
CUST04637,2024-12-10,15,117922.0,21,4,5,1,10,Loyal Customers,Kiran Mehta,Male,22,South,New
CUST04638,2024-12-29,15,386234.0,2,5,5,3,13,Champions,Divya Pillai,Female,23,North,Returning
CUST04639,2024-07-07,9,133690.0,177,1,3,1,5,Hibernating,Ananya Sharma,Female,64,West,New
CUST04640,2024-10-03,6,354294.0,89,2,1,3,6,Hibernating,Mahi Mehta,Female,42,East,Returning
CUST04641,2024-02-29,10,101090.0,306,1,3,1,5,Hibernating,Riya Gupta,Female,21,North,Returning
CUST04642,2024-08-25,8,620939.0,128,2,2,4,8,At Risk,Ayaan Nair,Male,57,South,Returning
CUST04643,2024-07-16,12,263267.0,168,1,4,2,7,At Risk,Diya Reddy,Female,49,West,Returning
CUST04644,2024-10-05,13,288578.0,87,2,5,2,9,At Risk,Prateek Joshi,Male,52,East,Returning
CUST04645,2024-11-08,14,526854.5,53,3,5,4,12,Loyal Customers,Diya Mehta,Female,27,North,Returning
CUST04646,2024-12-28,11,356755.5,3,5,4,3,12,Loyal Customers,Aadhya Gupta,Female,51,North,Returning
CUST04647,2024-10-28,8,100614.0,64,3,2,1,6,Hibernating,Pooja Singh,Female,53,North,New
CUST04648,2024-08-21,11,110806.0,132,2,4,1,7,At Risk,Aarav Kumar,Male,23,North,Returning
CUST04649,2024-10-13,9,640712.0,79,2,3,5,10,Loyal Customers,Anjali Singh,Female,60,South,Returning
CUST04650,2024-12-31,16,331388.5,0,5,5,3,13,Champions,Rohit Mehta,Male,63,West,Returning
CUST04651,2024-11-24,13,471126.0,37,4,5,4,13,Champions,Ishaan Chatterjee,Male,33,South,New
CUST04652,2024-12-27,11,282408.0,4,5,4,2,11,Loyal Customers,Ishita Pillai,Female,36,North,Returning
CUST04653,2024-10-11,14,420814.0,81,2,5,3,10,Loyal Customers,Amit Gupta,Male,51,South,New
CUST04654,2024-08-23,8,226883.0,130,2,2,2,6,Hibernating,Sonal Jain,Female,42,West,New
CUST04655,2024-11-26,9,369069.0,35,4,3,3,10,Loyal Customers,Ramesh Patel,Male,48,West,Returning
CUST04656,2024-10-27,10,321874.0,65,3,3,3,9,At Risk,Vihaan Kumar,Male,58,East,Returning
CUST04657,2024-11-12,10,671317.0,49,3,3,5,11,Loyal Customers,Navya Mehta,Female,34,North,New
CUST04658,2024-11-15,5,100662.0,46,3,1,1,5,Hibernating,Reyansh Shah,Male,64,North,Returning
CUST04659,2024-12-13,10,420260.0,18,4,3,3,10,Loyal Customers,Suresh Pillai,Male,47,East,New
CUST04660,2023-12-30,12,333682.0,367,1,4,3,8,At Risk,Priya Jain,Female,56,South,Returning
CUST04661,2024-12-11,10,329057.5,20,4,3,3,10,Loyal Customers,Ramesh Joshi,Male,48,East,Returning
CUST04662,2024-12-20,15,801524.0,11,5,5,5,15,Champions,Ananya Jain,Female,36,South,Returning
CUST04663,2024-12-22,10,365383.0,9,5,3,3,11,Loyal Customers,Deepak Mehta,Male,52,West,Returning
CUST04664,2024-12-30,8,516281.0,1,5,2,4,11,Loyal Customers,Meera Iyer,Female,46,East,New
CUST04665,2024-06-09,10,744729.0,205,1,3,5,9,At Risk,Navya Reddy,Female,18,Central,New
CUST04666,2024-12-23,10,208484.5,8,5,3,2,10,Loyal Customers,Ishita Verma,Female,21,North,Returning
CUST04667,2024-09-14,7,227158.0,108,2,2,2,6,Hibernating,Krishna Kumar,Male,45,North,New
CUST04668,2024-12-01,11,830481.0,30,4,4,5,13,Champions,Sonal Agarwal,Female,35,West,Returning
CUST04669,2024-09-09,9,416611.0,113,2,3,3,8,At Risk,Nisha Mehta,Female,43,North,Returning
CUST04670,2024-02-09,7,270805.0,326,1,2,2,5,Hibernating,Pari Bose,Female,57,Central,New
CUST04671,2024-12-29,12,595172.0,2,5,4,4,13,Champions,Manish Patel,Male,36,Central,Returning
CUST04672,2024-10-15,13,933761.5,77,2,5,5,12,Loyal Customers,Diya Das,Female,23,South,New
CUST04673,2024-12-20,9,600819.0,11,5,3,4,12,Loyal Customers,Anjali Das,Female,18,North,New
CUST04674,2024-09-29,8,66500.5,93,2,2,1,5,Hibernating,Amit Bose,Male,25,West,Returning
CUST04675,2024-03-19,13,270320.0,287,1,5,2,8,At Risk,Rahul Chatterjee,Male,50,South,Returning
CUST04676,2024-12-30,6,513086.0,1,5,1,4,10,Loyal Customers,Diya Reddy,Female,60,East,Returning
CUST04677,2024-11-28,16,1144029.5,33,4,5,5,14,Champions,Amit Das,Male,38,West,New
CUST04678,2024-10-30,14,346967.0,62,3,5,3,11,Loyal Customers,Nisha Bose,Female,41,South,Returning
CUST04679,2024-11-14,10,602441.0,47,3,3,4,10,Loyal Customers,Nisha Nair,Female,42,West,New
CUST04680,2024-03-14,9,655888.0,292,1,3,5,9,At Risk,Divya Yadav,Female,64,East,New
CUST04681,2024-11-22,13,152862.0,39,3,5,1,9,At Risk,Deepak Verma,Male,60,North,Returning
CUST04682,2024-12-23,12,364605.0,8,5,4,3,12,Loyal Customers,Reyansh Joshi,Male,36,West,Returning
CUST04683,2024-10-06,10,452898.0,86,2,3,4,9,At Risk,Mahi Chatterjee,Female,46,South,New
CUST04684,2024-12-28,14,170384.0,3,5,5,2,12,Loyal Customers,Ayaan Yadav,Male,27,South,Returning
CUST04685,2023-11-26,4,69505.0,401,1,1,1,3,Lost,Mahi Iyer,Female,29,East,Returning
CUST04686,2024-05-31,5,45333.0,214,1,1,1,3,Lost,Ramesh Yadav,Male,50,North,New
CUST04687,2024-08-23,7,529583.0,130,2,2,4,8,At Risk,Deepak Gupta,Male,24,West,New
CUST04688,2024-12-23,10,489886.5,8,5,3,4,12,Loyal Customers,Amit Nair,Male,34,East,Returning
CUST04689,2024-04-01,15,190530.0,274,1,5,2,8,At Risk,Prateek Patel,Male,27,North,Returning
CUST04690,2024-11-23,8,122882.0,38,4,2,1,7,At Risk,Navya Patel,Female,48,East,New
CUST04691,2024-12-29,14,510465.0,2,5,5,4,14,Champions,Ishaan Chatterjee,Male,23,South,New
CUST04692,2023-12-02,8,813320.0,395,1,2,5,8,At Risk,Rahul Pillai,Male,34,Central,New
CUST04693,2024-11-20,8,462101.0,41,3,2,4,9,At Risk,Ayaan Agarwal,Male,54,East,Returning
CUST04694,2024-03-08,8,167153.0,298,1,2,1,4,Hibernating,Vivaan Chatterjee,Male,35,South,Returning
CUST04695,2024-10-14,11,565481.0,78,2,4,4,10,Loyal Customers,Rahul Jain,Male,43,North,Returning
CUST04696,2024-10-10,9,251195.0,82,2,3,2,7,At Risk,Priya Mishra,Female,33,East,Returning
CUST04697,2024-12-01,10,174277.0,30,4,3,2,9,At Risk,Kiran Chatterjee,Male,25,West,New
CUST04698,2024-11-22,11,356917.0,39,3,4,3,10,Loyal Customers,Ramesh Mishra,Male,41,West,New
CUST04699,2024-09-01,8,364992.0,121,2,2,3,7,At Risk,Amit Bose,Male,30,South,New
CUST04700,2024-12-11,14,898759.0,20,4,5,5,14,Champions,Priya Nair,Female,46,West,Returning
CUST04701,2024-11-07,3,149516.0,54,3,1,1,5,Hibernating,Suresh Sharma,Male,49,North,Returning
CUST04702,2024-12-28,9,139471.0,3,5,3,1,9,At Risk,Sai Chatterjee,Male,41,East,New
CUST04703,2024-11-03,13,195189.0,58,3,5,2,10,Loyal Customers,Ishita Nair,Female,33,North,Returning
CUST04704,2024-11-05,9,607216.0,56,3,3,4,10,Loyal Customers,Pari Pillai,Female,28,North,Returning
CUST04705,2024-11-19,7,17024.0,42,3,2,1,6,Hibernating,Aditya Iyer,Male,49,East,Returning
CUST04706,2024-12-20,17,708233.0,11,5,5,5,15,Champions,Rahul Das,Male,23,East,New
CUST04707,2023-12-22,6,589346.5,375,1,1,4,6,Hibernating,Meera Patel,Female,52,East,New
CUST04708,2024-11-02,9,534414.0,59,3,3,4,10,Loyal Customers,Krishna Joshi,Male,50,West,New
CUST04709,2024-05-02,8,790879.0,243,1,2,5,8,At Risk,Anika Singh,Female,35,East,Returning
CUST04710,2024-12-01,18,621266.0,30,4,5,4,13,Champions,Pari Pillai,Female,54,West,Returning
CUST04711,2024-11-05,12,794334.0,56,3,4,5,12,Loyal Customers,Vivaan Shah,Male,30,North,Returning
CUST04712,2024-12-13,10,294293.0,18,4,3,3,10,Loyal Customers,Reyansh Reddy,Male,27,South,Returning
CUST04713,2024-12-14,12,311014.0,17,5,4,3,12,Loyal Customers,Reyansh Reddy,Male,54,Central,Returning
CUST04714,2024-10-24,19,722121.0,68,3,5,5,13,Champions,Pooja Iyer,Female,43,Central,New
CUST04715,2024-10-23,12,556991.0,69,3,4,4,11,Loyal Customers,Krishna Mehta,Male,63,North,New
CUST04716,2024-11-19,13,177149.0,42,3,5,2,10,Loyal Customers,Manish Kumar,Male,34,West,Returning
CUST04717,2024-12-09,12,365072.0,22,4,4,3,11,Loyal Customers,Meera Nair,Female,18,East,New
CUST04718,2024-12-06,10,320624.0,25,4,3,3,10,Loyal Customers,Aadhya Iyer,Female,42,East,Returning
CUST04719,2024-10-16,9,357834.0,76,2,3,3,8,At Risk,Ishaan Pillai,Male,51,East,Returning
CUST04720,2024-11-23,19,1352778.5,38,4,5,5,14,Champions,Anjali Yadav,Female,56,West,Returning
CUST04721,2024-08-07,10,334094.0,146,2,3,3,8,At Risk,Deepak Sharma,Male,27,West,New
CUST04722,2024-11-12,7,358078.0,49,3,2,3,8,At Risk,Nikhil Das,Male,37,West,New
CUST04723,2024-06-27,12,604113.5,187,1,4,4,9,At Risk,Arjun Yadav,Male,24,West,New
CUST04724,2024-12-18,10,597741.0,13,5,3,4,12,Loyal Customers,Ayaan Joshi,Male,33,West,Returning
CUST04725,2024-12-28,11,234419.0,3,5,4,2,11,Loyal Customers,Reyansh Bose,Male,54,West,New
CUST04726,2024-08-19,8,183318.0,134,2,2,2,6,Hibernating,Ayaan Das,Male,46,North,New
CUST04727,2024-10-09,10,469248.0,83,2,3,4,9,At Risk,Divya Shah,Female,29,South,New
CUST04728,2024-12-09,10,734715.0,22,4,3,5,12,Loyal Customers,Lakshmi Chatterjee,Female,34,West,Returning
CUST04729,2024-12-11,16,255861.0,20,4,5,2,11,Loyal Customers,Priya Patel,Female,37,South,Returning
CUST04730,2024-02-28,8,1135142.5,307,1,2,5,8,At Risk,Rohit Mehta,Male,43,East,Returning
CUST04731,2024-02-21,11,110794.0,314,1,4,1,6,Hibernating,Ramesh Mishra,Male,36,West,Returning
CUST04732,2024-09-16,10,1014262.0,106,2,3,5,10,Loyal Customers,Reyansh Chatterjee,Male,64,South,Returning
CUST04733,2024-11-19,12,426373.5,42,3,4,3,10,Loyal Customers,Lakshmi Shah,Female,29,South,New
CUST04734,2024-12-05,9,850643.0,26,4,3,5,12,Loyal Customers,Aadhya Pillai,Female,38,South,New
CUST04735,2024-10-22,14,429481.0,70,3,5,3,11,Loyal Customers,Arjun Agarwal,Male,59,East,Returning
CUST04736,2024-10-13,7,107480.5,79,2,2,1,5,Hibernating,Arjun Iyer,Male,51,North,Returning
CUST04737,2024-12-06,12,441866.0,25,4,4,4,12,Loyal Customers,Aarav Bose,Male,24,South,New
CUST04738,2023-08-06,7,320288.0,513,1,2,3,6,Hibernating,Amit Reddy,Male,62,West,New
CUST04739,2024-12-11,12,426164.0,20,4,4,3,11,Loyal Customers,Ayaan Mishra,Male,52,North,Returning
CUST04740,2024-03-12,7,215812.0,294,1,2,2,5,Hibernating,Kavya Yadav,Female,32,North,New
CUST04741,2024-11-04,7,586202.0,57,3,2,4,9,At Risk,Meera Iyer,Female,18,North,Returning
CUST04742,2024-09-29,12,116040.0,93,2,4,1,7,At Risk,Rohit Agarwal,Male,43,East,New
CUST04743,2024-12-11,13,393460.5,20,4,5,3,12,Loyal Customers,Aarav Agarwal,Male,52,North,New
CUST04744,2024-06-12,7,22581.5,202,1,2,1,4,Hibernating,Ananya Kumar,Female,42,North,New
CUST04745,2024-12-23,12,287043.5,8,5,4,2,11,Loyal Customers,Arjun Reddy,Male,59,South,Returning
CUST04746,2023-10-13,5,326493.0,445,1,1,3,5,Hibernating,Deepak Jain,Male,32,East,Returning
CUST04747,2024-10-24,5,43780.0,68,3,1,1,5,Hibernating,Manish Agarwal,Male,39,West,New
CUST04748,2024-12-18,11,611583.0,13,5,4,4,13,Champions,Suresh Yadav,Male,23,East,Returning
CUST04749,2024-12-19,11,386475.0,12,5,4,3,12,Loyal Customers,Reyansh Yadav,Male,32,West,New
CUST04750,2024-12-02,11,522294.0,29,4,4,4,12,Loyal Customers,Pari Shah,Female,41,Central,New
CUST04751,2024-06-04,6,44051.0,210,1,1,1,3,Lost,Suresh Mehta,Male,38,South,Returning
CUST04752,2024-11-10,9,230037.0,51,3,3,2,8,At Risk,Nikhil Singh,Male,24,East,New
CUST04753,2024-10-04,10,586874.5,88,2,3,4,9,At Risk,Priya Agarwal,Female,46,South,Returning
CUST04754,2024-08-21,9,78733.5,132,2,3,1,6,Hibernating,Kiran Iyer,Male,49,East,Returning
CUST04755,2024-07-22,11,425178.0,162,1,4,3,8,At Risk,Pari Gupta,Female,49,West,Returning
CUST04756,2024-12-25,11,964716.0,6,5,4,5,14,Champions,Anika Shah,Female,22,West,Returning
CUST04757,2024-12-31,12,669646.5,0,5,4,5,14,Champions,Sai Verma,Male,21,South,Returning
CUST04758,2024-09-27,10,593452.0,95,2,3,4,9,At Risk,Simran Bose,Female,39,North,New
CUST04759,2024-10-07,5,384401.0,85,2,1,3,6,Hibernating,Aarav Gupta,Male,35,East,Returning
CUST04760,2024-12-05,6,166146.5,26,4,1,1,6,Hibernating,Mahi Patel,Female,52,South,New
CUST04761,2024-11-16,14,150227.0,45,3,5,1,9,At Risk,Suresh Iyer,Male,34,South,Returning
CUST04762,2024-10-20,12,314990.5,72,2,4,3,9,At Risk,Mahi Joshi,Female,41,South,New
CUST04763,2024-10-19,9,316651.0,73,2,3,3,8,At Risk,Riya Das,Female,19,South,Returning
CUST04764,2024-11-07,4,387456.0,54,3,1,3,7,At Risk,Aditya Chatterjee,Male,30,East,Returning
CUST04765,2024-09-11,11,451193.0,111,2,4,4,10,Loyal Customers,Vivaan Pillai,Male,32,North,Returning
CUST04766,2024-10-30,6,157956.5,62,3,1,1,5,Hibernating,Sonal Sharma,Female,22,East,Returning
CUST04767,2024-12-11,14,375480.0,20,4,5,3,12,Loyal Customers,Diya Reddy,Female,20,West,Returning
CUST04768,2024-12-20,8,468312.0,11,5,2,4,11,Loyal Customers,Ramesh Yadav,Male,54,East,New
CUST04769,2024-11-12,12,278232.0,49,3,4,2,9,At Risk,Diya Singh,Female,54,West,Returning
CUST04770,2024-11-30,10,1069005.5,31,4,3,5,12,Loyal Customers,Arjun Shah,Male,54,East,New
CUST04771,2024-09-10,8,109901.5,112,2,2,1,5,Hibernating,Ramesh Bose,Male,20,South,New
CUST04772,2024-11-21,11,389470.0,40,3,4,3,10,Loyal Customers,Aditya Yadav,Male,52,North,Returning
CUST04773,2024-12-15,11,706339.5,16,5,4,5,14,Champions,Reyansh Kumar,Male,40,East,Returning
CUST04774,2024-10-20,10,529030.0,72,2,3,4,9,At Risk,Mahi Iyer,Female,45,East,Returning
CUST04775,2024-12-02,14,1108529.5,29,4,5,5,14,Champions,Ramesh Bose,Male,47,North,Returning
CUST04776,2024-02-08,8,514063.0,327,1,2,4,7,At Risk,Diya Jain,Female,35,South,Returning
CUST04777,2024-12-03,13,466290.0,28,4,5,4,13,Champions,Deepak Iyer,Male,53,South,New
CUST04778,2024-09-07,9,100319.0,115,2,3,1,6,Hibernating,Deepak Mehta,Male,50,North,Returning
CUST04779,2024-12-12,13,539558.0,19,4,5,4,13,Champions,Rahul Chatterjee,Male,43,North,Returning
CUST04780,2023-11-03,5,52088.0,424,1,1,1,3,Lost,Krishna Mehta,Male,57,West,Returning
CUST04781,2024-11-15,14,266240.0,46,3,5,2,10,Loyal Customers,Aarav Kumar,Male,34,West,New
CUST04782,2024-11-30,15,690668.0,31,4,5,5,14,Champions,Kiran Patel,Male,57,North,New
CUST04783,2024-12-28,9,395522.0,3,5,3,3,11,Loyal Customers,Anjali Jain,Female,24,East,Returning
CUST04784,2024-11-27,8,212340.0,34,4,2,2,8,At Risk,Ayaan Das,Male,25,East,New
CUST04785,2024-10-13,6,466585.0,79,2,1,4,7,At Risk,Rohit Agarwal,Male,48,East,Returning
CUST04786,2024-11-07,9,244691.0,54,3,3,2,8,At Risk,Nikhil Chatterjee,Male,29,East,New
CUST04787,2024-11-17,12,120641.0,44,3,4,1,8,At Risk,Lakshmi Agarwal,Female,48,North,Returning
CUST04788,2024-11-16,8,367550.5,45,3,2,3,8,At Risk,Ananya Patel,Female,61,North,Returning
CUST04789,2024-11-02,7,81527.0,59,3,2,1,6,Hibernating,Ishaan Chatterjee,Male,36,North,New
CUST04790,2024-12-22,10,324819.5,9,5,3,3,11,Loyal Customers,Amit Iyer,Male,27,East,Returning
CUST04791,2024-05-01,7,206031.0,244,1,2,2,5,Hibernating,Suresh Jain,Male,56,North,New
CUST04792,2024-12-05,11,460297.5,26,4,4,4,12,Loyal Customers,Diya Mishra,Female,29,North,New
CUST04793,2024-12-12,8,559428.0,19,4,2,4,10,Loyal Customers,Ayaan Gupta,Male,37,East,New
CUST04794,2024-01-30,5,39002.0,336,1,1,1,3,Lost,Manish Mishra,Male,54,East,Returning
CUST04795,2024-10-07,6,27485.0,85,2,1,1,4,Hibernating,Kiran Yadav,Male,58,Central,New
CUST04796,2024-12-29,8,650518.0,2,5,2,5,12,Loyal Customers,Sai Agarwal,Male,24,South,Returning
CUST04797,2024-11-06,13,434015.0,55,3,5,4,12,Loyal Customers,Vihaan Yadav,Male,31,North,Returning
CUST04798,2024-03-13,8,398540.0,293,1,2,3,6,Hibernating,Ananya Joshi,Female,28,East,Returning
CUST04799,2024-12-19,8,165239.0,12,5,2,1,8,At Risk,Sai Nair,Male,24,East,Returning
CUST04800,2024-12-18,8,442120.0,13,5,2,4,11,Loyal Customers,Meera Iyer,Female,46,Central,Returning
CUST04801,2024-12-15,7,348465.0,16,5,2,3,10,Loyal Customers,Aditya Mehta,Male,27,South,New
CUST04802,2024-12-17,9,530484.0,14,5,3,4,12,Loyal Customers,Nikhil Mishra,Male,46,South,Returning
CUST04803,2024-12-15,15,256842.0,16,5,5,2,12,Loyal Customers,Meera Singh,Female,26,South,New
CUST04804,2023-11-15,6,111887.5,412,1,1,1,3,Lost,Amit Patel,Male,53,West,Returning
CUST04805,2024-05-12,8,241954.0,233,1,2,2,5,Hibernating,Anika Das,Female,27,East,Returning
CUST04806,2024-12-05,13,631372.0,26,4,5,5,14,Champions,Rohit Mishra,Male,36,South,New
CUST04807,2024-12-29,12,435323.5,2,5,4,4,13,Champions,Kiran Gupta,Male,48,South,Returning
CUST04808,2024-12-22,7,734338.5,9,5,2,5,12,Loyal Customers,Pooja Mehta,Female,34,West,Returning
CUST04809,2024-10-07,10,210569.5,85,2,3,2,7,At Risk,Rahul Verma,Male,26,West,New
CUST04810,2024-12-22,7,121505.0,9,5,2,1,8,At Risk,Lakshmi Sharma,Female,62,North,Returning
CUST04811,2024-12-09,7,130100.0,22,4,2,1,7,At Risk,Aditya Chatterjee,Male,50,North,New
CUST04812,2024-11-28,12,1219561.0,33,4,4,5,13,Champions,Anjali Reddy,Female,51,South,Returning
CUST04813,2024-10-16,7,654932.5,76,2,2,5,9,At Risk,Suresh Mehta,Male,62,South,Returning
CUST04814,2024-10-16,5,164160.0,76,2,1,1,4,Hibernating,Suresh Verma,Male,41,West,Returning
CUST04815,2024-11-24,16,598792.0,37,4,5,4,13,Champions,Aadhya Nair,Female,26,West,Returning
CUST04816,2024-06-10,6,388325.5,204,1,1,3,5,Hibernating,Anika Kumar,Female,24,North,Returning
CUST04817,2024-12-15,13,142483.5,16,5,5,1,11,Loyal Customers,Priya Chatterjee,Female,33,North,Returning
CUST04818,2023-07-19,5,117832.0,531,1,1,1,3,Lost,Nisha Chatterjee,Female,36,South,Returning
CUST04819,2024-12-29,11,396378.5,2,5,4,3,12,Loyal Customers,Pari Patel,Female,56,East,Returning
CUST04820,2024-12-09,13,261154.5,22,4,5,2,11,Loyal Customers,Prateek Joshi,Male,23,North,Returning
CUST04821,2024-04-15,9,423007.0,260,1,3,3,7,At Risk,Kiran Kumar,Male,28,East,Returning
CUST04822,2024-11-09,13,344308.0,52,3,5,3,11,Loyal Customers,Nikhil Nair,Male,29,West,Returning
CUST04823,2024-10-29,19,599507.0,63,3,5,4,12,Loyal Customers,Sai Gupta,Male,59,South,Returning
CUST04824,2024-12-09,13,267851.5,22,4,5,2,11,Loyal Customers,Aarav Jain,Male,30,West,Returning
CUST04825,2024-05-14,8,356017.0,231,1,2,3,6,Hibernating,Vihaan Gupta,Male,29,East,New
CUST04826,2024-12-19,9,321654.0,12,5,3,3,11,Loyal Customers,Ishaan Singh,Male,38,North,Returning
CUST04827,2024-05-09,9,430990.5,236,1,3,3,7,At Risk,Meera Yadav,Female,27,East,Returning
CUST04828,2024-12-02,9,511306.0,29,4,3,4,11,Loyal Customers,Sai Patel,Male,37,South,Returning
CUST04829,2024-12-23,7,128742.0,8,5,2,1,8,At Risk,Aarav Nair,Male,53,Central,New
CUST04830,2024-01-12,4,86380.0,354,1,1,1,3,Lost,Arjun Chatterjee,Male,45,West,Returning
CUST04831,2024-12-09,8,32895.0,22,4,2,1,7,At Risk,Sneha Gupta,Female,41,South,New
CUST04832,2023-12-29,7,515347.0,368,1,2,4,7,At Risk,Mahi Verma,Female,22,East,New
CUST04833,2024-07-30,14,831397.0,154,1,5,5,11,Loyal Customers,Meera Mehta,Female,54,North,Returning
CUST04834,2024-12-24,12,990025.0,7,5,4,5,14,Champions,Kiran Verma,Male,29,East,Returning
CUST04835,2024-10-25,10,245047.5,67,3,3,2,8,At Risk,Rahul Singh,Male,52,South,New
CUST04836,2024-12-28,12,145394.0,3,5,4,1,10,Loyal Customers,Suresh Iyer,Male,57,West,Returning
CUST04837,2024-11-30,9,710361.0,31,4,3,5,12,Loyal Customers,Kiran Verma,Male,19,North,New
CUST04838,2024-11-23,15,604106.0,38,4,5,4,13,Champions,Manish Sharma,Male,58,East,New
CUST04839,2024-11-21,11,455543.0,40,3,4,4,11,Loyal Customers,Vivaan Yadav,Male,62,North,New
CUST04840,2024-12-09,24,1206719.0,22,4,5,5,14,Champions,Reyansh Joshi,Male,56,East,Returning
CUST04841,2024-10-15,12,749398.5,77,2,4,5,11,Loyal Customers,Sneha Joshi,Female,59,North,New
CUST04842,2024-06-30,11,93901.0,184,1,4,1,6,Hibernating,Mahi Patel,Female,26,North,New
CUST04843,2024-06-08,7,274540.0,206,1,2,2,5,Hibernating,Aarav Mishra,Male,39,East,Returning
CUST04844,2024-11-21,8,379090.5,40,3,2,3,8,At Risk,Aarav Sharma,Male,64,East,Returning
CUST04845,2024-06-29,7,201027.0,185,1,2,2,5,Hibernating,Rohit Mehta,Male,22,North,Returning
CUST04846,2024-12-27,13,815777.0,4,5,5,5,15,Champions,Aditya Joshi,Male,29,West,Returning
CUST04847,2024-10-24,11,158765.0,68,3,4,1,8,At Risk,Anika Gupta,Female,18,East,Returning
CUST04848,2024-08-14,6,455262.0,139,2,1,4,7,At Risk,Sai Verma,Male,61,Central,New
CUST04849,2024-03-02,7,474790.5,304,1,2,4,7,At Risk,Kavya Das,Female,39,South,Returning
CUST04850,2024-04-02,7,172978.0,273,1,2,2,5,Hibernating,Vihaan Reddy,Male,55,East,Returning
CUST04851,2024-12-12,10,519017.0,19,4,3,4,11,Loyal Customers,Priya Shah,Female,36,East,New
CUST04852,2024-10-11,5,137445.0,81,2,1,1,4,Hibernating,Reyansh Jain,Male,33,North,New
CUST04853,2024-12-15,17,899030.0,16,5,5,5,15,Champions,Mahi Shah,Female,48,South,Returning
CUST04854,2024-09-13,11,204428.0,109,2,4,2,8,At Risk,Suresh Mishra,Male,20,South,New
CUST04855,2024-02-22,8,260006.0,313,1,2,2,5,Hibernating,Anika Joshi,Female,40,North,Returning
CUST04856,2024-11-14,10,309546.0,47,3,3,3,9,At Risk,Reyansh Singh,Male,59,Central,Returning
CUST04857,2024-06-23,10,633635.0,191,1,3,5,9,At Risk,Amit Reddy,Male,35,South,New
CUST04858,2024-11-09,11,328816.0,52,3,4,3,10,Loyal Customers,Diya Sharma,Female,43,West,New
CUST04859,2024-12-09,13,1117193.0,22,4,5,5,14,Champions,Anjali Reddy,Female,30,East,Returning
CUST04860,2024-11-13,5,57071.0,48,3,1,1,5,Hibernating,Aadhya Yadav,Female,35,East,New
CUST04861,2024-12-24,19,953570.0,7,5,5,5,15,Champions,Mahi Chatterjee,Female,20,East,Returning
CUST04862,2024-12-09,12,420832.5,22,4,4,3,11,Loyal Customers,Ishita Patel,Female,40,North,Returning
CUST04863,2024-11-22,16,309979.0,39,3,5,3,11,Loyal Customers,Krishna Jain,Male,20,South,Returning
CUST04864,2024-12-14,6,374226.5,17,5,1,3,9,At Risk,Amit Verma,Male,42,West,Returning
CUST04865,2024-10-06,8,133460.0,86,2,2,1,5,Hibernating,Aditya Mehta,Male,44,East,New
CUST04866,2024-05-19,12,672932.5,226,1,4,5,10,Loyal Customers,Kavya Iyer,Female,61,South,New
CUST04867,2024-12-14,13,137871.5,17,5,5,1,11,Loyal Customers,Manish Bose,Male,44,North,Returning
CUST04868,2024-11-06,10,270676.5,55,3,3,2,8,At Risk,Vihaan Shah,Male,56,North,Returning
CUST04869,2024-12-10,12,329627.0,21,4,4,3,11,Loyal Customers,Divya Gupta,Female,42,East,New
CUST04870,2024-10-25,12,251892.0,67,3,4,2,9,At Risk,Pooja Singh,Female,41,South,Returning
CUST04871,2024-07-24,9,387978.0,160,1,3,3,7,At Risk,Manish Reddy,Male,25,East,New
CUST04872,2024-12-09,11,371653.0,22,4,4,3,11,Loyal Customers,Suresh Kumar,Male,26,West,Returning
CUST04873,2024-12-27,14,666794.5,4,5,5,5,15,Champions,Rohit Gupta,Male,63,West,Returning
CUST04874,2024-04-23,9,300639.0,252,1,3,3,7,At Risk,Rohit Bose,Male,54,Central,New
CUST04875,2024-12-09,8,213108.0,22,4,2,2,8,At Risk,Aditya Reddy,Male,47,West,New
CUST04876,2024-10-29,10,403131.0,63,3,3,3,9,At Risk,Aadhya Jain,Female,36,North,New
CUST04877,2024-04-14,12,249842.0,261,1,4,2,7,At Risk,Divya Chatterjee,Female,33,Central,Returning
CUST04878,2024-10-08,10,259847.0,84,2,3,2,7,At Risk,Anjali Das,Female,41,North,Returning
CUST04879,2022-11-15,4,390490.0,777,1,1,3,5,Hibernating,Ayaan Das,Male,61,Central,New
CUST04880,2024-12-21,13,569015.0,10,5,5,4,14,Champions,Divya Sharma,Female,38,North,Returning
CUST04881,2024-12-03,16,732455.5,28,4,5,5,14,Champions,Ayaan Sharma,Male,53,North,Returning
CUST04882,2024-12-22,10,326568.0,9,5,3,3,11,Loyal Customers,Manish Singh,Male,57,West,Returning
CUST04883,2024-12-22,15,1121722.5,9,5,5,5,15,Champions,Riya Joshi,Female,56,West,New
CUST04884,2024-05-12,5,32564.0,233,1,1,1,3,Lost,Ramesh Joshi,Male,64,South,New
CUST04885,2024-12-01,6,283293.0,30,4,1,2,7,At Risk,Manish Patel,Male,23,South,Returning
CUST04886,2024-10-29,12,151985.0,63,3,4,1,8,At Risk,Ananya Kumar,Female,22,South,Returning
CUST04887,2024-11-23,9,186075.0,38,4,3,2,9,At Risk,Amit Bose,Male,31,West,Returning
CUST04888,2024-12-28,13,720250.0,3,5,5,5,15,Champions,Riya Mehta,Female,62,West,Returning
CUST04889,2024-11-09,8,214279.0,52,3,2,2,7,At Risk,Arjun Yadav,Male,59,West,Returning
CUST04890,2024-11-29,10,263054.0,32,4,3,2,9,At Risk,Mahi Verma,Female,21,West,New
CUST04891,2024-06-22,11,318438.0,192,1,4,3,8,At Risk,Ayaan Jain,Male,25,East,Returning
CUST04892,2024-04-04,12,287890.0,271,1,4,2,7,At Risk,Kiran Reddy,Male,41,Central,Returning
CUST04893,2024-12-27,9,102284.0,4,5,3,1,9,At Risk,Navya Nair,Female,28,North,New
CUST04894,2024-11-11,10,271839.0,50,3,3,2,8,At Risk,Rohit Verma,Male,34,West,New
CUST04895,2024-11-09,11,600490.0,52,3,4,4,11,Loyal Customers,Rahul Mishra,Male,38,West,Returning
CUST04896,2024-12-07,11,143990.0,24,4,4,1,9,At Risk,Ishaan Sharma,Male,43,South,Returning
CUST04897,2024-10-16,14,189660.0,76,2,5,2,9,At Risk,Ayaan Reddy,Male,60,South,New
CUST04898,2024-08-27,6,365892.0,126,2,1,3,6,Hibernating,Rohit Joshi,Male,61,Central,New
CUST04899,2024-12-07,6,31790.0,24,4,1,1,6,Hibernating,Reyansh Shah,Male,62,North,Returning
CUST04900,2024-05-15,9,313579.0,230,1,3,3,7,At Risk,Ananya Joshi,Female,44,Central,Returning
CUST04901,2024-11-21,8,582553.0,40,3,2,4,9,At Risk,Ayaan Jain,Male,33,South,New
CUST04902,2024-03-31,8,219905.0,275,1,2,2,5,Hibernating,Suresh Das,Male,43,East,Returning
CUST04903,2024-10-03,8,396480.0,89,2,2,3,7,At Risk,Rohit Gupta,Male,50,South,New
CUST04904,2023-12-27,6,236161.0,370,1,1,2,4,Hibernating,Kiran Sharma,Male,48,North,New
CUST04905,2024-11-28,13,456962.5,33,4,5,4,13,Champions,Pari Bose,Female,64,North,New
CUST04906,2024-12-23,10,746728.0,8,5,3,5,13,Champions,Aditya Mehta,Male,23,East,New
CUST04907,2024-12-02,10,275982.0,29,4,3,2,9,At Risk,Ananya Kumar,Female,61,North,New
CUST04908,2023-12-09,7,652490.0,388,1,2,5,8,At Risk,Reyansh Kumar,Male,25,Central,Returning
CUST04909,2024-11-30,11,550489.0,31,4,4,4,12,Loyal Customers,Pari Gupta,Female,24,North,New
CUST04910,2024-11-17,10,642110.0,44,3,3,5,11,Loyal Customers,Deepak Shah,Male,51,North,New
CUST04911,2024-01-19,7,295538.0,347,1,2,3,6,Hibernating,Mahi Joshi,Female,61,South,New
CUST04912,2024-11-29,11,125903.0,32,4,4,1,9,At Risk,Sonal Patel,Female,31,North,Returning
CUST04913,2024-12-07,5,50127.0,24,4,1,1,6,Hibernating,Ramesh Chatterjee,Male,33,South,Returning
CUST04914,2024-05-26,8,136097.0,219,1,2,1,4,Hibernating,Ishaan Gupta,Male,60,West,New
CUST04915,2024-07-06,11,119788.0,178,1,4,1,6,Hibernating,Reyansh Joshi,Male,26,South,Returning
CUST04916,2024-11-10,11,145761.5,51,3,4,1,8,At Risk,Kavya Gupta,Female,27,Central,New
CUST04917,2024-09-13,7,164936.5,109,2,2,1,5,Hibernating,Manish Joshi,Male,34,North,Returning
CUST04918,2024-10-06,8,323405.0,86,2,2,3,7,At Risk,Ishaan Iyer,Male,29,North,New
CUST04919,2024-12-07,9,180181.0,24,4,3,2,9,At Risk,Divya Chatterjee,Female,23,Central,Returning
CUST04920,2024-11-09,11,804352.0,52,3,4,5,12,Loyal Customers,Reyansh Nair,Male,36,East,Returning
CUST04921,2024-11-02,8,179004.0,59,3,2,2,7,At Risk,Nisha Patel,Female,60,South,Returning
CUST04922,2024-12-29,13,897095.0,2,5,5,5,15,Champions,Sneha Yadav,Female,58,North,New
CUST04923,2024-12-06,5,91312.0,25,4,1,1,6,Hibernating,Anjali Gupta,Female,46,East,New
CUST04924,2024-09-22,15,885541.5,100,2,5,5,12,Loyal Customers,Nisha Chatterjee,Female,23,South,Returning
CUST04925,2024-07-22,11,993177.5,162,1,4,5,10,Loyal Customers,Ramesh Das,Male,42,Central,Returning
CUST04926,2024-10-20,11,917532.0,72,2,4,5,11,Loyal Customers,Manish Mishra,Male,41,North,New
CUST04927,2024-12-19,16,547062.0,12,5,5,4,14,Champions,Arjun Bose,Male,42,South,Returning
CUST04928,2023-11-06,6,133945.0,421,1,1,1,3,Lost,Aarav Yadav,Male,33,South,Returning
CUST04929,2024-10-31,12,337250.0,61,3,4,3,10,Loyal Customers,Kavya Patel,Female,33,North,New
CUST04930,2024-02-09,6,415320.0,326,1,1,3,5,Hibernating,Riya Jain,Female,23,Central,New
CUST04931,2024-12-26,11,499026.0,5,5,4,4,13,Champions,Prateek Kumar,Male,54,South,Returning
CUST04932,2024-12-20,10,170812.0,11,5,3,2,10,Loyal Customers,Prateek Gupta,Male,38,West,New
CUST04933,2024-12-08,10,151464.0,23,4,3,1,8,At Risk,Pooja Yadav,Female,21,North,Returning
CUST04934,2024-11-07,6,32288.5,54,3,1,1,5,Hibernating,Kiran Iyer,Male,51,East,Returning
CUST04935,2024-11-26,12,755562.0,35,4,4,5,13,Champions,Kiran Iyer,Male,45,West,New
CUST04936,2024-10-05,12,547965.0,87,2,4,4,10,Loyal Customers,Suresh Shah,Male,55,South,Returning
CUST04937,2024-01-02,13,1009830.0,364,1,5,5,11,Loyal Customers,Simran Bose,Female,58,North,New
CUST04938,2024-12-27,14,1148274.0,4,5,5,5,15,Champions,Pari Reddy,Female,45,East,New
CUST04939,2024-11-17,6,302688.0,44,3,1,3,7,At Risk,Navya Bose,Female,34,West,New
CUST04940,2024-10-24,5,555380.0,68,3,1,4,8,At Risk,Mahi Kumar,Female,31,North,Returning
CUST04941,2023-10-13,6,41508.0,445,1,1,1,3,Lost,Reyansh Sharma,Male,24,North,Returning
CUST04942,2024-08-18,10,391322.0,135,2,3,3,8,At Risk,Aarav Das,Male,39,West,New
CUST04943,2024-11-28,11,258031.0,33,4,4,2,10,Loyal Customers,Sneha Bose,Female,18,South,New
CUST04944,2024-12-10,15,333394.0,21,4,5,3,12,Loyal Customers,Suresh Mishra,Male,46,North,Returning
CUST04945,2024-12-23,16,940024.0,8,5,5,5,15,Champions,Anjali Pillai,Female,48,North,New
CUST04946,2024-10-20,12,480378.0,72,2,4,4,10,Loyal Customers,Anjali Bose,Female,47,North,New
CUST04947,2024-10-27,13,304344.0,65,3,5,3,11,Loyal Customers,Riya Agarwal,Female,32,North,New
CUST04948,2024-11-19,9,848150.0,42,3,3,5,11,Loyal Customers,Pari Mishra,Female,35,West,Returning
CUST04949,2023-11-11,4,198966.0,416,1,1,2,4,Hibernating,Ananya Singh,Female,52,South,New
CUST04950,2024-12-03,6,81155.5,28,4,1,1,6,Hibernating,Anjali Agarwal,Female,47,West,Returning
CUST04951,2024-10-11,12,992742.0,81,2,4,5,11,Loyal Customers,Sai Mehta,Male,51,South,Returning
CUST04952,2024-10-21,7,285431.0,71,2,2,2,6,Hibernating,Ramesh Nair,Male,59,East,Returning
CUST04953,2024-06-13,5,216596.0,201,1,1,2,4,Hibernating,Amit Das,Male,28,East,Returning
CUST04954,2024-12-01,12,531709.0,30,4,4,4,12,Loyal Customers,Nisha Pillai,Female,44,Central,Returning
CUST04955,2024-12-03,10,62455.0,28,4,3,1,8,At Risk,Vivaan Yadav,Male,41,North,Returning
CUST04956,2024-11-30,8,379383.0,31,4,2,3,9,At Risk,Kavya Joshi,Female,52,West,Returning
CUST04957,2024-05-04,10,491561.0,241,1,3,4,8,At Risk,Ayaan Bose,Male,56,East,Returning
CUST04958,2024-08-09,12,621791.0,144,2,4,4,10,Loyal Customers,Ananya Pillai,Female,25,North,Returning
CUST04959,2024-12-21,6,383828.0,10,5,1,3,9,At Risk,Aarav Kumar,Male,35,East,New
CUST04960,2024-12-05,9,131092.0,26,4,3,1,8,At Risk,Pooja Jain,Female,30,West,Returning
CUST04961,2024-09-22,5,110525.0,100,2,1,1,4,Hibernating,Kiran Kumar,Male,62,West,New
CUST04962,2024-08-06,7,599024.0,147,2,2,4,8,At Risk,Krishna Joshi,Male,41,North,New
CUST04963,2024-10-29,5,60170.0,63,3,1,1,5,Hibernating,Manish Agarwal,Male,40,West,Returning
CUST04964,2024-12-15,15,682130.0,16,5,5,5,15,Champions,Diya Sharma,Female,29,West,Returning
CUST04965,2024-12-05,14,740138.5,26,4,5,5,14,Champions,Vihaan Patel,Male,47,North,Returning
CUST04966,2024-12-13,11,310895.5,18,4,4,3,11,Loyal Customers,Suresh Yadav,Male,48,North,Returning
CUST04967,2024-11-15,11,480257.0,46,3,4,4,11,Loyal Customers,Divya Patel,Female,45,North,Returning
CUST04968,2024-12-05,10,163336.5,26,4,3,1,8,At Risk,Sonal Mehta,Female,39,North,Returning
CUST04969,2024-12-30,11,178255.0,1,5,4,2,11,Loyal Customers,Kavya Gupta,Female,61,East,Returning
CUST04970,2024-12-16,7,191769.0,15,5,2,2,9,At Risk,Ramesh Nair,Male,45,Central,Returning
CUST04971,2024-11-19,7,46456.0,42,3,2,1,6,Hibernating,Ishaan Das,Male,30,Central,Returning
CUST04972,2024-04-20,10,404942.0,255,1,3,3,7,At Risk,Meera Yadav,Female,42,North,Returning
CUST04973,2024-12-05,16,415818.0,26,4,5,3,12,Loyal Customers,Deepak Iyer,Male,61,South,Returning
CUST04974,2024-11-14,11,703975.0,47,3,4,5,12,Loyal Customers,Kavya Patel,Female,63,North,New
CUST04975,2024-07-12,12,859478.0,172,1,4,5,10,Loyal Customers,Vihaan Agarwal,Male,24,Central,New
CUST04976,2024-11-25,5,86697.5,36,4,1,1,6,Hibernating,Amit Kumar,Male,62,Central,New
CUST04977,2024-12-06,10,368013.0,25,4,3,3,10,Loyal Customers,Krishna Mehta,Male,23,North,Returning
CUST04978,2024-01-11,10,567708.0,355,1,3,4,8,At Risk,Suresh Iyer,Male,41,East,Returning
CUST04979,2024-09-09,13,243251.0,113,2,5,2,9,At Risk,Aarav Gupta,Male,36,East,New
CUST04980,2024-10-19,10,160513.0,73,2,3,1,6,Hibernating,Nikhil Sharma,Male,36,South,New
CUST04981,2024-11-28,7,175734.5,33,4,2,2,8,At Risk,Anika Patel,Female,53,West,New
CUST04982,2024-07-31,9,389087.0,153,1,3,3,7,At Risk,Ramesh Das,Male,26,North,Returning
CUST04983,2024-12-26,10,123813.0,5,5,3,1,9,At Risk,Kavya Iyer,Female,53,South,New
CUST04984,2024-09-05,8,371673.0,117,2,2,3,7,At Risk,Kavya Gupta,Female,55,North,New
CUST04985,2024-12-19,8,678368.0,12,5,2,5,12,Loyal Customers,Diya Pillai,Female,57,West,Returning
CUST04986,2024-10-25,8,340345.0,67,3,2,3,8,At Risk,Sai Kumar,Male,46,South,New
CUST04987,2024-12-12,8,85606.0,19,4,2,1,7,At Risk,Mahi Bose,Female,41,East,Returning
CUST04988,2024-10-20,11,161649.0,72,2,4,1,7,At Risk,Diya Das,Female,22,North,Returning
CUST04989,2024-11-10,8,253642.0,51,3,2,2,7,At Risk,Anika Chatterjee,Female,59,West,Returning
CUST04990,2024-12-08,12,340755.0,23,4,4,3,11,Loyal Customers,Divya Mehta,Female,62,East,New
CUST04991,2024-02-06,7,79617.0,329,1,2,1,4,Hibernating,Diya Mehta,Female,43,South,Returning
CUST04992,2024-08-10,13,445739.0,143,2,5,4,11,Loyal Customers,Ananya Gupta,Female,31,North,Returning
CUST04993,2024-08-04,6,81666.0,149,1,1,1,3,Lost,Reyansh Nair,Male,56,South,New
CUST04994,2024-11-26,16,925681.5,35,4,5,5,14,Champions,Kavya Chatterjee,Female,46,North,New
CUST04995,2024-11-29,15,746928.0,32,4,5,5,14,Champions,Manish Singh,Male,23,West,New
CUST04996,2024-11-30,10,159208.0,31,4,3,1,8,At Risk,Diya Patel,Female,24,North,Returning
CUST04997,2024-11-27,10,771723.0,34,4,3,5,12,Loyal Customers,Ishaan Patel,Male,54,Central,Returning
CUST04998,2024-12-05,4,381069.0,26,4,1,3,8,At Risk,Suresh Singh,Male,35,South,New
CUST04999,2024-10-10,9,130698.0,82,2,3,1,6,Hibernating,Pooja Patel,Female,40,Central,New
CUST05000,2024-11-17,11,312003.0,44,3,4,3,10,Loyal Customers,Priya Sharma,Female,61,East,Returning
